task_id,neighborhood,offset_count,exception_count,model_description_bits,wrapper_description_bits,total_description_bits,binary4_gate_upper_bound,onehot_gate_upper_bound,binary4_state_bits_per_cell,onehot_state_bits_per_cell,onehot_boundary_input_states,test_cells,binary4_dynamic_gate_upper_bound,onehot_dynamic_gate_upper_bound,compiled_checked,compiled_equivalent,binary4_invalid_rate,onehot_invalid_rate,direct_median_seconds,direct_p95_seconds,binary4_median_seconds,binary4_p95_seconds,onehot_median_seconds,onehot_p95_seconds,compile_skip_reason,dataset,split
025d127b,von_neumann_r1,5,15,409,8,417,733,525,4,10,11,100,73300,52500,1.0,1.0,0.0,0.0,0.00018624099902808666,0.00019740208517760038,0.0005728160031139851,0.000606287969276309,0.00041959097143262625,0.00043997797183692455,,ARC-AGI-1,training
09629e4f,von_neumann_r2,13,226,12761,8,12769,22476,9718,4,10,11,121,2719596,1175878,1.0,1.0,0.0,0.0,0.0003048590151593089,0.00032913510221987963,0.007765850983560085,0.007872708956710994,0.007478608982637525,0.007501234067603946,,ARC-AGI-1,training
0962bcdd,moore_r2,25,43,4646,8,4654,8504,2365,4,10,11,144,1224576,340560,1.0,1.0,0.0,0.0,0.0004489750135689974,0.000459585920907557,0.0016885539516806602,0.0017877599457278848,0.002203345065936446,0.0022129269782453775,,ARC-AGI-1,training
0ca9ddb6,moore_r1,9,12,555,8,563,968,468,4,10,11,81,78408,37908,1.0,1.0,0.0,0.0,0.00017988006584346294,0.00018792692571878433,0.0004850560799241066,0.0004983010003343225,0.00041048298589885235,0.0004251040518283844,,ARC-AGI-1,training
0d3d703e,center,1,8,84,8,92,148,248,4,10,11,9,1332,2232,1.0,1.0,0.0,0.0,3.2773008570075035e-05,4.244898445904255e-05,0.0002986419713124633,0.0003339779796078801,0.0001939120702445507,0.00020629505161195993,,ARC-AGI-1,training
0dfd9992,moore_r2,25,179,18794,8,18802,33820,9845,4,10,11,441,14914620,4341645,1.0,1.0,0.0,0.0,0.0013439529575407505,0.0013539450010284781,0.008826255914755166,0.008865472045727074,0.01075308199506253,0.010804487043060362,,ARC-AGI-1,training
11852cab,moore_r1,9,9,435,8,443,738,351,4,10,11,100,73800,35100,1.0,1.0,0.0,0.0,0.00021103001199662685,0.00021898397244513035,0.00038730702362954617,0.0004175429930910468,0.00033779197838157415,0.00034675898496061563,,ARC-AGI-1,training
150deff5,moore_r2,25,56,5998,8,6006,10546,3080,4,10,11,88,928048,271040,1.0,1.0,0.0,0.0,0.0002934710355475545,0.0003028849605470896,0.0020108750322833657,0.00205217394977808,0.0026990239275619388,0.0027149319648742676,,ARC-AGI-1,training
1e0a9b12,von_neumann_r2,13,20,1220,8,1228,2073,860,4,10,11,25,51825,21500,1.0,1.0,0.0,0.0,8.510309271514416e-05,9.589106775820255e-05,0.0007287140469998121,0.000769756967201829,0.0006861650617793202,0.000697238021530211,,ARC-AGI-1,training
22168020,moore_r2,25,42,4542,8,4550,8418,2310,4,10,11,100,841800,231000,1.0,1.0,0.0,0.0,0.00032511597964912653,0.0003386579919606447,0.0015624500811100006,0.0016509749693796039,0.0020695439307019114,0.0021229470148682594,,ARC-AGI-1,training
228f6490,moore_r2,25,56,5998,8,6006,10156,3080,4,10,11,100,1015600,308000,1.0,1.0,0.0,0.0,0.0003255939809605479,0.00033564004115760326,0.0020396639592945576,0.0020813680021092296,0.0027123449835926294,0.002742917975410819,,ARC-AGI-1,training
25d8a9c8,center_wire_+0_-1,2,21,282,8,290,514,672,4,10,11,9,4626,6048,1.0,1.0,0.0,0.0,3.5236007533967495e-05,4.687102045863867e-05,0.0006839599227532744,0.0007422009948641062,0.000416586990468204,0.0004295490216463804,,ARC-AGI-1,training
25ff71a9,center_wire_-1_+0,2,5,86,8,94,131,160,4,10,11,18,2358,2880,1.0,1.0,0.0,0.0,6.502505857497454e-05,7.922493387013674e-05,0.00042341300286352634,0.00046098604798316956,0.0003027321072295308,0.00033197097945958376,,ARC-AGI-1,training
29623171,moore_r2,25,48,5166,8,5174,8729,2640,4,10,11,121,1056209,319440,1.0,1.0,0.0,0.0,0.00038160907570272684,0.00039858603850007057,0.001814501010812819,0.0019184970296919346,0.0024075719993561506,0.0024173640413209796,,ARC-AGI-1,training
29ec7d0e,von_neumann_r2,13,156,8841,8,8849,16690,6708,4,10,11,324,5407560,2173392,1.0,1.0,0.0,0.0,0.000731018022634089,0.0007652899948880076,0.006753968074917793,0.006900345906615257,0.006046016933396459,0.006069117924198508,,ARC-AGI-1,training
2bcee788,moore_r2,25,195,20458,8,20466,39524,10725,4,10,11,100,3952400,1072500,1.0,1.0,0.0,0.0,0.00035444903187453747,0.0003721619723364711,0.006846352014690638,0.0068778470158576965,0.009245422086678445,0.009269329020753503,,ARC-AGI-1,training
31aa019c,von_neumann_r2,13,79,4526,8,4534,8466,3397,4,10,11,100,846600,339700,1.0,1.0,0.0,0.0,0.00024868303444236517,0.0002738969633355737,0.0027957219863310456,0.0028462629998102784,0.0026460830122232437,0.0026657989947125316,,ARC-AGI-1,training
321b1fc6,von_neumann_r2,13,31,1837,8,1845,3337,1333,4,10,11,100,333700,133300,1.0,1.0,0.0,0.0,0.00024491094518452883,0.00026936607901006937,0.0012094560079276562,0.0012406050227582455,0.0010991690214723349,0.0011452949838712811,,ARC-AGI-1,training
32597951,von_neumann_r1,5,18,481,8,489,856,630,4,10,11,289,247384,182070,1.0,1.0,0.0,0.0,0.00047682097647339106,0.0004914639284834266,0.0008569629862904549,0.0008720660116523504,0.0006137141026556492,0.0013693210203200579,,ARC-AGI-1,training
3345333e,von_neumann_r2,13,28,1668,8,1676,2781,1204,4,10,11,256,711936,308224,1.0,1.0,0.0,0.0,0.0005747100804001093,0.0005864830454811454,0.0012869590427726507,0.0013184089912101626,0.0011489229509606957,0.0011760630877688527,,ARC-AGI-1,training
3618c87e,center_wire_-1_+0,2,2,49,8,57,51,64,4,10,11,25,1275,1600,1.0,1.0,0.0,0.0,5.549797788262367e-05,6.688199937343597e-05,0.00012579094618558884,0.0001451720017939806,0.00010436400771141052,0.00011646910570561886,,ARC-AGI-1,training
36d67576,moore_r2,25,23,2565,8,2573,4699,1265,4,10,11,210,986790,265650,1.0,1.0,0.0,0.0,0.0006277660140767694,0.0006393630756065249,0.0010509589919820428,0.0010986599372699857,0.0013392979744821787,0.0013527149567380548,,ARC-AGI-1,training
36fdfd69,moore_r1,9,39,1637,8,1645,2969,1521,4,10,11,306,908514,465426,1.0,1.0,0.0,0.0,0.0005903950659558177,0.0005984590388834476,0.0017795440508052707,0.0017980539705604315,0.0013949060812592506,0.0014057009248062968,,ARC-AGI-1,training
3906de3d,moore_r2,25,38,4126,8,4134,7462,2090,4,10,11,100,746200,209000,1.0,1.0,0.0,0.0,0.0003243810497224331,0.00033382896799594164,0.0014259800082072616,0.0014645939227193594,0.0018980249296873808,0.0019183540716767311,,ARC-AGI-1,training
3aa6fb7a,von_neumann_r1,5,3,117,8,125,150,105,4,10,11,49,7350,5145,1.0,1.0,0.0,0.0,0.00010232802014797926,0.00011478201486170292,0.0001666550524532795,0.00021547102369368076,0.00014510098844766617,0.00015671795699745417,,ARC-AGI-1,training
3befdf3e,von_neumann_r2,13,85,4862,8,4870,9144,3655,4,10,11,144,1316736,526320,1.0,1.0,0.0,0.0,0.00034111307468265295,0.00036049308255314827,0.0031485639046877623,0.003199345897883177,0.002938114106655121,0.0029542020056396723,,ARC-AGI-1,training
3c9b0459,von_neumann_r1,5,24,625,8,633,1065,840,4,10,11,9,9585,7560,1.0,1.0,0.0,0.0,3.9699021726846695e-05,5.13510312885046e-05,0.0007860589539632201,0.0008215249981731176,0.0005577029660344124,0.000571429030969739,,ARC-AGI-1,training
3eda0437,moore_r2,25,33,3606,8,3614,6142,1815,4,10,11,96,589632,174240,1.0,1.0,0.0,0.0,0.00031363393645733595,0.0003228350542485714,0.0012494829716160893,0.0012746399734169245,0.0016504389932379127,0.0016710710478946567,,ARC-AGI-1,training
4258a5f9,moore_r1,9,21,916,8,924,1636,819,4,10,11,81,132516,66339,1.0,1.0,0.0,0.0,0.00018462399020791054,0.00019600905943661928,0.0008064820431172848,0.0008250989485532045,0.0006523709744215012,0.0006898069987073541,,ARC-AGI-1,training
42a50994,moore_r1,9,12,555,8,563,942,468,4,10,11,238,224196,111384,1.0,1.0,0.0,0.0,0.0004555298946797848,0.00046938599552959204,0.0005634260596707463,0.0006055720150470734,0.0004793639527633786,0.0004934709286317229,,ARC-AGI-1,training
4347f46a,von_neumann_r1,5,7,216,8,224,304,245,4,10,11,323,98192,79135,1.0,1.0,0.0,0.0,0.0005391049198806286,0.0005466840229928493,0.00039972097147256136,0.000492502935230732,0.0002982970327138901,0.0003241650993004441,,ARC-AGI-1,training
444801d8,moore_r2,25,52,5582,8,5590,10239,2860,4,10,11,100,1023900,286000,1.0,1.0,0.0,0.0,0.0003282809630036354,0.0003369000041857362,0.0019052110146731138,0.00201909092720598,0.0025262730196118355,0.002541877096518874,,ARC-AGI-1,training
4612dd53,moore_r2,25,33,3606,8,3614,6777,1815,4,10,11,169,1145313,306735,1.0,1.0,0.0,0.0,0.0005121050635352731,0.0005361340008676052,0.001375084975734353,0.0014160150894895196,0.00176046893466264,0.0017806680407375097,,ARC-AGI-1,training
50846271,von_neumann_r2,13,32,1893,8,1901,3206,1376,4,10,11,418,1340108,575168,1.0,1.0,0.0,0.0,0.0009465840412303805,0.0009576489683240652,0.0017245959024876356,0.0017512129852548242,0.0014551409985870123,0.0014840980293229222,,ARC-AGI-1,training
50cb2852,von_neumann_r1,5,3,117,8,125,136,105,4,10,11,182,24752,19110,1.0,1.0,0.0,0.0,0.0003150380216538906,0.00032927095890045166,0.00019322289153933525,0.00021261407528072596,0.0001660590060055256,0.00017837202176451683,,ARC-AGI-1,training
5168d44c,von_neumann_r2,13,30,1780,8,1788,3223,1290,4,10,11,119,383537,153510,1.0,1.0,0.0,0.0,0.00028381694573909044,0.00029519200325012207,0.0011807431001216173,0.001216956996358931,0.0010809330269694328,0.0010934079764410853,,ARC-AGI-1,training
543a7ed5,von_neumann_r2,13,80,4582,8,4590,7892,3440,4,10,11,225,1775700,774000,1.0,1.0,0.0,0.0,0.0005350449355319142,0.0005434209015220404,0.0032691449159756303,0.003292317967861891,0.0029736730502918363,0.0030276119941845536,,ARC-AGI-1,training
54d9e175,moore_r1,9,72,2958,8,2966,5397,2808,4,10,11,77,415569,216216,1.0,1.0,0.0,0.0,0.00018199405167251825,0.00019482499919831753,0.002444403013214469,0.002505643991753459,0.0020144189475104213,0.0020396800246089697,,ARC-AGI-1,training
5582e5ca,von_neumann_r1,5,18,481,8,489,796,630,4,10,11,9,7164,5670,1.0,1.0,0.0,0.0,3.968901000916958e-05,5.105603486299515e-05,0.0006116969743743539,0.0006457730196416378,0.0004369410453364253,0.00044549303129315376,,ARC-AGI-1,training
60b61512,von_neumann_r2,13,11,715,8,723,1202,473,4,10,11,81,97362,38313,1.0,1.0,0.0,0.0,0.00020308292005211115,0.00021780503448098898,0.00047075306065380573,0.0004874439910054207,0.00043977308087050915,0.00045476597733795643,,ARC-AGI-1,training
6150a2bd,moore_r1,9,16,716,8,724,1133,624,4,10,11,9,10197,5616,1.0,1.0,0.0,0.0,4.5060995034873486e-05,5.491194315254688e-05,0.0005568410269916058,0.0006257930072024465,0.00047298800200223923,0.0004881490021944046,,ARC-AGI-1,training
63613498,von_neumann_r2,13,12,771,8,779,1296,516,4,10,11,100,129600,51600,1.0,1.0,0.0,0.0,0.0002436720533296466,0.0002560259308665991,0.0004885870730504394,0.0005198919679969549,0.00048314500600099564,0.0004963480168953538,,ARC-AGI-1,training
67385a82,von_neumann_r1,5,18,481,8,489,812,630,4,10,11,25,20300,15750,1.0,1.0,0.0,0.0,6.598501931875944e-05,8.031202014535666e-05,0.000608831993304193,0.0006582969799637794,0.00044292700476944447,0.0004571849713101983,,ARC-AGI-1,training
67a3c6ac,moore_r1,9,72,2958,8,2966,4887,2808,4,10,11,9,43983,25272,1.0,1.0,0.0,0.0,4.867604002356529e-05,5.9348996728658676e-05,0.0022257249802351,0.002251356956548989,0.0019031520932912827,0.0019069990376010537,,ARC-AGI-1,training
67a423a3,moore_r1,9,24,1036,8,1044,1815,936,4,10,11,144,261360,134784,1.0,1.0,0.0,0.0,0.0002897090744227171,0.00030001404229551554,0.000964554026722908,0.000994875910691917,0.0007757929852232337,0.0008074759971350431,,ARC-AGI-1,training
68b16354,von_neumann_r1,5,78,1923,8,1931,3437,2730,4,10,11,49,168413,133770,1.0,1.0,0.0,0.0,0.0001047580735757947,0.00011934805661439896,0.0025182069512084126,0.002535684034228325,0.0017400970682501793,0.0017487889854237437,,ARC-AGI-1,training
6c434453,von_neumann_r2,13,27,1612,8,1620,2883,1161,4,10,11,100,288300,116100,1.0,1.0,0.0,0.0,0.00024792097974568605,0.0002608690410852432,0.001049373997375369,0.0010801110183820128,0.0009617150062695146,0.0009743979899212718,,ARC-AGI-1,training
6cf79266,von_neumann_r2,13,36,2117,8,2125,3806,1548,4,10,11,400,1522400,619200,1.0,1.0,0.0,0.0,0.0009079329902306199,0.0009252539603039622,0.0018708619754761457,0.001905683078803122,0.0016049520345404744,0.001619642018340528,,ARC-AGI-1,training
6d0160f0,moore_r1,9,110,4478,8,4486,8072,4290,4,10,11,121,976712,519090,1.0,1.0,0.0,0.0,0.00025445607025176287,0.00027065095491707325,0.0038689200300723314,0.003914202097803354,0.003171939984895289,0.003186961985193193,,ARC-AGI-1,training
6d75e8bb,von_neumann_r2,13,33,1949,8,1957,3663,1419,4,10,11,99,362637,140481,1.0,1.0,0.0,0.0,0.00024390697944909334,0.0002560459543019533,0.001254078932106495,0.001261020079255104,0.0011603930033743382,0.001172450021840632,,ARC-AGI-1,training
6e02f1e3,von_neumann_r2,13,45,2621,8,2629,4223,1935,4,10,11,9,38007,17415,1.0,1.0,0.0,0.0,5.307001993060112e-05,6.549700628966093e-05,0.0014321140479296446,0.0014638389693573117,0.0014285009820014238,0.0014446239219978452,,ARC-AGI-1,training
6e82a1ae,von_neumann_r2,13,42,2453,8,2461,4472,1806,4,10,11,100,447200,180600,1.0,1.0,0.0,0.0,0.0002493220381438732,0.000259727006778121,0.0015396069502457976,0.001574801979586482,0.0014354720478877425,0.0014469060115516186,,ARC-AGI-1,training
6f8cd79b,von_neumann_r1,5,8,240,8,248,392,280,4,10,11,42,16464,11760,1.0,1.0,0.0,0.0,9.504298213869333e-05,0.0001060140784829855,0.000319219077937305,0.0003679729998111725,0.00024499092251062393,0.0002574661048129201,,ARC-AGI-1,training
73251a56,von_neumann_r2,13,131,7441,8,7449,13920,5633,4,10,11,441,6138720,2484153,1.0,1.0,0.0,0.0,0.0010210629552602768,0.001031094929203391,0.006124082021415234,0.006244217976927757,0.005500094965100288,0.0055272390600293875,,ARC-AGI-1,training
74dd1130,von_neumann_r1,5,18,481,8,489,794,630,4,10,11,9,7146,5670,1.0,1.0,0.0,0.0,4.0165032260119915e-05,5.063891876488924e-05,0.0006047890055924654,0.0006259781075641513,0.00043458095751702785,0.00044310500379651785,,ARC-AGI-1,training
794b24be,moore_r2,25,42,4542,8,4550,7433,2310,4,10,11,18,133794,41580,1.0,1.0,0.0,0.0,0.00013949605636298656,0.00015558593440800905,0.0027098009595647454,0.0027305909898132086,0.00385763100348413,0.0038711419329047203,,ARC-AGI-1,training
7e0986d6,von_neumann_r1,5,21,553,8,561,998,735,4,10,11,204,203592,149940,1.0,1.0,0.0,0.0,0.00034302507992833853,0.00035689794458448887,0.0008404329419136047,0.000893782009370625,0.0006072020623832941,0.0006263739196583629,,ARC-AGI-1,training
7f4411dc,von_neumann_r1,5,13,360,8,368,623,455,4,10,11,100,62300,45500,1.0,1.0,0.0,0.0,0.00018195295706391335,0.00019394198898226023,0.0004984720144420862,0.0005172699457034469,0.00037146906834095716,0.00039803492836654186,,ARC-AGI-1,training
810b9b61,moore_r2,25,58,6206,8,6214,11542,3190,4,10,11,144,1662048,459360,1.0,1.0,0.0,0.0,0.000451595988124609,0.0004622410051524639,0.0022247559390962124,0.0022394380066543818,0.0029191229259595275,0.004061311017721891,,ARC-AGI-1,training
85c4e7cd,moore_r1,9,196,7921,8,7929,13972,7644,4,10,11,196,2738512,1498224,1.0,1.0,0.0,0.0,0.0003978769527748227,0.0004141980316489935,0.007214030018076301,0.007235125987790525,0.0058697330532595515,0.0058863559970632195,,ARC-AGI-1,training
890034e9,von_neumann_r2,13,46,2677,8,2685,4893,1978,4,10,11,441,2157813,872298,1.0,1.0,0.0,0.0,0.0009722450049594045,0.001034124055877328,0.0024150339886546135,0.0024656510213389993,0.0020417029736563563,0.0020573079818859696,,ARC-AGI-1,training
913fb3ed,moore_r1,9,30,1276,8,1284,2440,1170,4,10,11,256,624640,299520,1.0,1.0,0.0,0.0,0.0005004149861633778,0.0005081190029159188,0.001393526908941567,0.001413743942975998,0.0010422359919175506,0.0010557250352576375,,ARC-AGI-1,training
91714a58,von_neumann_r1,5,196,4758,8,4766,9218,6860,4,10,11,256,2359808,1756160,1.0,1.0,0.0,0.0,0.0004385319771245122,0.0004541300004348159,0.007482984918169677,0.007526418077759445,0.0050688209012150764,0.005095405038446188,,ARC-AGI-1,training
93b581b8,moore_r2,25,41,4438,8,4446,7548,2255,4,10,11,36,271728,81180,1.0,1.0,0.0,0.0,0.0001456539612263441,0.000158573966473341,0.0013926130486652255,0.0014108640607446432,0.0019461510237306356,0.0019539390923455358,,ARC-AGI-1,training
952a094c,von_neumann_r2,13,24,1444,8,1452,2572,1032,4,10,11,100,257200,103200,1.0,1.0,0.0,0.0,0.0002453399356454611,0.0002566329203546047,0.0009208840783685446,0.0009782210690900683,0.0008633820107206702,0.0008996879914775491,,ARC-AGI-1,training
9565186b,center_wire_-1_+0,2,11,161,8,169,281,352,4,10,11,9,2529,3168,1.0,1.0,0.0,0.0,3.3942051231861115e-05,4.452292341738939e-05,0.00038263294845819473,0.00042767904233187437,0.0002528850454837084,0.00026237801648676395,,ARC-AGI-1,training
95990924,moore_r1,9,4,232,8,240,328,156,4,10,11,225,73800,35100,1.0,1.0,0.0,0.0,0.0004415669245645404,0.0004501580260694027,0.0002599409781396389,0.000273142009973526,0.00023450201842933893,0.0002474739449098706,,ARC-AGI-1,training
9dfd6313,moore_r2,25,18,2045,8,2053,3227,990,4,10,11,36,116172,35640,1.0,1.0,0.0,0.0,0.00014285894576460123,0.00015273108147084713,0.0006657110061496496,0.0006896129343658686,0.0009108439553529024,0.0009387449827045202,,ARC-AGI-1,training
9edfc990,von_neumann_r2,13,255,14386,8,14394,26725,10965,4,10,11,256,6841600,2807040,1.0,1.0,0.0,0.0,0.0005927890306338668,0.0006048940122127533,0.010326671996153891,0.010575764928944409,0.00927881000097841,0.00928852497600019,,ARC-AGI-1,training
a1570a43,moore_r2,25,58,6206,8,6214,11466,3190,4,10,11,80,917280,255200,1.0,1.0,0.0,0.0,0.0002703439677134156,0.0002831419697031379,0.0020446840208023787,0.0020770280389115214,0.0027609909884631634,0.002783020958304405,,ARC-AGI-1,training
a5313dff,von_neumann_r2,13,22,1332,8,1340,2405,946,4,10,11,81,194805,76626,1.0,1.0,0.0,0.0,0.00020989810582250357,0.0002201369497925043,0.000843557994812727,0.0008701300248503685,0.0007882460486143827,0.0008233139524236321,,ARC-AGI-1,training
a699fb00,von_neumann_r1,5,3,117,8,125,146,105,4,10,11,100,14600,10500,1.0,1.0,0.0,0.0,0.0001818080199882388,0.00019341905135661364,0.0001765700289979577,0.0001903800293803215,0.0001498389756307006,0.0001602099509909749,,ARC-AGI-1,training
a79310a0,center_wire_-1_+0,2,4,74,8,82,105,128,4,10,11,25,2625,3200,1.0,1.0,0.0,0.0,5.6058051995933056e-05,6.586592644453049e-05,0.00018479593563824892,0.00019982503727078438,0.00013856904115527868,0.00014775805175304413,,ARC-AGI-1,training
a85d4709,von_neumann_r1,5,30,769,8,777,1400,1050,4,10,11,9,12600,9450,1.0,1.0,0.0,0.0,4.0585058741271496e-05,5.0727976486086845e-05,0.0009515259880572557,0.0009953390108421445,0.00069405697286129,0.0006976979784667492,,ARC-AGI-1,training
a8d7556c,von_neumann_r2,13,62,3573,8,3581,6422,2666,4,10,11,324,2080728,863784,1.0,1.0,0.0,0.0,0.00074084906373173,0.0007634179200977087,0.002818766050040722,0.002859206055290997,0.0024807520676404238,0.00250180100556463,,ARC-AGI-1,training
a9f96cdd,moore_r1,9,14,635,8,643,1082,546,4,10,11,15,16230,8190,1.0,1.0,0.0,0.0,5.7030003517866135e-05,6.78549986332655e-05,0.0004921490326523781,0.0005128129851073027,0.0004298189887776971,0.0004446550738066435,,ARC-AGI-1,training
aabf363d,center,1,4,49,8,57,74,124,4,10,11,49,3626,6076,1.0,1.0,0.0,0.0,8.037197403609753e-05,8.931208867579699e-05,0.0001911899307742715,0.0002107640029862523,0.00013354502152651548,0.00014225102495402098,,ARC-AGI-1,training
aedd82e4,von_neumann_r1,5,3,117,8,125,145,105,4,10,11,20,2900,2100,1.0,1.0,0.0,0.0,5.555397365242243e-05,6.561307236552238e-05,0.0001597820082679391,0.00016863597556948662,0.00013498798944056034,0.00014372600708156824,,ARC-AGI-1,training
b1948b0a,center,1,1,24,8,32,18,31,4,10,11,16,288,496,1.0,1.0,0.0,0.0,4.17809933423996e-05,4.964298568665981e-05,9.477802086621523e-05,0.0001060019712895155,7.997301872819662e-05,9.069498628377914e-05,,ARC-AGI-1,training
b230c067,von_neumann_r2,13,62,3573,8,3581,6706,2666,4,10,11,100,670600,266600,1.0,1.0,0.0,0.0,0.000250010984018445,0.000262858928181231,0.0022196719655767083,0.00222877599298954,0.00207744596991688,0.002085670013912022,,ARC-AGI-1,training
b27ca6d3,moore_r2,25,29,3189,8,3197,5798,1595,4,10,11,272,1577056,433840,1.0,1.0,0.0,0.0,0.0008434080518782139,0.0008462950354442,0.0013730470091104507,0.0013909750850871205,0.001707897987216711,0.0017204399919137359,,ARC-AGI-1,training
b2862040,moore_r2,25,88,9327,8,9335,15036,4840,4,10,11,240,3608640,1161600,1.0,1.0,0.0,0.0,0.0007263179868459702,0.0007679470581933856,0.003695168998092413,0.003704471979290247,0.004716870957054198,0.005441060056909919,,ARC-AGI-1,training
b60334d2,moore_r1,9,18,796,8,804,1418,702,4,10,11,81,114858,56862,1.0,1.0,0.0,0.0,0.0001838069874793291,0.00019704306032508612,0.0006768660387024283,0.000695639057084918,0.0005723959766328335,0.0005834120092913508,,ARC-AGI-1,training
b6afb2da,von_neumann_r1,5,19,505,8,513,830,665,4,10,11,100,83000,66500,1.0,1.0,0.0,0.0,0.00019170891027897596,0.00020333100110292435,0.0007030059350654483,0.0007193590281531215,0.0009958420414477587,0.0013004570500925183,,ARC-AGI-1,training
b8825c91,von_neumann_r2,13,78,4470,8,4478,7684,3354,4,10,11,256,1967104,858624,1.0,1.0,0.0,0.0,0.0005767910042777658,0.0005910209147259593,0.0032048700377345085,0.0032196170650422573,0.002936735050752759,0.002942809951491654,,ARC-AGI-1,training
b8cdaf2b,moore_r2,25,12,1420,8,1428,2256,660,4,10,11,81,182736,53460,1.0,1.0,0.0,0.0,0.00026890402659773827,0.00027910491917282343,0.0005120330024510622,0.000532468082383275,0.0006703129038214684,0.0006799420807510614,,ARC-AGI-1,training
ba97ae07,von_neumann_r1,5,5,165,8,173,222,175,4,10,11,66,14652,11550,1.0,1.0,0.0,0.0,0.00012800795957446098,0.00014000700321048498,0.000234873965382576,0.00024905207101255655,0.00018715602345764637,0.00019971095025539398,,ARC-AGI-1,training
bb43febb,von_neumann_r1,5,1,68,8,76,42,35,4,10,11,100,4200,3500,1.0,1.0,0.0,0.0,0.00018453400116413832,0.00019719102419912815,0.00010944704990833998,0.00012446590699255466,0.0001022369833663106,0.00011521496344357729,,ARC-AGI-1,training
bda2d7a6,von_neumann_r1,5,68,1683,8,1691,3092,2380,4,10,11,100,309200,238000,1.0,1.0,0.0,0.0,0.00021151499822735786,0.00023519201204180717,0.004435290000401437,0.004501753952354193,0.0030542101012542844,0.0030663120560348034,,ARC-AGI-1,training
beb8660c,von_neumann_r2,13,48,2789,8,2797,5024,2064,4,10,11,88,442112,181632,1.0,1.0,0.0,0.0,0.00022388400975614786,0.00023763300850987434,0.0017108580796048045,0.0017163869924843311,0.0016171300085261464,0.0016431560507044196,,ARC-AGI-1,training
c0f76784,von_neumann_r2,13,21,1276,8,1284,2182,903,4,10,11,144,314208,130032,1.0,1.0,0.0,0.0,0.000344360014423728,0.00035181897692382336,0.0008402389939874411,0.0009112999541684985,0.0008054659701883793,0.0008231910178437829,,ARC-AGI-1,training
c1d99e64,von_neumann_r2,13,93,5310,8,5318,9976,3999,4,10,11,675,6733800,2699325,1.0,1.0,0.0,0.0,0.0015239990316331387,0.0015292390016838908,0.005334187997505069,0.005562506034038961,0.004747799946926534,0.004789775004610419,,ARC-AGI-1,training
c3f564a4,von_neumann_r2,13,113,6430,8,6438,12173,4859,4,10,11,256,3116288,1243904,1.0,1.0,0.0,0.0,0.0005896579241380095,0.0005991419311612844,0.004577522980980575,0.004620078019797802,0.004190476960502565,0.004210014012642205,,ARC-AGI-1,training
c8f0f002,center,1,1,24,8,32,17,31,4,10,11,15,255,465,1.0,1.0,0.0,0.0,3.958400338888168e-05,4.860397893935442e-05,9.125599171966314e-05,0.00010988395661115646,7.908197585493326e-05,8.87010246515274e-05,,ARC-AGI-1,training
ce22a75a,moore_r1,9,21,916,8,924,1642,819,4,10,11,81,133002,66339,1.0,1.0,0.0,0.0,0.00018538301810622215,0.000209319987334311,0.0007981660310178995,0.0008289220277220011,0.0006518580485135317,0.000671523972414434,,ARC-AGI-1,training
d037b0a7,moore_r1,9,10,475,8,483,746,390,4,10,11,9,6714,3510,1.0,1.0,0.0,0.0,4.43729804828763e-05,5.42360357940197e-05,0.0003647339763119817,0.00038327707443386316,0.0003273140173405409,0.0003329699393361807,,ARC-AGI-1,training
d23f8c26,center_wire_+1_-1,2,11,161,8,169,272,352,4,10,11,49,13328,17248,1.0,1.0,0.0,0.0,0.0001846869708970189,0.00019904295913875103,0.0008542949799448252,0.0010137050412595272,0.000264802947640419,0.00028790708165615797,,ARC-AGI-1,training
d2abd087,moore_r2,25,79,8391,8,8399,15064,4345,4,10,11,100,1506400,434500,1.0,1.0,0.0,0.0,0.0003277489449828863,0.00033988291397690773,0.0028387720230966806,0.002873881021514535,0.0037847229978069663,0.003811058006249368,,ARC-AGI-1,training
d364b489,von_neumann_r1,5,15,409,8,417,741,525,4,10,11,100,74100,52500,1.0,1.0,0.0,0.0,0.00018450000789016485,0.00019543594680726528,0.0005739399930462241,0.0006013630190864205,0.0004201220581308007,0.00042959500569850206,,ARC-AGI-1,training
d511f180,center,1,2,32,8,40,37,62,4,10,11,16,592,992,1.0,1.0,0.0,0.0,4.137598443776369e-05,5.265907384455204e-05,0.00011916400399059057,0.00013792607933282852,9.6741016022861e-05,0.0001085581025108695,,ARC-AGI-1,training
d5d6de2d,von_neumann_r2,13,61,3517,8,3525,6685,2623,4,10,11,725,4846625,1901675,1.0,1.0,0.0,0.0,0.0016660400433465838,0.001672810991294682,0.005646083038300276,0.005671348073519766,0.005163119989447296,0.0052131799748167396,,ARC-AGI-1,training
d90796e8,von_neumann_r1,5,11,312,8,320,531,385,4,10,11,63,33453,24255,1.0,1.0,0.0,0.0,0.00012792297638952732,0.0001382549526169896,0.00042505806777626276,0.0004551149904727936,0.0003181399079039693,0.0003317269729450345,,ARC-AGI-1,training
dc1df850,moore_r1,9,25,1076,8,1084,1969,975,4,10,11,100,196900,97500,1.0,1.0,0.0,0.0,0.00021692004520446062,0.00022795004770159721,0.0009419689886271954,0.000962314079515636,0.0007715889951214194,0.000782618997618556,,ARC-AGI-1,training
dc433765,moore_r2,25,13,1524,8,1532,2514,715,4,10,11,130,326820,92950,1.0,1.0,0.0,0.0,0.00044276693370193243,0.0004590080352500081,0.0010652350028976798,0.0010972220916301012,0.001401220913976431,0.0014243520563468337,,ARC-AGI-1,training
e26a3af2,von_neumann_r1,5,89,2187,8,2195,3944,3115,4,10,11,225,887400,700875,1.0,1.0,0.0,0.0,0.00038200197741389275,0.00039441604167222977,0.0034042539773508906,0.003450098098255694,0.00231320399325341,0.002342481049709022,,ARC-AGI-1,training
e40b9e2f,von_neumann_r2,13,15,940,8,948,1672,645,4,10,11,100,167200,64500,1.0,1.0,0.0,0.0,0.00024336797650903463,0.00025504897348582745,0.0005980140995234251,0.0006187049439176917,0.0005784690147265792,0.0005884229904040694,,ARC-AGI-1,training
e5062a87,von_neumann_r2,13,32,1893,8,1901,3320,1376,4,10,11,100,332000,137600,1.0,1.0,0.0,0.0,0.00024571805261075497,0.00025785097386687994,0.001176071004010737,0.0012050209334120154,0.001122823916375637,0.0011302860220894217,,ARC-AGI-1,training
e73095fd,moore_r2,25,45,4854,8,4862,8440,2475,4,10,11,288,2430720,712800,1.0,1.0,0.0,0.0,0.0008608110947534442,0.000880730920471251,0.002082551014609635,0.0020967620657756925,0.002569622010923922,0.002589859999716282,,ARC-AGI-1,training
e76a88a6,moore_r2,25,39,4230,8,4238,7159,2145,4,10,11,100,715900,214500,1.0,1.0,0.0,0.0,0.00032719795126467943,0.0003358939429745078,0.001456793979741633,0.0015676399925723672,0.0019282540306448936,0.0019389399094507098,,ARC-AGI-1,training
e8593010,von_neumann_r2,13,74,4246,8,4254,7104,3182,4,10,11,100,710400,318200,1.0,1.0,0.0,0.0,0.00025343301240354776,0.0002631769748404622,0.0026161130517721176,0.0026452780002728105,0.0024555190466344357,0.002468910999596119,,ARC-AGI-1,training
ea786f4a,von_neumann_r2,13,24,1444,8,1452,2268,1032,4,10,11,121,274428,124872,1.0,1.0,0.0,0.0,0.00029226404149085283,0.0003029369981959462,0.0009490159573033452,0.0009659690549597144,0.0008850259473547339,0.0008967550238594413,,ARC-AGI-1,training
ed36ccf7,von_neumann_r1,5,18,481,8,489,824,630,4,10,11,9,7416,5670,1.0,1.0,0.0,0.0,3.8844067603349686e-05,4.8304093070328236e-05,0.0006025179754942656,0.0006295529892668128,0.00043376197572797537,0.00044273200910538435,,ARC-AGI-1,training
ef135b50,moore_r2,25,29,3189,8,3197,5833,1595,4,10,11,100,583300,159500,1.0,1.0,0.0,0.0,0.00032437697518616915,0.000335350981913507,0.0011116409441456199,0.0011294230353087187,0.0014633359387516975,0.0014787879772484303,,ARC-AGI-1,training
f76d97a5,von_neumann_r1,5,53,1322,8,1330,2238,1855,4,10,11,25,55950,46375,1.0,1.0,0.0,0.0,6.699399091303349e-05,8.306792005896568e-05,0.00165550597012043,0.0016723809530958533,0.0011959569528698921,0.0012080909218639135,,ARC-AGI-1,training
