task_id,selection_status,demonstration_pairs,test_pairs,candidates_considered,exact_training_candidates,collision_candidates,selection_seconds,lodo_pair_exact,lodo_cell_accuracy,novel_test_colors,novel_test_color_count,identity_pair_exact_rate,identity_task_exact,posthoc_oracle_local_exists,posthoc_oracle_neighborhood,posthoc_oracle_model_bits,outcome,selected_neighborhood,offset_count,exception_count,model_description_bits,wrapper_description_bits,total_description_bits,mean_test_support,min_test_support,labeled_pairs,pair_exact_count,pair_exact_rate,task_exact,pair_exact_count_pass_at_2,pair_exact_rate_pass_at_2,task_exact_pass_at_2,second_neighborhood,matching_shape_pairs,cell_accuracy,scored_cells,compiled_checked,compiled_equivalent,binary4_invalid_rate,onehot_invalid_rate,dataset,dataset_commit,split,task_index
007bbfb7,unsupported_shape_change,5,1,29,0,0,1.078401692211628e-05,,,,0,0.0,0.0,0.0,,,abstained,,0,0,,,,,,1,0,0.0,0.0,0,0.0,0.0,,0,,0,0.0,,,,ARC-AGI-1,aa922be204204ec148a1137fe6ed4d34ddde812b,training,1
00d62c1b,no_deterministic_local_rule,5,1,29,0,29,0.03958353807684034,,,,0,0.0,0.0,0.0,,,abstained,,0,0,,,,,,1,0,0.0,0.0,0,0.0,0.0,,0,,0,0.0,,,,ARC-AGI-1,aa922be204204ec148a1137fe6ed4d34ddde812b,training,2
017c7c7b,unsupported_shape_change,3,1,29,0,0,2.8460053727030754e-06,,,,0,0.0,0.0,0.0,,,abstained,,0,0,,,,,,1,0,0.0,0.0,0,0.0,0.0,,0,,0,0.0,,,,ARC-AGI-1,aa922be204204ec148a1137fe6ed4d34ddde812b,training,3
025d127b,selected,2,1,29,4,25,0.016896722023375332,0.0,0.8585858585858586,4,1,0.0,0.0,1.0,von_neumann_r1,553.0,predicted_incorrect,von_neumann_r1,5,15,409.0,8.0,417.0,0.5,0.5,1,0,0.0,0.0,0,0.0,0.0,,1,0.88,100,1.0,1.0,0.0,0.0,ARC-AGI-1,aa922be204204ec148a1137fe6ed4d34ddde812b,training,4
045e512c,no_deterministic_local_rule,3,1,29,0,29,0.0586827500956133,,,,0,0.0,0.0,0.0,,,abstained,,0,0,,,,,,1,0,0.0,0.0,0,0.0,0.0,,0,,0,0.0,,,,ARC-AGI-1,aa922be204204ec148a1137fe6ed4d34ddde812b,training,5
0520fde7,unsupported_shape_change,3,1,29,0,0,1.7880229279398918e-06,,,,0,0.0,0.0,0.0,,,abstained,,0,0,,,,,,1,0,0.0,0.0,0,0.0,0.0,,0,,0,0.0,,,,ARC-AGI-1,aa922be204204ec148a1137fe6ed4d34ddde812b,training,6
05269061,no_deterministic_local_rule,3,1,29,0,29,0.008829443017020822,,,,0,0.0,0.0,0.0,,,abstained,,0,0,,,,,,1,0,0.0,0.0,0,0.0,0.0,,0,,0,0.0,,,,ARC-AGI-1,aa922be204204ec148a1137fe6ed4d34ddde812b,training,7
05f2a901,no_deterministic_local_rule,3,1,29,0,29,0.016406208975240588,,,,0,0.0,0.0,0.0,,,abstained,,0,0,,,,,,1,0,0.0,0.0,0,0.0,0.0,,0,,0,0.0,,,,ARC-AGI-1,aa922be204204ec148a1137fe6ed4d34ddde812b,training,8
06df4c85,no_deterministic_local_rule,3,1,29,0,29,0.06598755193408579,,,,0,0.0,0.0,0.0,,,abstained,,0,0,,,,,,1,0,0.0,0.0,0,0.0,0.0,,0,,0,0.0,,,,ARC-AGI-1,aa922be204204ec148a1137fe6ed4d34ddde812b,training,9
08ed6ac7,no_deterministic_local_rule,2,1,29,0,29,0.008667650981806219,,,,0,0.0,0.0,0.0,,,abstained,,0,0,,,,,,1,0,0.0,0.0,0,0.0,0.0,,0,,0,0.0,,,,ARC-AGI-1,aa922be204204ec148a1137fe6ed4d34ddde812b,training,10
09629e4f,selected,4,1,29,2,27,0.04127377609256655,0.0,0.5351239669421488,,0,0.0,0.0,1.0,von_neumann_r2,15898.0,predicted_incorrect,von_neumann_r2,13,226,12761.0,8.0,12769.0,0.0,0.0,1,0,0.0,0.0,0,0.0,0.0,,1,0.5371900826446281,121,1.0,1.0,0.0,0.0,ARC-AGI-1,aa922be204204ec148a1137fe6ed4d34ddde812b,training,11
0962bcdd,selected,2,1,29,1,28,0.017080905963666737,0.0,0.8333333333333334,3;4,2,0.0,0.0,1.0,moore_r2,6935.0,predicted_incorrect,moore_r2,25,43,4646.0,8.0,4654.0,0.4166666666666667,0.4166666666666667,1,0,0.0,0.0,0,0.0,0.0,,1,0.8333333333333334,144,1.0,1.0,0.0,0.0,ARC-AGI-1,aa922be204204ec148a1137fe6ed4d34ddde812b,training,12
0a938d79,no_deterministic_local_rule,4,1,29,0,29,0.03782063606195152,,,,0,0.0,0.0,0.0,,,abstained,,0,0,,,,,,1,0,0.0,0.0,0,0.0,0.0,,0,,0,0.0,,,,ARC-AGI-1,aa922be204204ec148a1137fe6ed4d34ddde812b,training,13
0b148d64,unsupported_shape_change,3,1,29,0,0,5.258945748209953e-06,,,,0,0.0,0.0,0.0,,,abstained,,0,0,,,,,,1,0,0.0,0.0,0,0.0,0.0,,0,,0,0.0,,,,ARC-AGI-1,aa922be204204ec148a1137fe6ed4d34ddde812b,training,14
0ca9ddb6,selected,3,1,29,3,26,0.021622626925818622,0.3333333333333333,0.9835390946502057,,0,0.0,0.0,1.0,moore_r1,716.0,predicted_incorrect,moore_r1,9,12,555.0,8.0,563.0,0.8024691358024691,0.8024691358024691,1,0,0.0,0.0,0,0.0,0.0,von_neumann_r2,1,0.9506172839506173,81,1.0,1.0,0.0,0.0,ARC-AGI-1,aa922be204204ec148a1137fe6ed4d34ddde812b,training,15
0d3d703e,selected,4,1,29,29,0,0.03420650097541511,0.25,0.5833333333333334,,0,0.0,0.0,1.0,center,84.0,solved,center,1,8,84.0,8.0,92.0,1.0,1.0,1,1,1.0,1.0,1,1.0,1.0,center_wire_+2_+2,1,1.0,9,1.0,1.0,0.0,0.0,ARC-AGI-1,aa922be204204ec148a1137fe6ed4d34ddde812b,training,16
0dfd9992,selected,3,1,29,1,28,0.07715463591739535,0.0,0.8647014361300076,8;9,2,0.0,0.0,1.0,moore_r2,24410.0,predicted_incorrect,moore_r2,25,179,18794.0,8.0,18802.0,0.0,0.0,1,0,0.0,0.0,0,0.0,0.0,,1,0.8775510204081632,441,1.0,1.0,0.0,0.0,ARC-AGI-1,aa922be204204ec148a1137fe6ed4d34ddde812b,training,17
0e206a2e,no_deterministic_local_rule,3,1,29,0,29,0.03190601710230112,,,5,1,0.0,0.0,0.0,,,abstained,,0,0,,,,,,1,0,0.0,0.0,0,0.0,0.0,,0,,0,0.0,,,,ARC-AGI-1,aa922be204204ec148a1137fe6ed4d34ddde812b,training,18
10fcaaa3,unsupported_shape_change,4,1,29,0,0,1.0933028534054756e-05,,,3,1,0.0,0.0,0.0,,,abstained,,0,0,,,,,,1,0,0.0,0.0,0,0.0,0.0,,0,,0,0.0,,,,ARC-AGI-1,aa922be204204ec148a1137fe6ed4d34ddde812b,training,19
11852cab,selected,3,1,29,3,26,0.025576465064659715,0.0,0.97,,0,0.0,0.0,1.0,moore_r1,555.0,predicted_incorrect,moore_r1,9,9,435.0,8.0,443.0,0.54,0.54,1,0,0.0,0.0,0,0.0,0.0,,1,0.97,100,1.0,1.0,0.0,0.0,ARC-AGI-1,aa922be204204ec148a1137fe6ed4d34ddde812b,training,20
1190e5a7,unsupported_shape_change,3,1,29,0,0,8.721952326595783e-06,,,5,1,0.0,0.0,0.0,,,abstained,,0,0,,,,,,1,0,0.0,0.0,0,0.0,0.0,,0,,0,0.0,,,,ARC-AGI-1,aa922be204204ec148a1137fe6ed4d34ddde812b,training,21
137eaa0f,unsupported_shape_change,3,1,29,0,0,9.08970832824707e-07,,,8,1,0.0,0.0,0.0,,,abstained,,0,0,,,,,,1,0,0.0,0.0,0,0.0,0.0,,0,,0,0.0,,,,ARC-AGI-1,aa922be204204ec148a1137fe6ed4d34ddde812b,training,22
150deff5,selected,3,1,29,1,28,0.017082641017623246,0.0,0.7768924302788844,,0,0.0,0.0,1.0,moore_r2,8495.0,predicted_incorrect,moore_r2,25,56,5998.0,8.0,6006.0,0.18181818181818182,0.18181818181818182,1,0,0.0,0.0,0,0.0,0.0,,1,0.7272727272727273,88,1.0,1.0,0.0,0.0,ARC-AGI-1,aa922be204204ec148a1137fe6ed4d34ddde812b,training,23
178fcbfb,no_deterministic_local_rule,3,1,29,0,29,0.014196406933479011,,,,0,0.0,0.0,0.0,,,abstained,,0,0,,,,,,1,0,0.0,0.0,0,0.0,0.0,,0,,0,0.0,,,,ARC-AGI-1,aa922be204204ec148a1137fe6ed4d34ddde812b,training,24
1a07d186,no_deterministic_local_rule,3,1,29,0,29,0.036253395956009626,,,,0,0.0,0.0,0.0,,,abstained,,0,0,,,,,,1,0,0.0,0.0,0,0.0,0.0,,0,,0,0.0,,,,ARC-AGI-1,aa922be204204ec148a1137fe6ed4d34ddde812b,training,25
1b2d62fb,unsupported_shape_change,5,1,29,0,0,9.245006367564201e-06,,,,0,0.0,0.0,0.0,,,abstained,,0,0,,,,,,1,0,0.0,0.0,0,0.0,0.0,,0,,0,0.0,,,,ARC-AGI-1,aa922be204204ec148a1137fe6ed4d34ddde812b,training,26
1b60fb0c,no_deterministic_local_rule,3,1,29,0,29,0.015347311971709132,,,,0,0.0,0.0,0.0,,,abstained,,0,0,,,,,,1,0,0.0,0.0,0,0.0,0.0,,0,,0,0.0,,,,ARC-AGI-1,aa922be204204ec148a1137fe6ed4d34ddde812b,training,27
1bfc4729,no_deterministic_local_rule,2,1,29,0,29,0.01032848795875907,,,2;8,2,0.0,0.0,0.0,,,abstained,,0,0,,,,,,1,0,0.0,0.0,0,0.0,0.0,,0,,0,0.0,,,,ARC-AGI-1,aa922be204204ec148a1137fe6ed4d34ddde812b,training,28
1c786137,unsupported_shape_change,3,1,29,0,0,1.4579854905605316e-06,,,,0,0.0,0.0,0.0,,,abstained,,0,0,,,,,,1,0,0.0,0.0,0,0.0,0.0,,0,,0,0.0,,,,ARC-AGI-1,aa922be204204ec148a1137fe6ed4d34ddde812b,training,29
1caeab9d,no_deterministic_local_rule,3,1,29,0,29,0.011213450925424695,,,,0,0.0,0.0,0.0,,,abstained,,0,0,,,,,,1,0,0.0,0.0,0,0.0,0.0,,0,,0,0.0,,,,ARC-AGI-1,aa922be204204ec148a1137fe6ed4d34ddde812b,training,30
1cf80156,unsupported_shape_change,3,1,29,0,0,7.141963578760624e-06,,,6,1,0.0,0.0,0.0,,,abstained,,0,0,,,,,,1,0,0.0,0.0,0,0.0,0.0,,0,,0,0.0,,,,ARC-AGI-1,aa922be204204ec148a1137fe6ed4d34ddde812b,training,31
1e0a9b12,selected,3,1,29,2,27,0.009031991008669138,0.0,0.7402597402597403,5,1,0.0,0.0,1.0,von_neumann_r2,1780.0,predicted_incorrect,von_neumann_r2,13,20,1220.0,8.0,1228.0,0.0,0.0,1,0,0.0,0.0,0,0.0,0.0,,1,0.6,25,1.0,1.0,0.0,0.0,ARC-AGI-1,aa922be204204ec148a1137fe6ed4d34ddde812b,training,32
1e32b0e9,no_deterministic_local_rule,3,1,29,0,29,0.03918555600102991,,,4;9,2,0.0,0.0,0.0,,,abstained,,0,0,,,,,,1,0,0.0,0.0,0,0.0,0.0,,0,,0,0.0,,,,ARC-AGI-1,aa922be204204ec148a1137fe6ed4d34ddde812b,training,33
1f0c79e5,no_deterministic_local_rule,4,1,29,0,29,0.017280456027947366,,,8,1,0.0,0.0,0.0,,,abstained,,0,0,,,,,,1,0,0.0,0.0,0,0.0,0.0,,0,,0,0.0,,,,ARC-AGI-1,aa922be204204ec148a1137fe6ed4d34ddde812b,training,34
1f642eb9,no_deterministic_local_rule,3,1,29,0,29,0.015409191022627056,,,,0,0.0,0.0,0.0,,,abstained,,0,0,,,,,,1,0,0.0,0.0,0,0.0,0.0,,0,,0,0.0,,,,ARC-AGI-1,aa922be204204ec148a1137fe6ed4d34ddde812b,training,35
1f85a75f,unsupported_shape_change,2,1,29,0,0,1.386040821671486e-06,,,8,1,0.0,0.0,0.0,,,abstained,,0,0,,,,,,1,0,0.0,0.0,0,0.0,0.0,,0,,0,0.0,,,,ARC-AGI-1,aa922be204204ec148a1137fe6ed4d34ddde812b,training,36
1f876c06,no_deterministic_local_rule,3,1,29,0,29,0.015597725985571742,,,,0,0.0,0.0,0.0,,,abstained,,0,0,,,,,,1,0,0.0,0.0,0,0.0,0.0,,0,,0,0.0,,,,ARC-AGI-1,aa922be204204ec148a1137fe6ed4d34ddde812b,training,37
1fad071e,unsupported_shape_change,3,1,29,0,0,1.6939593479037285e-06,,,,0,0.0,0.0,0.0,,,abstained,,0,0,,,,,,1,0,0.0,0.0,0,0.0,0.0,,0,,0,0.0,,,,ARC-AGI-1,aa922be204204ec148a1137fe6ed4d34ddde812b,training,38
2013d3e2,unsupported_shape_change,2,1,29,0,0,5.39200846105814e-06,,,,0,0.0,0.0,0.0,,,abstained,,0,0,,,,,,1,0,0.0,0.0,0,0.0,0.0,,0,,0,0.0,,,,ARC-AGI-1,aa922be204204ec148a1137fe6ed4d34ddde812b,training,39
2204b7a8,no_deterministic_local_rule,3,1,29,0,29,0.015448074089363217,,,5,1,0.0,0.0,0.0,,,abstained,,0,0,,,,,,1,0,0.0,0.0,0,0.0,0.0,,0,,0,0.0,,,,ARC-AGI-1,aa922be204204ec148a1137fe6ed4d34ddde812b,training,40
22168020,selected,3,1,29,1,28,0.019699029973708093,0.0,0.86,7,1,0.0,0.0,1.0,moore_r2,5790.0,predicted_incorrect,moore_r2,25,42,4542.0,8.0,4550.0,0.06,0.06,1,0,0.0,0.0,0,0.0,0.0,,1,0.88,100,1.0,1.0,0.0,0.0,ARC-AGI-1,aa922be204204ec148a1137fe6ed4d34ddde812b,training,41
22233c11,no_deterministic_local_rule,3,1,29,0,29,0.01530118496157229,,,,0,0.0,0.0,0.0,,,abstained,,0,0,,,,,,1,0,0.0,0.0,0,0.0,0.0,,0,,0,0.0,,,,ARC-AGI-1,aa922be204204ec148a1137fe6ed4d34ddde812b,training,42
2281f1f4,no_deterministic_local_rule,3,1,29,0,29,0.015572891919873655,,,,0,0.0,0.0,0.0,,,abstained,,0,0,,,,,,1,0,0.0,0.0,0,0.0,0.0,,0,,0,0.0,,,,ARC-AGI-1,aa922be204204ec148a1137fe6ed4d34ddde812b,training,43
228f6490,selected,3,1,29,1,28,0.019841449917294085,0.0,0.8133333333333334,,0,0.0,0.0,1.0,moore_r2,7455.0,predicted_incorrect,moore_r2,25,56,5998.0,8.0,6006.0,0.0,0.0,1,0,0.0,0.0,0,0.0,0.0,,1,0.86,100,1.0,1.0,0.0,0.0,ARC-AGI-1,aa922be204204ec148a1137fe6ed4d34ddde812b,training,44
22eb0ac0,no_deterministic_local_rule,3,1,29,0,29,0.015513640944845974,,,,0,0.0,0.0,0.0,,,abstained,,0,0,,,,,,1,0,0.0,0.0,0,0.0,0.0,,0,,0,0.0,,,,ARC-AGI-1,aa922be204204ec148a1137fe6ed4d34ddde812b,training,45
234bbc79,unsupported_shape_change,4,1,29,0,0,8.248025551438332e-06,,,,0,0.0,0.0,0.0,,,abstained,,0,0,,,,,,1,0,0.0,0.0,0,0.0,0.0,,0,,0,0.0,,,,ARC-AGI-1,aa922be204204ec148a1137fe6ed4d34ddde812b,training,46
23581191,no_deterministic_local_rule,2,1,29,0,29,0.008655727026052773,,,,0,0.0,0.0,0.0,,,abstained,,0,0,,,,,,1,0,0.0,0.0,0,0.0,0.0,,0,,0,0.0,,,,ARC-AGI-1,aa922be204204ec148a1137fe6ed4d34ddde812b,training,47
239be575,unsupported_shape_change,6,2,29,0,0,4.910980351269245e-06,,,,0,0.0,0.0,0.0,,,abstained,,0,0,,,,,,2,0,0.0,0.0,0,0.0,0.0,,0,,0,0.0,,,,ARC-AGI-1,aa922be204204ec148a1137fe6ed4d34ddde812b,training,48
23b5c85d,unsupported_shape_change,5,1,29,0,0,4.859990440309048e-06,,,,0,0.0,0.0,0.0,,,abstained,,0,0,,,,,,1,0,0.0,0.0,0,0.0,0.0,,0,,0,0.0,,,,ARC-AGI-1,aa922be204204ec148a1137fe6ed4d34ddde812b,training,49
253bf280,no_deterministic_local_rule,8,1,29,0,29,0.032125888974405825,,,,0,0.0,0.0,0.0,,,abstained,,0,0,,,,,,1,0,0.0,0.0,0,0.0,0.0,,0,,0,0.0,,,,ARC-AGI-1,aa922be204204ec148a1137fe6ed4d34ddde812b,training,50
25d487eb,no_deterministic_local_rule,3,1,29,0,29,0.022761167027056217,,,4,1,0.0,0.0,0.0,,,abstained,,0,0,,,,,,1,0,0.0,0.0,0,0.0,0.0,,0,,0,0.0,,,,ARC-AGI-1,aa922be204204ec148a1137fe6ed4d34ddde812b,training,51
25d8a9c8,selected,4,1,29,6,23,0.012431744020432234,0.0,0.3611111111111111,8,1,0.0,0.0,1.0,center_wire_+0_-1,306.0,predicted_incorrect,center_wire_+0_-1,2,21,282.0,8.0,290.0,0.6666666666666666,0.6666666666666666,1,0,0.0,0.0,0,0.0,0.0,center_wire_+1_+0,1,0.6666666666666666,9,1.0,1.0,0.0,0.0,ARC-AGI-1,aa922be204204ec148a1137fe6ed4d34ddde812b,training,52
25ff71a9,selected,4,2,29,5,24,0.011121334042400122,0.75,0.8888888888888888,,0,0.0,0.0,1.0,center_wire_-1_+0,86.0,solved,center_wire_-1_+0,2,5,86.0,8.0,94.0,1.0,1.0,2,2,1.0,1.0,2,1.0,1.0,von_neumann_r1,2,1.0,18,1.0,1.0,0.0,0.0,ARC-AGI-1,aa922be204204ec148a1137fe6ed4d34ddde812b,training,53
264363fd,no_deterministic_local_rule,3,1,29,0,29,0.12148677802179009,,,,0,0.0,0.0,0.0,,,abstained,,0,0,,,,,,1,0,0.0,0.0,0,0.0,0.0,,0,,0,0.0,,,,ARC-AGI-1,aa922be204204ec148a1137fe6ed4d34ddde812b,training,54
272f95fa,no_deterministic_local_rule,2,1,29,0,29,0.02349619602318853,,,,0,0.0,0.0,0.0,,,abstained,,0,0,,,,,,1,0,0.0,0.0,0,0.0,0.0,,0,,0,0.0,,,,ARC-AGI-1,aa922be204204ec148a1137fe6ed4d34ddde812b,training,55
27a28665,unsupported_shape_change,7,3,29,0,0,1.1443975381553173e-05,,,7,1,0.0,0.0,0.0,,,abstained,,0,0,,,,,,3,0,0.0,0.0,0,0.0,0.0,,0,,0,0.0,,,,ARC-AGI-1,aa922be204204ec148a1137fe6ed4d34ddde812b,training,56
28bf18c6,unsupported_shape_change,3,1,29,0,0,1.0649673640727997e-06,,,3,1,0.0,0.0,0.0,,,abstained,,0,0,,,,,,1,0,0.0,0.0,0,0.0,0.0,,0,,0,0.0,,,,ARC-AGI-1,aa922be204204ec148a1137fe6ed4d34ddde812b,training,57
28e73c20,no_deterministic_local_rule,5,1,29,0,29,0.02951941709034145,,,,0,0.0,0.0,0.0,,,abstained,,0,0,,,,,,1,0,0.0,0.0,0,0.0,0.0,,0,,0,0.0,,,,ARC-AGI-1,aa922be204204ec148a1137fe6ed4d34ddde812b,training,58
29623171,selected,3,1,29,1,28,0.02331027400214225,0.0,0.8677685950413223,4,1,0.0,0.0,1.0,moore_r2,7455.0,predicted_incorrect,moore_r2,25,48,5166.0,8.0,5174.0,0.0,0.0,1,0,0.0,0.0,0,0.0,0.0,,1,0.8181818181818182,121,1.0,1.0,0.0,0.0,ARC-AGI-1,aa922be204204ec148a1137fe6ed4d34ddde812b,training,59
29c11459,no_deterministic_local_rule,2,1,29,0,29,0.006473093060776591,,,4;6;8;9,4,0.0,0.0,0.0,,,abstained,,0,0,,,,,,1,0,0.0,0.0,0,0.0,0.0,,0,,0,0.0,,,,ARC-AGI-1,aa922be204204ec148a1137fe6ed4d34ddde812b,training,60
29ec7d0e,selected,4,1,29,2,27,0.09656108007766306,0.0,0.8757716049382716,9,1,0.0,0.0,1.0,von_neumann_r2,11641.0,predicted_incorrect,von_neumann_r2,13,156,8841.0,8.0,8849.0,0.05864197530864197,0.05864197530864197,1,0,0.0,0.0,0,0.0,0.0,moore_r2,1,0.845679012345679,324,1.0,1.0,0.0,0.0,ARC-AGI-1,aa922be204204ec148a1137fe6ed4d34ddde812b,training,61
2bcee788,selected,4,1,29,1,28,0.02814544492866844,0.0,0.575,1,1,0.0,0.0,1.0,moore_r2,24722.0,predicted_incorrect,moore_r2,25,195,20458.0,8.0,20466.0,0.54,0.54,1,0,0.0,0.0,0,0.0,0.0,,1,0.58,100,1.0,1.0,0.0,0.0,ARC-AGI-1,aa922be204204ec148a1137fe6ed4d34ddde812b,training,62
2bee17df,no_deterministic_local_rule,3,1,29,0,29,0.019222490955144167,,,,0,0.0,0.0,0.0,,,abstained,,0,0,,,,,,1,0,0.0,0.0,0,0.0,0.0,,0,,0,0.0,,,,ARC-AGI-1,aa922be204204ec148a1137fe6ed4d34ddde812b,training,63
2c608aff,no_deterministic_local_rule,4,1,29,0,29,0.031068098032847047,,,,0,0.0,0.0,0.0,,,abstained,,0,0,,,,,,1,0,0.0,0.0,0,0.0,0.0,,0,,0,0.0,,,,ARC-AGI-1,aa922be204204ec148a1137fe6ed4d34ddde812b,training,64
2dc579da,unsupported_shape_change,3,1,29,0,0,8.066999725997448e-06,,,0,1,0.0,0.0,0.0,,,abstained,,0,0,,,,,,1,0,0.0,0.0,0,0.0,0.0,,0,,0,0.0,,,,ARC-AGI-1,aa922be204204ec148a1137fe6ed4d34ddde812b,training,65
2dd70a9a,no_deterministic_local_rule,3,1,29,0,29,0.033543690922670066,,,,0,0.0,0.0,0.0,,,abstained,,0,0,,,,,,1,0,0.0,0.0,0,0.0,0.0,,0,,0,0.0,,,,ARC-AGI-1,aa922be204204ec148a1137fe6ed4d34ddde812b,training,66
2dee498d,unsupported_shape_change,3,1,29,0,0,8.723000064492226e-06,,,,0,0.0,0.0,0.0,,,abstained,,0,0,,,,,,1,0,0.0,0.0,0,0.0,0.0,,0,,0,0.0,,,,ARC-AGI-1,aa922be204204ec148a1137fe6ed4d34ddde812b,training,67
31aa019c,selected,3,1,29,2,27,0.023325618938542902,0.0,0.7366666666666667,,0,0.0,0.0,1.0,von_neumann_r2,6598.0,predicted_incorrect,von_neumann_r2,13,79,4526.0,8.0,4534.0,0.0,0.0,1,0,0.0,0.0,0,0.0,0.0,,1,0.63,100,1.0,1.0,0.0,0.0,ARC-AGI-1,aa922be204204ec148a1137fe6ed4d34ddde812b,training,68
321b1fc6,selected,2,1,29,2,27,0.014164204942062497,0.0,0.84,3,1,0.0,0.0,1.0,von_neumann_r2,3125.0,predicted_incorrect,von_neumann_r2,13,31,1837.0,8.0,1845.0,0.21,0.21,1,0,0.0,0.0,0,0.0,0.0,,1,0.72,100,1.0,1.0,0.0,0.0,ARC-AGI-1,aa922be204204ec148a1137fe6ed4d34ddde812b,training,69
32597951,selected,3,1,29,4,25,0.07281380507629365,0.0,0.9734717416378316,,0,0.0,0.0,1.0,von_neumann_r1,529.0,predicted_incorrect,von_neumann_r1,5,18,481.0,8.0,489.0,0.8961937716262975,0.8961937716262975,1,0,0.0,0.0,0,0.0,0.0,moore_r1,1,0.9896193771626297,289,1.0,1.0,0.0,0.0,ARC-AGI-1,aa922be204204ec148a1137fe6ed4d34ddde812b,training,70
3345333e,selected,2,1,29,2,27,0.03244603599887341,0.0,0.9453125,5;8,2,0.0,0.0,1.0,von_neumann_r2,2789.0,predicted_incorrect,von_neumann_r2,13,28,1668.0,8.0,1676.0,0.52734375,0.52734375,1,0,0.0,0.0,0,0.0,0.0,,1,0.921875,256,1.0,1.0,0.0,0.0,ARC-AGI-1,aa922be204204ec148a1137fe6ed4d34ddde812b,training,71
3428a4f5,unsupported_shape_change,4,2,29,0,0,1.93202868103981e-06,,,,0,0.0,0.0,0.0,,,abstained,,0,0,,,,,,2,0,0.0,0.0,0,0.0,0.0,,0,,0,0.0,,,,ARC-AGI-1,aa922be204204ec148a1137fe6ed4d34ddde812b,training,72
3618c87e,selected,3,1,29,6,23,0.01258082699496299,1.0,1.0,,0,0.0,0.0,1.0,center_wire_-1_+0,49.0,solved,center_wire_-1_+0,2,2,49.0,8.0,57.0,1.0,1.0,1,1,1.0,1.0,1,1.0,1.0,von_neumann_r2,1,1.0,25,1.0,1.0,0.0,0.0,ARC-AGI-1,aa922be204204ec148a1137fe6ed4d34ddde812b,training,73
3631a71a,no_deterministic_local_rule,4,1,29,0,29,0.16662189806811512,,,,0,0.0,0.0,0.0,,,abstained,,0,0,,,,,,1,0,0.0,0.0,0,0.0,0.0,,0,,0,0.0,,,,ARC-AGI-1,aa922be204204ec148a1137fe6ed4d34ddde812b,training,74
363442ee,no_deterministic_local_rule,3,1,29,0,29,0.01790032908320427,,,,0,0.0,0.0,0.0,,,abstained,,0,0,,,,,,1,0,0.0,0.0,0,0.0,0.0,,0,,0,0.0,,,,ARC-AGI-1,aa922be204204ec148a1137fe6ed4d34ddde812b,training,75
36d67576,selected,3,1,29,1,28,0.030764647061005235,0.0,0.9526627218934911,,0,0.0,0.0,1.0,moore_r2,3814.0,predicted_incorrect,moore_r2,25,23,2565.0,8.0,2573.0,0.1380952380952381,0.1380952380952381,1,0,0.0,0.0,0,0.0,0.0,,1,0.9428571428571428,210,1.0,1.0,0.0,0.0,ARC-AGI-1,aa922be204204ec148a1137fe6ed4d34ddde812b,training,76
36fdfd69,selected,3,1,29,3,26,0.05909000593237579,0.0,0.9470899470899471,9,1,0.0,0.0,1.0,moore_r1,2197.0,predicted_incorrect,moore_r1,9,39,1637.0,8.0,1645.0,0.0032679738562091504,0.0032679738562091504,1,0,0.0,0.0,0,0.0,0.0,,1,0.954248366013072,306,1.0,1.0,0.0,0.0,ARC-AGI-1,aa922be204204ec148a1137fe6ed4d34ddde812b,training,77
3906de3d,selected,3,1,29,1,28,0.019657336990348995,0.0,0.8733333333333333,,0,0.0,0.0,1.0,moore_r2,6622.0,predicted_incorrect,moore_r2,25,38,4126.0,8.0,4134.0,0.02,0.02,1,0,0.0,0.0,0,0.0,0.0,,1,0.76,100,1.0,1.0,0.0,0.0,ARC-AGI-1,aa922be204204ec148a1137fe6ed4d34ddde812b,training,78
39a8645d,unsupported_shape_change,3,1,29,0,0,1.491047441959381e-06,,,3,1,0.0,0.0,0.0,,,abstained,,0,0,,,,,,1,0,0.0,0.0,0,0.0,0.0,,0,,0,0.0,,,,ARC-AGI-1,aa922be204204ec148a1137fe6ed4d34ddde812b,training,79
39e1d7f9,no_deterministic_local_rule,3,1,29,0,29,0.09197461395524442,,,,0,0.0,0.0,0.0,,,abstained,,0,0,,,,,,1,0,0.0,0.0,0,0.0,0.0,,0,,0,0.0,,,,ARC-AGI-1,aa922be204204ec148a1137fe6ed4d34ddde812b,training,80
3aa6fb7a,selected,2,1,29,4,25,0.009892025962471962,0.5,0.9897959183673469,,0,0.0,0.0,1.0,von_neumann_r1,165.0,predicted_incorrect,von_neumann_r1,5,3,117.0,8.0,125.0,0.7959183673469388,0.7959183673469388,1,0,0.0,0.0,0,0.0,0.0,von_neumann_r2,1,0.9591836734693877,49,1.0,1.0,0.0,0.0,ARC-AGI-1,aa922be204204ec148a1137fe6ed4d34ddde812b,training,81
3ac3eb23,no_deterministic_local_rule,2,1,29,0,29,0.0062014429131522775,,,3;6;7,3,0.0,0.0,0.0,,,abstained,,0,0,,,,,,1,0,0.0,0.0,0,0.0,0.0,,0,,0,0.0,,,,ARC-AGI-1,aa922be204204ec148a1137fe6ed4d34ddde812b,training,82
3af2c5a8,unsupported_shape_change,3,1,29,0,0,9.116949513554573e-06,,,4,1,0.0,0.0,0.0,,,abstained,,0,0,,,,,,1,0,0.0,0.0,0,0.0,0.0,,0,,0,0.0,,,,ARC-AGI-1,aa922be204204ec148a1137fe6ed4d34ddde812b,training,83
3bd67248,no_deterministic_local_rule,3,1,29,0,29,0.014727151952683926,,,3,1,0.0,0.0,0.0,,,abstained,,0,0,,,,,,1,0,0.0,0.0,0,0.0,0.0,,0,,0,0.0,,,,ARC-AGI-1,aa922be204204ec148a1137fe6ed4d34ddde812b,training,84
3bdb4ada,no_deterministic_local_rule,2,1,29,0,29,0.018723283079452813,,,5,1,0.0,0.0,0.0,,,abstained,,0,0,,,,,,1,0,0.0,0.0,0,0.0,0.0,,0,,0,0.0,,,,ARC-AGI-1,aa922be204204ec148a1137fe6ed4d34ddde812b,training,85
3befdf3e,selected,3,1,29,2,27,0.023229273036122322,0.0,0.61,8,1,0.0,0.0,1.0,von_neumann_r2,7777.0,predicted_incorrect,von_neumann_r2,13,85,4862.0,8.0,4870.0,0.4236111111111111,0.4236111111111111,1,0,0.0,0.0,0,0.0,0.0,,1,0.5208333333333334,144,1.0,1.0,0.0,0.0,ARC-AGI-1,aa922be204204ec148a1137fe6ed4d34ddde812b,training,86
3c9b0459,selected,4,1,29,4,25,0.010566274053417146,0.0,0.3333333333333333,6;7,2,0.0,0.0,1.0,von_neumann_r1,769.0,predicted_incorrect,von_neumann_r1,5,24,625.0,8.0,633.0,0.0,0.0,1,0,0.0,0.0,0,0.0,0.0,,1,0.3333333333333333,9,1.0,1.0,0.0,0.0,ARC-AGI-1,aa922be204204ec148a1137fe6ed4d34ddde812b,training,87
3de23699,unsupported_shape_change,4,1,29,0,0,1.7100246623158455e-06,,,,0,0.0,0.0,0.0,,,abstained,,0,0,,,,,,1,0,0.0,0.0,0,0.0,0.0,,0,,0,0.0,,,,ARC-AGI-1,aa922be204204ec148a1137fe6ed4d34ddde812b,training,88
3e980e27,no_deterministic_local_rule,4,1,29,0,29,0.032434866996482015,,,,0,0.0,0.0,0.0,,,abstained,,0,0,,,,,,1,0,0.0,0.0,0,0.0,0.0,,0,,0,0.0,,,,ARC-AGI-1,aa922be204204ec148a1137fe6ed4d34ddde812b,training,89
3eda0437,selected,4,1,29,1,28,0.021259448025375605,0.0,0.8862068965517241,,0,0.0,0.0,1.0,moore_r2,4542.0,predicted_incorrect,moore_r2,25,33,3606.0,8.0,3614.0,0.0,0.0,1,0,0.0,0.0,0,0.0,0.0,,1,0.90625,96,1.0,1.0,0.0,0.0,ARC-AGI-1,aa922be204204ec148a1137fe6ed4d34ddde812b,training,90
3f7978a0,unsupported_shape_change,3,1,29,0,0,3.86103056371212e-06,,,,0,0.0,0.0,0.0,,,abstained,,0,0,,,,,,1,0,0.0,0.0,0,0.0,0.0,,0,,0,0.0,,,,ARC-AGI-1,aa922be204204ec148a1137fe6ed4d34ddde812b,training,91
40853293,no_deterministic_local_rule,2,1,29,0,29,0.037028147955425084,,,,0,0.0,0.0,0.0,,,abstained,,0,0,,,,,,1,0,0.0,0.0,0,0.0,0.0,,0,,0,0.0,,,,ARC-AGI-1,aa922be204204ec148a1137fe6ed4d34ddde812b,training,92
4093f84a,no_deterministic_local_rule,3,1,29,0,29,0.027614930062554777,,,4,1,0.0,0.0,0.0,,,abstained,,0,0,,,,,,1,0,0.0,0.0,0,0.0,0.0,,0,,0,0.0,,,,ARC-AGI-1,aa922be204204ec148a1137fe6ed4d34ddde812b,training,93
41e4d17e,no_deterministic_local_rule,2,1,29,0,29,0.020844666054472327,,,,0,0.0,0.0,0.0,,,abstained,,0,0,,,,,,1,0,0.0,0.0,0,0.0,0.0,,0,,0,0.0,,,,ARC-AGI-1,aa922be204204ec148a1137fe6ed4d34ddde812b,training,94
4258a5f9,selected,2,1,29,3,26,0.013297664001584053,0.0,0.9320987654320988,,0,0.0,0.0,1.0,moore_r1,996.0,predicted_incorrect,moore_r1,9,21,916.0,8.0,924.0,0.9753086419753086,0.9753086419753086,1,0,0.0,0.0,0,0.0,0.0,von_neumann_r2,1,0.9753086419753086,81,1.0,1.0,0.0,0.0,ARC-AGI-1,aa922be204204ec148a1137fe6ed4d34ddde812b,training,95
4290ef0e,unsupported_shape_change,3,1,29,0,0,5.8820005506277084e-06,,,,0,0.0,0.0,0.0,,,abstained,,0,0,,,,,,1,0,0.0,0.0,0,0.0,0.0,,0,,0,0.0,,,,ARC-AGI-1,aa922be204204ec148a1137fe6ed4d34ddde812b,training,96
42a50994,selected,4,1,29,3,26,0.06695720797870308,0.0,0.9442970822281167,3,1,0.0,0.0,1.0,moore_r1,716.0,predicted_incorrect,moore_r1,9,12,555.0,8.0,563.0,0.07142857142857142,0.07142857142857142,1,0,0.0,0.0,0,0.0,0.0,,1,0.9495798319327731,238,1.0,1.0,0.0,0.0,ARC-AGI-1,aa922be204204ec148a1137fe6ed4d34ddde812b,training,97
4347f46a,selected,3,1,29,4,25,0.04233616101555526,0.0,0.8823529411764706,1,1,0.0,0.0,1.0,von_neumann_r1,240.0,predicted_incorrect,von_neumann_r1,5,7,216.0,8.0,224.0,0.6811145510835913,0.6811145510835913,1,0,0.0,0.0,0,0.0,0.0,von_neumann_r2,1,0.9256965944272446,323,1.0,1.0,0.0,0.0,ARC-AGI-1,aa922be204204ec148a1137fe6ed4d34ddde812b,training,98
444801d8,selected,3,1,29,1,28,0.01985929103102535,0.0,0.8266666666666667,4;7,2,0.0,0.0,1.0,moore_r2,7871.0,predicted_incorrect,moore_r2,25,52,5582.0,8.0,5590.0,0.26,0.26,1,0,0.0,0.0,0,0.0,0.0,,1,0.78,100,1.0,1.0,0.0,0.0,ARC-AGI-1,aa922be204204ec148a1137fe6ed4d34ddde812b,training,99
445eab21,unsupported_shape_change,3,1,29,0,0,1.4640390872955322e-06,,,3;9,2,0.0,0.0,0.0,,,abstained,,0,0,,,,,,1,0,0.0,0.0,0,0.0,0.0,,0,,0,0.0,,,,ARC-AGI-1,aa922be204204ec148a1137fe6ed4d34ddde812b,training,100
447fd412,no_deterministic_local_rule,3,1,29,0,29,0.024434342980384827,,,,0,0.0,0.0,0.0,,,abstained,,0,0,,,,,,1,0,0.0,0.0,0,0.0,0.0,,0,,0,0.0,,,,ARC-AGI-1,aa922be204204ec148a1137fe6ed4d34ddde812b,training,101
44d8ac46,no_deterministic_local_rule,4,1,29,0,29,0.028561852988786995,,,,0,0.0,0.0,0.0,,,abstained,,0,0,,,,,,1,0,0.0,0.0,0,0.0,0.0,,0,,0,0.0,,,,ARC-AGI-1,aa922be204204ec148a1137fe6ed4d34ddde812b,training,102
44f52bb0,unsupported_shape_change,6,2,29,0,0,1.5720725059509277e-06,,,,0,0.0,0.0,0.0,,,abstained,,0,0,,,,,,2,0,0.0,0.0,0,0.0,0.0,,0,,0,0.0,,,,ARC-AGI-1,aa922be204204ec148a1137fe6ed4d34ddde812b,training,103
4522001f,unsupported_shape_change,2,1,29,0,0,1.6249250620603561e-06,,,,0,0.0,0.0,0.0,,,abstained,,0,0,,,,,,1,0,0.0,0.0,0,0.0,0.0,,0,,0,0.0,,,,ARC-AGI-1,aa922be204204ec148a1137fe6ed4d34ddde812b,training,104
4612dd53,selected,3,1,29,1,28,0.026757765910588205,0.0,0.9230769230769231,,0,0.0,0.0,1.0,moore_r2,5166.0,predicted_incorrect,moore_r2,25,33,3606.0,8.0,3614.0,0.21893491124260356,0.21893491124260356,1,0,0.0,0.0,0,0.0,0.0,,1,0.9053254437869822,169,1.0,1.0,0.0,0.0,ARC-AGI-1,aa922be204204ec148a1137fe6ed4d34ddde812b,training,105
46442a0e,unsupported_shape_change,3,1,29,0,0,1.5350524336099625e-06,,,1,1,0.0,0.0,0.0,,,abstained,,0,0,,,,,,1,0,0.0,0.0,0,0.0,0.0,,0,,0,0.0,,,,ARC-AGI-1,aa922be204204ec148a1137fe6ed4d34ddde812b,training,106
469497ad,unsupported_shape_change,3,1,29,0,0,8.969800546765327e-07,,,,0,0.0,0.0,0.0,,,abstained,,0,0,,,,,,1,0,0.0,0.0,0,0.0,0.0,,0,,0,0.0,,,,ARC-AGI-1,aa922be204204ec148a1137fe6ed4d34ddde812b,training,107
46f33fce,unsupported_shape_change,3,1,29,0,0,1.6650883480906487e-06,,,6,1,0.0,0.0,0.0,,,abstained,,0,0,,,,,,1,0,0.0,0.0,0,0.0,0.0,,0,,0,0.0,,,,ARC-AGI-1,aa922be204204ec148a1137fe6ed4d34ddde812b,training,108
47c1f68c,unsupported_shape_change,3,1,29,0,0,8.300412446260452e-07,,,,0,0.0,0.0,0.0,,,abstained,,0,0,,,,,,1,0,0.0,0.0,0,0.0,0.0,,0,,0,0.0,,,,ARC-AGI-1,aa922be204204ec148a1137fe6ed4d34ddde812b,training,109
484b58aa,no_deterministic_local_rule,3,1,29,0,29,0.11513171799015254,,,9,1,0.0,0.0,0.0,,,abstained,,0,0,,,,,,1,0,0.0,0.0,0,0.0,0.0,,0,,0,0.0,,,,ARC-AGI-1,aa922be204204ec148a1137fe6ed4d34ddde812b,training,110
48d8fb45,unsupported_shape_change,3,1,29,0,0,1.6100239008665085e-06,,,3,1,0.0,0.0,0.0,,,abstained,,0,0,,,,,,1,0,0.0,0.0,0,0.0,0.0,,0,,0,0.0,,,,ARC-AGI-1,aa922be204204ec148a1137fe6ed4d34ddde812b,training,111
4938f0c2,no_deterministic_local_rule,3,1,29,0,29,0.0412955149076879,,,,0,0.0,0.0,0.0,,,abstained,,0,0,,,,,,1,0,0.0,0.0,0,0.0,0.0,,0,,0,0.0,,,,ARC-AGI-1,aa922be204204ec148a1137fe6ed4d34ddde812b,training,112
496994bd,no_deterministic_local_rule,2,1,29,0,29,0.0053338720463216305,,,5,1,0.0,0.0,0.0,,,abstained,,0,0,,,,,,1,0,0.0,0.0,0,0.0,0.0,,0,,0,0.0,,,,ARC-AGI-1,aa922be204204ec148a1137fe6ed4d34ddde812b,training,113
49d1d64f,unsupported_shape_change,3,1,29,0,0,1.6510020941495895e-06,,,,0,0.0,0.0,0.0,,,abstained,,0,0,,,,,,1,0,0.0,0.0,0,0.0,0.0,,0,,0,0.0,,,,ARC-AGI-1,aa922be204204ec148a1137fe6ed4d34ddde812b,training,114
4be741c5,unsupported_shape_change,3,1,29,0,0,8.51927325129509e-07,,,1,1,0.0,0.0,0.0,,,abstained,,0,0,,,,,,1,0,0.0,0.0,0,0.0,0.0,,0,,0,0.0,,,,ARC-AGI-1,aa922be204204ec148a1137fe6ed4d34ddde812b,training,115
4c4377d9,unsupported_shape_change,4,1,29,0,0,7.358030416071415e-06,,,,0,0.0,0.0,0.0,,,abstained,,0,0,,,,,,1,0,0.0,0.0,0,0.0,0.0,,0,,0,0.0,,,,ARC-AGI-1,aa922be204204ec148a1137fe6ed4d34ddde812b,training,116
4c5c2cf0,no_deterministic_local_rule,3,1,29,0,29,0.025401429971680045,,,7,1,0.0,0.0,0.0,,,abstained,,0,0,,,,,,1,0,0.0,0.0,0,0.0,0.0,,0,,0,0.0,,,,ARC-AGI-1,aa922be204204ec148a1137fe6ed4d34ddde812b,training,117
50846271,selected,4,1,29,2,27,0.0981288340408355,0.0,0.9756468797564688,,0,0.0,0.0,1.0,moore_r2,5270.0,predicted_incorrect,von_neumann_r2,13,32,1893.0,8.0,1901.0,0.04066985645933014,0.04066985645933014,1,0,0.0,0.0,0,0.0,0.0,,1,0.9593301435406698,418,1.0,1.0,0.0,0.0,ARC-AGI-1,aa922be204204ec148a1137fe6ed4d34ddde812b,training,118
508bd3b6,no_deterministic_local_rule,3,1,29,0,29,0.02131649199873209,,,,0,0.0,0.0,0.0,,,abstained,,0,0,,,,,,1,0,0.0,0.0,0,0.0,0.0,,0,,0,0.0,,,,ARC-AGI-1,aa922be204204ec148a1137fe6ed4d34ddde812b,training,119
50cb2852,selected,3,1,29,4,25,0.042498140945099294,1.0,1.0,,0,0.0,0.0,1.0,von_neumann_r1,117.0,solved,von_neumann_r1,5,3,117.0,8.0,125.0,0.8901098901098901,0.8901098901098901,1,1,1.0,1.0,1,1.0,1.0,von_neumann_r2,1,1.0,182,1.0,1.0,0.0,0.0,ARC-AGI-1,aa922be204204ec148a1137fe6ed4d34ddde812b,training,120
5117e062,unsupported_shape_change,3,1,29,0,0,1.7030397430062294e-06,,,7,1,0.0,0.0,0.0,,,abstained,,0,0,,,,,,1,0,0.0,0.0,0,0.0,0.0,,0,,0,0.0,,,,ARC-AGI-1,aa922be204204ec148a1137fe6ed4d34ddde812b,training,121
5168d44c,selected,3,1,29,2,27,0.018771260976791382,0.0,0.8701298701298701,,0,0.0,0.0,1.0,von_neumann_r2,2173.0,predicted_incorrect,von_neumann_r2,13,30,1780.0,8.0,1788.0,0.5042016806722689,0.5042016806722689,1,0,0.0,0.0,0,0.0,0.0,,1,0.9411764705882353,119,1.0,1.0,0.0,0.0,ARC-AGI-1,aa922be204204ec148a1137fe6ed4d34ddde812b,training,122
539a4f51,unsupported_shape_change,3,1,29,0,0,9.979004971683025e-06,,,7,1,0.0,0.0,0.0,,,abstained,,0,0,,,,,,1,0,0.0,0.0,0,0.0,0.0,,0,,0,0.0,,,,ARC-AGI-1,aa922be204204ec148a1137fe6ed4d34ddde812b,training,123
53b68214,unsupported_shape_change,3,2,29,0,0,8.550705388188362e-07,,,6;8,2,0.0,0.0,0.0,,,abstained,,0,0,,,,,,2,0,0.0,0.0,0,0.0,0.0,,0,,0,0.0,,,,ARC-AGI-1,aa922be204204ec148a1137fe6ed4d34ddde812b,training,124
543a7ed5,selected,2,1,29,2,27,0.029072221950627863,0.0,0.8111111111111111,,0,0.0,0.0,1.0,von_neumann_r2,5142.0,predicted_incorrect,von_neumann_r2,13,80,4582.0,8.0,4590.0,0.8622222222222222,0.8622222222222222,1,0,0.0,0.0,0,0.0,0.0,moore_r2,1,0.9555555555555556,225,1.0,1.0,0.0,0.0,ARC-AGI-1,aa922be204204ec148a1137fe6ed4d34ddde812b,training,125
54d82841,no_deterministic_local_rule,3,1,29,0,29,0.00811753491871059,,,5,1,0.0,0.0,0.0,,,abstained,,0,0,,,,,,1,0,0.0,0.0,0,0.0,0.0,,0,,0,0.0,,,,ARC-AGI-1,aa922be204204ec148a1137fe6ed4d34ddde812b,training,126
54d9e175,selected,4,1,29,3,26,0.02124351600650698,0.0,0.8011363636363636,,0,0.0,0.0,1.0,moore_r1,3518.0,predicted_incorrect,moore_r1,9,72,2958.0,8.0,2966.0,0.7922077922077922,0.7922077922077922,1,0,0.0,0.0,0,0.0,0.0,von_neumann_r2,1,0.7922077922077922,77,1.0,1.0,0.0,0.0,ARC-AGI-1,aa922be204204ec148a1137fe6ed4d34ddde812b,training,127
5521c0d9,no_deterministic_local_rule,3,1,29,0,29,0.03150667902082205,,,,0,0.0,0.0,0.0,,,abstained,,0,0,,,,,,1,0,0.0,0.0,0,0.0,0.0,,0,,0,0.0,,,,ARC-AGI-1,aa922be204204ec148a1137fe6ed4d34ddde812b,training,128
5582e5ca,selected,3,1,29,4,25,0.00725064892321825,0.0,0.3333333333333333,,0,0.0,0.0,1.0,von_neumann_r1,625.0,predicted_incorrect,von_neumann_r1,5,18,481.0,8.0,489.0,0.0,0.0,1,0,0.0,0.0,0,0.0,0.0,,1,0.3333333333333333,9,1.0,1.0,0.0,0.0,ARC-AGI-1,aa922be204204ec148a1137fe6ed4d34ddde812b,training,129
5614dbcf,unsupported_shape_change,2,1,29,0,0,1.7399434000253677e-06,,,4,1,0.0,0.0,0.0,,,abstained,,0,0,,,,,,1,0,0.0,0.0,0,0.0,0.0,,0,,0,0.0,,,,ARC-AGI-1,aa922be204204ec148a1137fe6ed4d34ddde812b,training,130
56dc2b01,no_deterministic_local_rule,3,1,29,0,29,0.012753783026710153,,,,0,0.0,0.0,0.0,,,abstained,,0,0,,,,,,1,0,0.0,0.0,0,0.0,0.0,,0,,0,0.0,,,,ARC-AGI-1,aa922be204204ec148a1137fe6ed4d34ddde812b,training,131
56ff96f3,no_deterministic_local_rule,4,1,29,0,29,0.01733075501397252,,,6;8,2,0.0,0.0,0.0,,,abstained,,0,0,,,,,,1,0,0.0,0.0,0,0.0,0.0,,0,,0,0.0,,,,ARC-AGI-1,aa922be204204ec148a1137fe6ed4d34ddde812b,training,132
57aa92db,no_deterministic_local_rule,4,1,29,0,29,0.04866254504304379,,,,0,0.0,0.0,0.0,,,abstained,,0,0,,,,,,1,0,0.0,0.0,0,0.0,0.0,,0,,0,0.0,,,,ARC-AGI-1,aa922be204204ec148a1137fe6ed4d34ddde812b,training,133
5ad4f10b,unsupported_shape_change,3,1,29,0,0,1.6529811546206474e-06,,,,0,0.0,0.0,0.0,,,abstained,,0,0,,,,,,1,0,0.0,0.0,0,0.0,0.0,,0,,0,0.0,,,,ARC-AGI-1,aa922be204204ec148a1137fe6ed4d34ddde812b,training,134
5bd6f4ac,unsupported_shape_change,4,1,29,0,0,7.790513336658478e-07,,,,0,0.0,0.0,0.0,,,abstained,,0,0,,,,,,1,0,0.0,0.0,0,0.0,0.0,,0,,0,0.0,,,,ARC-AGI-1,aa922be204204ec148a1137fe6ed4d34ddde812b,training,135
5c0a986e,no_deterministic_local_rule,3,1,29,0,29,0.015476820059120655,,,,0,0.0,0.0,0.0,,,abstained,,0,0,,,,,,1,0,0.0,0.0,0,0.0,0.0,,0,,0,0.0,,,,ARC-AGI-1,aa922be204204ec148a1137fe6ed4d34ddde812b,training,136
5c2c9af4,no_deterministic_local_rule,3,1,29,0,29,0.07207578094676137,,,4,1,0.0,0.0,0.0,,,abstained,,0,0,,,,,,1,0,0.0,0.0,0,0.0,0.0,,0,,0,0.0,,,,ARC-AGI-1,aa922be204204ec148a1137fe6ed4d34ddde812b,training,137
5daaa586,unsupported_shape_change,3,1,29,0,0,1.2669479474425316e-06,,,,0,0.0,0.0,0.0,,,abstained,,0,0,,,,,,1,0,0.0,0.0,0,0.0,0.0,,0,,0,0.0,,,,ARC-AGI-1,aa922be204204ec148a1137fe6ed4d34ddde812b,training,138
60b61512,selected,2,1,29,2,27,0.01200385601259768,0.0,0.9320987654320988,,0,0.0,0.0,1.0,von_neumann_r2,1220.0,predicted_incorrect,von_neumann_r2,13,11,715.0,8.0,723.0,0.49382716049382713,0.49382716049382713,1,0,0.0,0.0,0,0.0,0.0,,1,0.8888888888888888,81,1.0,1.0,0.0,0.0,ARC-AGI-1,aa922be204204ec148a1137fe6ed4d34ddde812b,training,139
6150a2bd,selected,2,1,29,3,26,0.004077390069141984,0.0,0.1111111111111111,4;6,2,0.0,0.0,1.0,moore_r1,1036.0,predicted_incorrect,moore_r1,9,16,716.0,8.0,724.0,0.0,0.0,1,0,0.0,0.0,0,0.0,0.0,,1,0.1111111111111111,9,1.0,1.0,0.0,0.0,ARC-AGI-1,aa922be204204ec148a1137fe6ed4d34ddde812b,training,140
623ea044,no_deterministic_local_rule,3,1,29,0,29,0.02422846993431449,,,6,1,0.0,0.0,0.0,,,abstained,,0,0,,,,,,1,0,0.0,0.0,0,0.0,0.0,,0,,0,0.0,,,,ARC-AGI-1,aa922be204204ec148a1137fe6ed4d34ddde812b,training,141
62c24649,unsupported_shape_change,3,1,29,0,0,2.320040948688984e-06,,,,0,0.0,0.0,0.0,,,abstained,,0,0,,,,,,1,0,0.0,0.0,0,0.0,0.0,,0,,0,0.0,,,,ARC-AGI-1,aa922be204204ec148a1137fe6ed4d34ddde812b,training,142
63613498,selected,3,1,29,2,27,0.02321113203652203,0.0,0.96,2,1,0.0,0.0,1.0,von_neumann_r2,996.0,predicted_incorrect,von_neumann_r2,13,12,771.0,8.0,779.0,0.04,0.04,1,0,0.0,0.0,0,0.0,0.0,,1,0.96,100,1.0,1.0,0.0,0.0,ARC-AGI-1,aa922be204204ec148a1137fe6ed4d34ddde812b,training,143
6430c8c4,unsupported_shape_change,4,1,29,0,0,1.5980331227183342e-06,,,,0,0.0,0.0,0.0,,,abstained,,0,0,,,,,,1,0,0.0,0.0,0,0.0,0.0,,0,,0,0.0,,,,ARC-AGI-1,aa922be204204ec148a1137fe6ed4d34ddde812b,training,144
6455b5f5,no_deterministic_local_rule,4,1,29,0,29,0.03737475897651166,,,,0,0.0,0.0,0.0,,,abstained,,0,0,,,,,,1,0,0.0,0.0,0,0.0,0.0,,0,,0,0.0,,,,ARC-AGI-1,aa922be204204ec148a1137fe6ed4d34ddde812b,training,145
662c240a,unsupported_shape_change,4,1,29,0,0,1.5170080587267876e-06,,,,0,0.0,0.0,0.0,,,abstained,,0,0,,,,,,1,0,0.0,0.0,0,0.0,0.0,,0,,0,0.0,,,,ARC-AGI-1,aa922be204204ec148a1137fe6ed4d34ddde812b,training,146
67385a82,selected,4,1,29,4,25,0.014041929971426725,0.25,0.810126582278481,,0,0.0,0.0,1.0,von_neumann_r1,529.0,predicted_incorrect,von_neumann_r1,5,18,481.0,8.0,489.0,0.8,0.8,1,0,0.0,0.0,0,0.0,0.0,moore_r1,1,0.92,25,1.0,1.0,0.0,0.0,ARC-AGI-1,aa922be204204ec148a1137fe6ed4d34ddde812b,training,147
673ef223,no_deterministic_local_rule,3,1,29,0,29,0.026216577971354127,,,,0,0.0,0.0,0.0,,,abstained,,0,0,,,,,,1,0,0.0,0.0,0,0.0,0.0,,0,,0,0.0,,,,ARC-AGI-1,aa922be204204ec148a1137fe6ed4d34ddde812b,training,148
6773b310,unsupported_shape_change,4,1,29,0,0,1.5149125829339027e-06,,,,0,0.0,0.0,0.0,,,abstained,,0,0,,,,,,1,0,0.0,0.0,0,0.0,0.0,,0,,0,0.0,,,,ARC-AGI-1,aa922be204204ec148a1137fe6ed4d34ddde812b,training,149
67a3c6ac,selected,3,1,29,3,26,0.012195211020298302,0.0,0.2871287128712871,,0,0.0,0.0,1.0,moore_r1,3118.0,predicted_incorrect,moore_r1,9,72,2958.0,8.0,2966.0,0.0,0.0,1,0,0.0,0.0,0,0.0,0.0,,1,0.5555555555555556,9,1.0,1.0,0.0,0.0,ARC-AGI-1,aa922be204204ec148a1137fe6ed4d34ddde812b,training,150
67a423a3,selected,3,1,29,3,26,0.013004520093090832,0.0,0.7931034482758621,5,1,0.0,0.0,1.0,moore_r1,1357.0,predicted_incorrect,moore_r1,9,24,1036.0,8.0,1044.0,0.5625,0.5625,1,0,0.0,0.0,0,0.0,0.0,,1,0.9444444444444444,144,1.0,1.0,0.0,0.0,ARC-AGI-1,aa922be204204ec148a1137fe6ed4d34ddde812b,training,151
67e8384a,unsupported_shape_change,4,1,29,0,0,1.5120021998882294e-06,,,,0,0.0,0.0,0.0,,,abstained,,0,0,,,,,,1,0,0.0,0.0,0,0.0,0.0,,0,,0,0.0,,,,ARC-AGI-1,aa922be204204ec148a1137fe6ed4d34ddde812b,training,152
681b3aeb,unsupported_shape_change,3,1,29,0,0,6.969785317778587e-07,,,2;8,2,0.0,0.0,0.0,,,abstained,,0,0,,,,,,1,0,0.0,0.0,0,0.0,0.0,,0,,0,0.0,,,,ARC-AGI-1,aa922be204204ec148a1137fe6ed4d34ddde812b,training,153
6855a6e4,no_deterministic_local_rule,3,1,29,0,29,0.03161748603451997,,,,0,0.0,0.0,0.0,,,abstained,,0,0,,,,,,1,0,0.0,0.0,0,0.0,0.0,,0,,0,0.0,,,,ARC-AGI-1,aa922be204204ec148a1137fe6ed4d34ddde812b,training,154
68b16354,selected,3,1,29,4,25,0.013485834002494812,0.0,0.21212121212121213,,0,0.0,0.0,1.0,von_neumann_r1,2691.0,predicted_incorrect,von_neumann_r1,5,78,1923.0,8.0,1931.0,0.0,0.0,1,0,0.0,0.0,0,0.0,0.0,,1,0.3469387755102041,49,1.0,1.0,0.0,0.0,ARC-AGI-1,aa922be204204ec148a1137fe6ed4d34ddde812b,training,155
694f12f3,no_deterministic_local_rule,2,1,29,0,29,0.010320101981051266,,,,0,0.0,0.0,0.0,,,abstained,,0,0,,,,,,1,0,0.0,0.0,0,0.0,0.0,,0,,0,0.0,,,,ARC-AGI-1,aa922be204204ec148a1137fe6ed4d34ddde812b,training,156
6a1e5592,no_deterministic_local_rule,2,1,29,0,29,0.014708654023706913,,,,0,0.0,0.0,0.0,,,abstained,,0,0,,,,,,1,0,0.0,0.0,0,0.0,0.0,,0,,0,0.0,,,,ARC-AGI-1,aa922be204204ec148a1137fe6ed4d34ddde812b,training,157
6aa20dc0,no_deterministic_local_rule,3,1,29,0,29,0.05683859798591584,,,,0,0.0,0.0,0.0,,,abstained,,0,0,,,,,,1,0,0.0,0.0,0,0.0,0.0,,0,,0,0.0,,,,ARC-AGI-1,aa922be204204ec148a1137fe6ed4d34ddde812b,training,158
6b9890af,unsupported_shape_change,3,1,29,0,0,1.3869721442461014e-06,,,3,1,0.0,0.0,0.0,,,abstained,,0,0,,,,,,1,0,0.0,0.0,0,0.0,0.0,,0,,0,0.0,,,,ARC-AGI-1,aa922be204204ec148a1137fe6ed4d34ddde812b,training,159
6c434453,selected,2,1,29,2,27,0.014234751928597689,0.0,0.895,,0,0.0,0.0,1.0,von_neumann_r2,1949.0,predicted_incorrect,von_neumann_r2,13,27,1612.0,8.0,1620.0,0.39,0.39,1,0,0.0,0.0,0,0.0,0.0,,1,0.94,100,1.0,1.0,0.0,0.0,ARC-AGI-1,aa922be204204ec148a1137fe6ed4d34ddde812b,training,160
6cdd2623,no_deterministic_local_rule,3,1,29,0,29,0.03502393304370344,,,6;7,2,0.0,0.0,0.0,,,abstained,,0,0,,,,,,1,0,0.0,0.0,0,0.0,0.0,,0,,0,0.0,,,,ARC-AGI-1,aa922be204204ec148a1137fe6ed4d34ddde812b,training,161
6cf79266,selected,3,1,29,2,27,0.1242783130146563,0.0,0.97,4,1,0.0,0.0,1.0,von_neumann_r2,3630.0,predicted_incorrect,von_neumann_r2,13,36,2117.0,8.0,2125.0,0.0,0.0,1,0,0.0,0.0,0,0.0,0.0,,1,0.9325,400,1.0,1.0,0.0,0.0,ARC-AGI-1,aa922be204204ec148a1137fe6ed4d34ddde812b,training,162
6d0160f0,selected,4,1,29,3,26,0.045974266016855836,0.0,0.7768595041322314,,0,0.0,0.0,1.0,moore_r1,5841.0,predicted_incorrect,moore_r1,9,110,4478.0,8.0,4486.0,0.12396694214876033,0.12396694214876033,1,0,0.0,0.0,0,0.0,0.0,von_neumann_r2,1,0.71900826446281,121,1.0,1.0,0.0,0.0,ARC-AGI-1,aa922be204204ec148a1137fe6ed4d34ddde812b,training,163
6d0aefbc,unsupported_shape_change,4,1,29,0,0,1.567997969686985e-06,,,,0,0.0,0.0,0.0,,,abstained,,0,0,,,,,,1,0,0.0,0.0,0,0.0,0.0,,0,,0,0.0,,,,ARC-AGI-1,aa922be204204ec148a1137fe6ed4d34ddde812b,training,164
6d58a25d,no_deterministic_local_rule,3,1,29,0,29,0.05441627698019147,,,1;6,2,0.0,0.0,0.0,,,abstained,,0,0,,,,,,1,0,0.0,0.0,0,0.0,0.0,,0,,0,0.0,,,,ARC-AGI-1,aa922be204204ec148a1137fe6ed4d34ddde812b,training,165
6d75e8bb,selected,3,1,29,2,27,0.021196587942540646,0.0,0.8768656716417911,,0,0.0,0.0,1.0,moore_r2,5478.0,predicted_incorrect,von_neumann_r2,13,33,1949.0,8.0,1957.0,0.31313131313131315,0.31313131313131315,1,0,0.0,0.0,0,0.0,0.0,moore_r2,1,0.8282828282828283,99,1.0,1.0,0.0,0.0,ARC-AGI-1,aa922be204204ec148a1137fe6ed4d34ddde812b,training,166
6e02f1e3,selected,5,1,29,2,27,0.01103541103657335,0.0,0.0,,0,0.0,0.0,1.0,von_neumann_r2,3125.0,predicted_incorrect,von_neumann_r2,13,45,2621.0,8.0,2629.0,0.0,0.0,1,0,0.0,0.0,0,0.0,0.0,,1,0.0,9,1.0,1.0,0.0,0.0,ARC-AGI-1,aa922be204204ec148a1137fe6ed4d34ddde812b,training,167
6e19193c,no_deterministic_local_rule,2,1,29,0,29,0.010555847082287073,,,8,1,0.0,0.0,0.0,,,abstained,,0,0,,,,,,1,0,0.0,0.0,0,0.0,0.0,,0,,0,0.0,,,,ARC-AGI-1,aa922be204204ec148a1137fe6ed4d34ddde812b,training,168
6e82a1ae,selected,3,1,29,2,27,0.02325739699881524,0.0,0.87,,0,0.0,0.0,0.0,,,predicted_incorrect,von_neumann_r2,13,42,2453.0,8.0,2461.0,0.44,0.44,1,0,0.0,0.0,0,0.0,0.0,,1,0.86,100,1.0,1.0,0.0,0.0,ARC-AGI-1,aa922be204204ec148a1137fe6ed4d34ddde812b,training,169
6ecd11f4,unsupported_shape_change,3,1,29,0,0,1.535983756184578e-06,,,,0,0.0,0.0,0.0,,,abstained,,0,0,,,,,,1,0,0.0,0.0,0,0.0,0.0,,0,,0,0.0,,,,ARC-AGI-1,aa922be204204ec148a1137fe6ed4d34ddde812b,training,170
6f8cd79b,selected,4,1,29,4,25,0.013512035016901791,1.0,1.0,,0,0.0,0.0,1.0,von_neumann_r1,240.0,solved,von_neumann_r1,5,8,240.0,8.0,248.0,1.0,1.0,1,1,1.0,1.0,1,1.0,1.0,,1,1.0,42,1.0,1.0,0.0,0.0,ARC-AGI-1,aa922be204204ec148a1137fe6ed4d34ddde812b,training,171
6fa7a44f,unsupported_shape_change,4,1,29,0,0,1.700012944638729e-06,,,,0,0.0,0.0,0.0,,,abstained,,0,0,,,,,,1,0,0.0,0.0,0,0.0,0.0,,0,,0,0.0,,,,ARC-AGI-1,aa922be204204ec148a1137fe6ed4d34ddde812b,training,172
72322fa7,no_deterministic_local_rule,3,1,29,0,29,0.03365289303474128,,,7,1,0.0,0.0,0.0,,,abstained,,0,0,,,,,,1,0,0.0,0.0,0,0.0,0.0,,0,,0,0.0,,,,ARC-AGI-1,aa922be204204ec148a1137fe6ed4d34ddde812b,training,173
72ca375d,unsupported_shape_change,3,1,29,0,0,1.5229452401399612e-06,,,9,1,0.0,0.0,0.0,,,abstained,,0,0,,,,,,1,0,0.0,0.0,0,0.0,0.0,,0,,0,0.0,,,,ARC-AGI-1,aa922be204204ec148a1137fe6ed4d34ddde812b,training,174
73251a56,selected,3,1,29,2,27,0.09094773698598146,0.0,0.8949357520786092,9,1,0.0,0.0,1.0,von_neumann_r2,10465.0,predicted_incorrect,von_neumann_r2,13,131,7441.0,8.0,7449.0,0.02040816326530612,0.02040816326530612,1,0,0.0,0.0,0,0.0,0.0,,1,0.8752834467120182,441,1.0,1.0,0.0,0.0,ARC-AGI-1,aa922be204204ec148a1137fe6ed4d34ddde812b,training,175
7447852a,no_deterministic_local_rule,3,1,29,0,29,0.008365802001208067,,,,0,0.0,0.0,0.0,,,abstained,,0,0,,,,,,1,0,0.0,0.0,0,0.0,0.0,,0,,0,0.0,,,,ARC-AGI-1,aa922be204204ec148a1137fe6ed4d34ddde812b,training,176
7468f01a,unsupported_shape_change,3,1,29,0,0,1.5259720385074615e-06,,,,0,0.0,0.0,0.0,,,abstained,,0,0,,,,,,1,0,0.0,0.0,0,0.0,0.0,,0,,0,0.0,,,,ARC-AGI-1,aa922be204204ec148a1137fe6ed4d34ddde812b,training,177
746b3537,unsupported_shape_change,5,1,29,0,0,1.301988959312439e-06,,,,0,0.0,0.0,0.0,,,abstained,,0,0,,,,,,1,0,0.0,0.0,0,0.0,0.0,,0,,0,0.0,,,,ARC-AGI-1,aa922be204204ec148a1137fe6ed4d34ddde812b,training,178
74dd1130,selected,4,1,29,4,25,0.010531637934036553,0.0,0.5,3;4,2,0.0,0.0,1.0,von_neumann_r1,625.0,predicted_incorrect,von_neumann_r1,5,18,481.0,8.0,489.0,0.0,0.0,1,0,0.0,0.0,0,0.0,0.0,,1,0.3333333333333333,9,1.0,1.0,0.0,0.0,ARC-AGI-1,aa922be204204ec148a1137fe6ed4d34ddde812b,training,179
75b8110e,unsupported_shape_change,5,1,29,0,0,1.6200356185436249e-06,,,,0,0.0,0.0,0.0,,,abstained,,0,0,,,,,,1,0,0.0,0.0,0,0.0,0.0,,0,,0,0.0,,,,ARC-AGI-1,aa922be204204ec148a1137fe6ed4d34ddde812b,training,180
760b3cac,no_deterministic_local_rule,3,1,29,0,29,0.009838512050919235,,,,0,0.0,0.0,0.0,,,abstained,,0,0,,,,,,1,0,0.0,0.0,0,0.0,0.0,,0,,0,0.0,,,,ARC-AGI-1,aa922be204204ec148a1137fe6ed4d34ddde812b,training,181
776ffc46,no_deterministic_local_rule,4,1,29,0,29,0.07198273600079119,,,,0,0.0,0.0,0.0,,,abstained,,0,0,,,,,,1,0,0.0,0.0,0,0.0,0.0,,0,,0,0.0,,,,ARC-AGI-1,aa922be204204ec148a1137fe6ed4d34ddde812b,training,182
77fdfe62,unsupported_shape_change,3,1,29,0,0,1.574982888996601e-06,,,5,1,0.0,0.0,0.0,,,abstained,,0,0,,,,,,1,0,0.0,0.0,0,0.0,0.0,,0,,0,0.0,,,,ARC-AGI-1,aa922be204204ec148a1137fe6ed4d34ddde812b,training,183
780d0b14,unsupported_shape_change,3,1,29,0,0,8.350471034646034e-07,,,,0,0.0,0.0,0.0,,,abstained,,0,0,,,,,,1,0,0.0,0.0,0,0.0,0.0,,0,,0,0.0,,,,ARC-AGI-1,aa922be204204ec148a1137fe6ed4d34ddde812b,training,184
7837ac64,unsupported_shape_change,4,1,29,0,0,1.2719538062810898e-06,,,,0,0.0,0.0,0.0,,,abstained,,0,0,,,,,,1,0,0.0,0.0,0,0.0,0.0,,0,,0,0.0,,,,ARC-AGI-1,aa922be204204ec148a1137fe6ed4d34ddde812b,training,185
794b24be,selected,10,2,29,1,28,0.020957395085133612,0.0,0.5333333333333333,,0,0.0,0.0,1.0,moore_r2,5478.0,predicted_incorrect,moore_r2,25,42,4542.0,8.0,4550.0,0.0,0.0,2,0,0.0,0.0,0,0.0,0.0,,2,0.5,18,1.0,1.0,0.0,0.0,ARC-AGI-1,aa922be204204ec148a1137fe6ed4d34ddde812b,training,186
7b6016b9,no_deterministic_local_rule,3,1,29,0,29,0.07296166499145329,,,7,1,0.0,0.0,0.0,,,abstained,,0,0,,,,,,1,0,0.0,0.0,0,0.0,0.0,,0,,0,0.0,,,,ARC-AGI-1,aa922be204204ec148a1137fe6ed4d34ddde812b,training,187
7b7f7511,unsupported_shape_change,3,1,29,0,0,1.4909310266375542e-06,,,5,1,0.0,0.0,0.0,,,abstained,,0,0,,,,,,1,0,0.0,0.0,0,0.0,0.0,,0,,0,0.0,,,,ARC-AGI-1,aa922be204204ec148a1137fe6ed4d34ddde812b,training,188
7c008303,unsupported_shape_change,3,1,29,0,0,9.469222277402878e-07,,,7,1,0.0,0.0,0.0,,,abstained,,0,0,,,,,,1,0,0.0,0.0,0,0.0,0.0,,0,,0,0.0,,,,ARC-AGI-1,aa922be204204ec148a1137fe6ed4d34ddde812b,training,189
7ddcd7ec,no_deterministic_local_rule,3,1,29,0,29,0.01551891304552555,,,8,1,0.0,0.0,0.0,,,abstained,,0,0,,,,,,1,0,0.0,0.0,0,0.0,0.0,,0,,0,0.0,,,,ARC-AGI-1,aa922be204204ec148a1137fe6ed4d34ddde812b,training,190
7df24a62,no_deterministic_local_rule,4,1,29,0,29,0.0978147879941389,,,,0,0.0,0.0,0.0,,,abstained,,0,0,,,,,,1,0,0.0,0.0,0,0.0,0.0,,0,,0,0.0,,,,ARC-AGI-1,aa922be204204ec148a1137fe6ed4d34ddde812b,training,191
7e0986d6,selected,2,1,29,4,25,0.03019319090526551,0.0,0.9282051282051282,4;5,2,0.0,0.0,1.0,von_neumann_r1,818.0,predicted_incorrect,von_neumann_r1,5,21,553.0,8.0,561.0,0.22549019607843138,0.22549019607843138,1,0,0.0,0.0,0,0.0,0.0,,1,0.9362745098039216,204,1.0,1.0,0.0,0.0,ARC-AGI-1,aa922be204204ec148a1137fe6ed4d34ddde812b,training,192
7f4411dc,selected,3,1,29,4,25,0.04456658894196153,0.0,0.9566074950690335,8,1,0.0,0.0,1.0,von_neumann_r1,529.0,predicted_incorrect,von_neumann_r1,5,13,360.0,8.0,368.0,0.22,0.22,1,0,0.0,0.0,0,0.0,0.0,,1,0.9,100,1.0,1.0,0.0,0.0,ARC-AGI-1,aa922be204204ec148a1137fe6ed4d34ddde812b,training,193
7fe24cdd,unsupported_shape_change,3,1,29,0,0,1.4830147847533226e-06,,,1,1,0.0,0.0,0.0,,,abstained,,0,0,,,,,,1,0,0.0,0.0,0,0.0,0.0,,0,,0,0.0,,,,ARC-AGI-1,aa922be204204ec148a1137fe6ed4d34ddde812b,training,194
80af3007,unsupported_shape_change,3,1,29,0,0,9.419163689017296e-07,,,,0,0.0,0.0,0.0,,,abstained,,0,0,,,,,,1,0,0.0,0.0,0,0.0,0.0,,0,,0,0.0,,,,ARC-AGI-1,aa922be204204ec148a1137fe6ed4d34ddde812b,training,195
810b9b61,selected,3,1,29,1,28,0.03262941900175065,0.0,0.8945386064030132,,0,0.0,0.0,1.0,moore_r2,7767.0,predicted_incorrect,moore_r2,25,58,6206.0,8.0,6214.0,0.10416666666666667,0.10416666666666667,1,0,0.0,0.0,0,0.0,0.0,,1,0.8958333333333334,144,1.0,1.0,0.0,0.0,ARC-AGI-1,aa922be204204ec148a1137fe6ed4d34ddde812b,training,196
82819916,no_deterministic_local_rule,4,1,29,0,29,0.016965090995654464,,,,0,0.0,0.0,0.0,,,abstained,,0,0,,,,,,1,0,0.0,0.0,0,0.0,0.0,,0,,0,0.0,,,,ARC-AGI-1,aa922be204204ec148a1137fe6ed4d34ddde812b,training,197
83302e8f,no_deterministic_local_rule,3,1,29,0,29,0.08081825310364366,,,5,1,0.0,0.0,0.0,,,abstained,,0,0,,,,,,1,0,0.0,0.0,0,0.0,0.0,,0,,0,0.0,,,,ARC-AGI-1,aa922be204204ec148a1137fe6ed4d34ddde812b,training,198
834ec97d,no_deterministic_local_rule,3,1,29,0,29,0.0076801510294899344,,,3,1,0.0,0.0,0.0,,,abstained,,0,0,,,,,,1,0,0.0,0.0,0,0.0,0.0,,0,,0,0.0,,,,ARC-AGI-1,aa922be204204ec148a1137fe6ed4d34ddde812b,training,199
8403a5d5,no_deterministic_local_rule,3,1,29,0,29,0.015578400925733149,,,1,1,0.0,0.0,0.0,,,abstained,,0,0,,,,,,1,0,0.0,0.0,0,0.0,0.0,,0,,0,0.0,,,,ARC-AGI-1,aa922be204204ec148a1137fe6ed4d34ddde812b,training,200
846bdb03,unsupported_shape_change,4,1,29,0,0,1.8664984963834286e-05,,,,0,0.0,0.0,0.0,,,abstained,,0,0,,,,,,1,0,0.0,0.0,0,0.0,0.0,,0,,0,0.0,,,,ARC-AGI-1,aa922be204204ec148a1137fe6ed4d34ddde812b,training,201
855e0971,no_deterministic_local_rule,4,1,29,0,29,0.041169986012391746,,,,0,0.0,0.0,0.0,,,abstained,,0,0,,,,,,1,0,0.0,0.0,0,0.0,0.0,,0,,0,0.0,,,,ARC-AGI-1,aa922be204204ec148a1137fe6ed4d34ddde812b,training,202
85c4e7cd,selected,4,1,29,3,26,0.03550965990871191,0.0,0.09302325581395349,,0,0.0,0.0,1.0,moore_r1,11122.0,predicted_incorrect,moore_r1,9,196,7921.0,8.0,7929.0,0.0,0.0,1,0,0.0,0.0,0,0.0,0.0,,1,0.14285714285714285,196,1.0,1.0,0.0,0.0,ARC-AGI-1,aa922be204204ec148a1137fe6ed4d34ddde812b,training,203
868de0fa,no_deterministic_local_rule,5,1,29,0,29,0.0453235519817099,,,,0,0.0,0.0,0.0,,,abstained,,0,0,,,,,,1,0,0.0,0.0,0,0.0,0.0,,0,,0,0.0,,,,ARC-AGI-1,aa922be204204ec148a1137fe6ed4d34ddde812b,training,204
8731374e,unsupported_shape_change,3,1,29,0,0,1.4409888535737991e-06,,,,0,0.0,0.0,0.0,,,abstained,,0,0,,,,,,1,0,0.0,0.0,0,0.0,0.0,,0,,0,0.0,,,,ARC-AGI-1,aa922be204204ec148a1137fe6ed4d34ddde812b,training,205
88a10436,no_deterministic_local_rule,3,1,29,0,29,0.012088318006135523,,,,0,0.0,0.0,0.0,,,abstained,,0,0,,,,,,1,0,0.0,0.0,0,0.0,0.0,,0,,0,0.0,,,,ARC-AGI-1,aa922be204204ec148a1137fe6ed4d34ddde812b,training,206
88a62173,unsupported_shape_change,3,1,29,0,0,1.544947735965252e-06,,,5,1,0.0,0.0,0.0,,,abstained,,0,0,,,,,,1,0,0.0,0.0,0,0.0,0.0,,0,,0,0.0,,,,ARC-AGI-1,aa922be204204ec148a1137fe6ed4d34ddde812b,training,207
890034e9,selected,3,1,29,2,27,0.09077204496134073,0.0,0.9652305366591081,,0,0.0,0.0,1.0,moore_r2,6831.0,predicted_incorrect,von_neumann_r2,13,46,2677.0,8.0,2685.0,0.011337868480725623,0.011337868480725623,1,0,0.0,0.0,0,0.0,0.0,,1,0.9591836734693877,441,1.0,1.0,0.0,0.0,ARC-AGI-1,aa922be204204ec148a1137fe6ed4d34ddde812b,training,208
8a004b2b,unsupported_shape_change,3,1,29,0,0,1.693028025329113e-06,,,,0,0.0,0.0,0.0,,,abstained,,0,0,,,,,,1,0,0.0,0.0,0,0.0,0.0,,0,,0,0.0,,,,ARC-AGI-1,aa922be204204ec148a1137fe6ed4d34ddde812b,training,209
8be77c9e,unsupported_shape_change,3,1,29,0,0,8.039642125368118e-07,,,,0,0.0,0.0,0.0,,,abstained,,0,0,,,,,,1,0,0.0,0.0,0,0.0,0.0,,0,,0,0.0,,,,ARC-AGI-1,aa922be204204ec148a1137fe6ed4d34ddde812b,training,210
8d5021e8,unsupported_shape_change,3,1,29,0,0,7.880153134465218e-07,,,3,1,0.0,0.0,0.0,,,abstained,,0,0,,,,,,1,0,0.0,0.0,0,0.0,0.0,,0,,0,0.0,,,,ARC-AGI-1,aa922be204204ec148a1137fe6ed4d34ddde812b,training,211
8d510a79,no_deterministic_local_rule,2,1,29,0,29,0.010505210957489908,,,,0,0.0,0.0,0.0,,,abstained,,0,0,,,,,,1,0,0.0,0.0,0,0.0,0.0,,0,,0,0.0,,,,ARC-AGI-1,aa922be204204ec148a1137fe6ed4d34ddde812b,training,212
8e1813be,unsupported_shape_change,3,1,29,0,0,9.834067896008492e-06,,,7,1,0.0,0.0,0.0,,,abstained,,0,0,,,,,,1,0,0.0,0.0,0,0.0,0.0,,0,,0,0.0,,,,ARC-AGI-1,aa922be204204ec148a1137fe6ed4d34ddde812b,training,213
8e5a5113,no_deterministic_local_rule,3,1,29,0,29,0.007195241982117295,,,9,1,0.0,0.0,0.0,,,abstained,,0,0,,,,,,1,0,0.0,0.0,0,0.0,0.0,,0,,0,0.0,,,,ARC-AGI-1,aa922be204204ec148a1137fe6ed4d34ddde812b,training,214
8eb1be9a,no_deterministic_local_rule,2,1,29,0,29,0.019275404047220945,,,1,1,0.0,0.0,0.0,,,abstained,,0,0,,,,,,1,0,0.0,0.0,0,0.0,0.0,,0,,0,0.0,,,,ARC-AGI-1,aa922be204204ec148a1137fe6ed4d34ddde812b,training,215
8efcae92,unsupported_shape_change,3,1,29,0,0,1.4100223779678345e-06,,,,0,0.0,0.0,0.0,,,abstained,,0,0,,,,,,1,0,0.0,0.0,0,0.0,0.0,,0,,0,0.0,,,,ARC-AGI-1,aa922be204204ec148a1137fe6ed4d34ddde812b,training,216
8f2ea7aa,no_deterministic_local_rule,3,1,29,0,29,0.013161429087631404,,,2,1,0.0,0.0,0.0,,,abstained,,0,0,,,,,,1,0,0.0,0.0,0,0.0,0.0,,0,,0,0.0,,,,ARC-AGI-1,aa922be204204ec148a1137fe6ed4d34ddde812b,training,217
90c28cc7,unsupported_shape_change,3,1,29,0,0,1.2509990483522415e-06,,,,0,0.0,0.0,0.0,,,abstained,,0,0,,,,,,1,0,0.0,0.0,0,0.0,0.0,,0,,0,0.0,,,,ARC-AGI-1,aa922be204204ec148a1137fe6ed4d34ddde812b,training,218
90f3ed37,no_deterministic_local_rule,3,1,29,0,29,0.021932250005193055,,,,0,0.0,0.0,0.0,,,abstained,,0,0,,,,,,1,0,0.0,0.0,0,0.0,0.0,,0,,0,0.0,,,,ARC-AGI-1,aa922be204204ec148a1137fe6ed4d34ddde812b,training,219
913fb3ed,selected,4,1,29,3,26,0.04366120195481926,0.25,0.9851694915254238,,0,0.0,0.0,1.0,moore_r1,1437.0,predicted_incorrect,moore_r1,9,30,1276.0,8.0,1284.0,0.984375,0.984375,1,0,0.0,0.0,0,0.0,0.0,von_neumann_r2,1,0.984375,256,1.0,1.0,0.0,0.0,ARC-AGI-1,aa922be204204ec148a1137fe6ed4d34ddde812b,training,220
91413438,unsupported_shape_change,4,1,29,0,0,1.3950048014521599e-06,,,8,1,0.0,0.0,0.0,,,abstained,,0,0,,,,,,1,0,0.0,0.0,0,0.0,0.0,,0,,0,0.0,,,,ARC-AGI-1,aa922be204204ec148a1137fe6ed4d34ddde812b,training,221
91714a58,selected,3,1,29,4,25,0.06820455298293382,0.0,0.7552083333333334,,0,0.0,0.0,1.0,von_neumann_r1,6199.0,predicted_incorrect,von_neumann_r1,5,196,4758.0,8.0,4766.0,0.3984375,0.3984375,1,0,0.0,0.0,0,0.0,0.0,moore_r1,1,0.75390625,256,1.0,1.0,0.0,0.0,ARC-AGI-1,aa922be204204ec148a1137fe6ed4d34ddde812b,training,222
9172f3a0,unsupported_shape_change,2,1,29,0,0,1.676962710916996e-06,,,1;6,2,0.0,0.0,0.0,,,abstained,,0,0,,,,,,1,0,0.0,0.0,0,0.0,0.0,,0,,0,0.0,,,,ARC-AGI-1,aa922be204204ec148a1137fe6ed4d34ddde812b,training,223
928ad970,no_deterministic_local_rule,3,1,29,0,29,0.026945592020638287,,,8,1,0.0,0.0,0.0,,,abstained,,0,0,,,,,,1,0,0.0,0.0,0,0.0,0.0,,0,,0,0.0,,,,ARC-AGI-1,aa922be204204ec148a1137fe6ed4d34ddde812b,training,224
93b581b8,selected,3,1,29,1,28,0.009495623991824687,0.0,0.6203703703703703,,0,0.0,0.0,1.0,moore_r2,5686.0,predicted_incorrect,moore_r2,25,41,4438.0,8.0,4446.0,0.027777777777777776,0.027777777777777776,1,0,0.0,0.0,0,0.0,0.0,,1,0.6666666666666666,36,1.0,1.0,0.0,0.0,ARC-AGI-1,aa922be204204ec148a1137fe6ed4d34ddde812b,training,225
941d9a10,no_deterministic_local_rule,3,1,29,0,29,0.015618370962329209,,,,0,0.0,0.0,0.0,,,abstained,,0,0,,,,,,1,0,0.0,0.0,0,0.0,0.0,,0,,0,0.0,,,,ARC-AGI-1,aa922be204204ec148a1137fe6ed4d34ddde812b,training,226
94f9d214,unsupported_shape_change,4,1,29,0,0,2.12306622415781e-06,,,,0,0.0,0.0,0.0,,,abstained,,0,0,,,,,,1,0,0.0,0.0,0,0.0,0.0,,0,,0,0.0,,,,ARC-AGI-1,aa922be204204ec148a1137fe6ed4d34ddde812b,training,227
952a094c,selected,3,1,29,2,27,0.02307725604623556,0.0,0.92,,0,0.0,0.0,1.0,von_neumann_r2,1893.0,predicted_incorrect,von_neumann_r2,13,24,1444.0,8.0,1452.0,0.22,0.22,1,0,0.0,0.0,0,0.0,0.0,,1,0.92,100,1.0,1.0,0.0,0.0,ARC-AGI-1,aa922be204204ec148a1137fe6ed4d34ddde812b,training,228
9565186b,selected,4,1,29,5,24,0.011282724910415709,0.25,0.7222222222222222,,0,0.0,0.0,1.0,von_neumann_r1,577.0,predicted_incorrect,center_wire_-1_+0,2,11,161.0,8.0,169.0,0.6666666666666666,0.6666666666666666,1,0,0.0,0.0,0,0.0,0.0,von_neumann_r1,1,0.2222222222222222,9,1.0,1.0,0.0,0.0,ARC-AGI-1,aa922be204204ec148a1137fe6ed4d34ddde812b,training,229
95990924,selected,3,1,29,3,26,0.03454266500193626,1.0,1.0,,0,0.0,0.0,1.0,moore_r1,475.0,predicted_incorrect,moore_r1,9,4,232.0,8.0,240.0,0.9333333333333333,0.9333333333333333,1,0,0.0,0.0,0,0.0,0.0,von_neumann_r2,1,0.9688888888888889,225,1.0,1.0,0.0,0.0,ARC-AGI-1,aa922be204204ec148a1137fe6ed4d34ddde812b,training,230
963e52fc,unsupported_shape_change,3,1,29,0,0,1.4780089259147644e-06,,,,0,0.0,0.0,0.0,,,abstained,,0,0,,,,,,1,0,0.0,0.0,0,0.0,0.0,,0,,0,0.0,,,,ARC-AGI-1,aa922be204204ec148a1137fe6ed4d34ddde812b,training,231
97999447,no_deterministic_local_rule,3,1,29,0,29,0.013746970915235579,,,4,1,0.0,0.0,0.0,,,abstained,,0,0,,,,,,1,0,0.0,0.0,0,0.0,0.0,,0,,0,0.0,,,,ARC-AGI-1,aa922be204204ec148a1137fe6ed4d34ddde812b,training,232
97a05b5b,unsupported_shape_change,3,1,29,0,0,3.2830284908413887e-06,,,,0,0.0,0.0,0.0,,,abstained,,0,0,,,,,,1,0,0.0,0.0,0,0.0,0.0,,0,,0,0.0,,,,ARC-AGI-1,aa922be204204ec148a1137fe6ed4d34ddde812b,training,233
98cf29f8,no_deterministic_local_rule,3,1,29,0,29,0.03532459097914398,,,7,1,0.0,0.0,0.0,,,abstained,,0,0,,,,,,1,0,0.0,0.0,0,0.0,0.0,,0,,0,0.0,,,,ARC-AGI-1,aa922be204204ec148a1137fe6ed4d34ddde812b,training,234
995c5fa3,unsupported_shape_change,4,1,29,0,0,1.4739343896508217e-06,,,,0,0.0,0.0,0.0,,,abstained,,0,0,,,,,,1,0,0.0,0.0,0,0.0,0.0,,0,,0,0.0,,,,ARC-AGI-1,aa922be204204ec148a1137fe6ed4d34ddde812b,training,235
99b1bc43,unsupported_shape_change,4,1,29,0,0,7.459893822669983e-07,,,,0,0.0,0.0,0.0,,,abstained,,0,0,,,,,,1,0,0.0,0.0,0,0.0,0.0,,0,,0,0.0,,,,ARC-AGI-1,aa922be204204ec148a1137fe6ed4d34ddde812b,training,236
99fa7670,no_deterministic_local_rule,4,1,29,0,29,0.008667433983646333,,,,0,0.0,0.0,0.0,,,abstained,,0,0,,,,,,1,0,0.0,0.0,0,0.0,0.0,,0,,0,0.0,,,,ARC-AGI-1,aa922be204204ec148a1137fe6ed4d34ddde812b,training,237
9aec4887,unsupported_shape_change,3,1,29,0,0,1.1667958460748196e-05,,,,0,0.0,0.0,0.0,,,abstained,,0,0,,,,,,1,0,0.0,0.0,0,0.0,0.0,,0,,0,0.0,,,,ARC-AGI-1,aa922be204204ec148a1137fe6ed4d34ddde812b,training,238
9af7a82c,unsupported_shape_change,4,1,29,0,0,7.270136848092079e-07,,,,0,0.0,0.0,0.0,,,abstained,,0,0,,,,,,1,0,0.0,0.0,0,0.0,0.0,,0,,0,0.0,,,,ARC-AGI-1,aa922be204204ec148a1137fe6ed4d34ddde812b,training,239
9d9215db,no_deterministic_local_rule,3,1,29,0,29,0.049144366988912225,,,,0,0.0,0.0,0.0,,,abstained,,0,0,,,,,,1,0,0.0,0.0,0,0.0,0.0,,0,,0,0.0,,,,ARC-AGI-1,aa922be204204ec148a1137fe6ed4d34ddde812b,training,240
9dfd6313,selected,3,1,29,1,28,0.0062937350012362,0.0,0.64,,0,0.0,0.0,1.0,moore_r2,3502.0,predicted_incorrect,moore_r2,25,18,2045.0,8.0,2053.0,0.0,0.0,1,0,0.0,0.0,0,0.0,0.0,,1,0.6111111111111112,36,1.0,1.0,0.0,0.0,ARC-AGI-1,aa922be204204ec148a1137fe6ed4d34ddde812b,training,241
9ecd008a,unsupported_shape_change,3,1,29,0,0,1.3969838619232178e-06,,,,0,0.0,0.0,0.0,,,abstained,,0,0,,,,,,1,0,0.0,0.0,0,0.0,0.0,,0,,0,0.0,,,,ARC-AGI-1,aa922be204204ec148a1137fe6ed4d34ddde812b,training,242
9edfc990,selected,3,1,29,2,27,0.047634700895287097,0.0,0.6076923076923076,,0,0.0,0.0,1.0,von_neumann_r2,19258.0,predicted_incorrect,von_neumann_r2,13,255,14386.0,8.0,14394.0,0.0,0.0,1,0,0.0,0.0,0,0.0,0.0,,1,0.66015625,256,1.0,1.0,0.0,0.0,ARC-AGI-1,aa922be204204ec148a1137fe6ed4d34ddde812b,training,243
9f236235,unsupported_shape_change,3,1,29,0,0,2.0560109987854958e-06,,,,0,0.0,0.0,0.0,,,abstained,,0,0,,,,,,1,0,0.0,0.0,0,0.0,0.0,,0,,0,0.0,,,,ARC-AGI-1,aa922be204204ec148a1137fe6ed4d34ddde812b,training,244
a1570a43,selected,4,1,29,1,28,0.02186571597121656,0.0,0.8013698630136986,,0,0.0,0.0,1.0,moore_r2,7247.0,predicted_incorrect,moore_r2,25,58,6206.0,8.0,6214.0,0.4,0.4,1,0,0.0,0.0,0,0.0,0.0,,1,0.875,80,1.0,1.0,0.0,0.0,ARC-AGI-1,aa922be204204ec148a1137fe6ed4d34ddde812b,training,245
a2fd1cf0,no_deterministic_local_rule,3,1,29,0,29,0.02646798698697239,,,,0,0.0,0.0,0.0,,,abstained,,0,0,,,,,,1,0,0.0,0.0,0,0.0,0.0,,0,,0,0.0,,,,ARC-AGI-1,aa922be204204ec148a1137fe6ed4d34ddde812b,training,246
a3325580,unsupported_shape_change,6,1,29,0,0,1.825043000280857e-06,,,5,1,0.0,0.0,0.0,,,abstained,,0,0,,,,,,1,0,0.0,0.0,0,0.0,0.0,,0,,0,0.0,,,,ARC-AGI-1,aa922be204204ec148a1137fe6ed4d34ddde812b,training,247
a3df8b1e,no_deterministic_local_rule,3,1,29,0,29,0.0065672899363562465,,,,0,0.0,0.0,0.0,,,abstained,,0,0,,,,,,1,0,0.0,0.0,0,0.0,0.0,,0,,0,0.0,,,,ARC-AGI-1,aa922be204204ec148a1137fe6ed4d34ddde812b,training,248
a416b8f3,unsupported_shape_change,3,1,29,0,0,9.017996490001678e-06,,,4,1,0.0,0.0,0.0,,,abstained,,0,0,,,,,,1,0,0.0,0.0,0,0.0,0.0,,0,,0,0.0,,,,ARC-AGI-1,aa922be204204ec148a1137fe6ed4d34ddde812b,training,249
a48eeaf7,no_deterministic_local_rule,2,1,29,0,29,0.010311831953004003,,,,0,0.0,0.0,0.0,,,abstained,,0,0,,,,,,1,0,0.0,0.0,0,0.0,0.0,,0,,0,0.0,,,,ARC-AGI-1,aa922be204204ec148a1137fe6ed4d34ddde812b,training,250
a5313dff,selected,3,1,29,2,27,0.021243649069219828,0.3333333333333333,0.9448529411764706,,0,0.0,0.0,1.0,moore_r2,4958.0,predicted_incorrect,von_neumann_r2,13,22,1332.0,8.0,1340.0,0.25925925925925924,0.25925925925925924,1,0,0.0,0.0,0,0.0,0.0,moore_r2,1,0.8641975308641975,81,1.0,1.0,0.0,0.0,ARC-AGI-1,aa922be204204ec148a1137fe6ed4d34ddde812b,training,251
a5f85a15,no_deterministic_local_rule,3,1,29,0,29,0.007497651968151331,,,6,1,0.0,0.0,0.0,,,abstained,,0,0,,,,,,1,0,0.0,0.0,0,0.0,0.0,,0,,0,0.0,,,,ARC-AGI-1,aa922be204204ec148a1137fe6ed4d34ddde812b,training,252
a61ba2ce,unsupported_shape_change,2,1,29,0,0,1.4780089259147644e-06,,,6,1,0.0,0.0,0.0,,,abstained,,0,0,,,,,,1,0,0.0,0.0,0,0.0,0.0,,0,,0,0.0,,,,ARC-AGI-1,aa922be204204ec148a1137fe6ed4d34ddde812b,training,253
a61f2674,no_deterministic_local_rule,2,1,29,0,29,0.008813754073344171,,,,0,0.0,0.0,0.0,,,abstained,,0,0,,,,,,1,0,0.0,0.0,0,0.0,0.0,,0,,0,0.0,,,,ARC-AGI-1,aa922be204204ec148a1137fe6ed4d34ddde812b,training,254
a64e4611,no_deterministic_local_rule,3,1,29,0,29,0.12280084704980254,,,4,1,0.0,0.0,0.0,,,abstained,,0,0,,,,,,1,0,0.0,0.0,0,0.0,0.0,,0,,0,0.0,,,,ARC-AGI-1,aa922be204204ec148a1137fe6ed4d34ddde812b,training,255
a65b410d,no_deterministic_local_rule,3,1,29,0,29,0.010677561978809536,,,,0,0.0,0.0,0.0,,,abstained,,0,0,,,,,,1,0,0.0,0.0,0,0.0,0.0,,0,,0,0.0,,,,ARC-AGI-1,aa922be204204ec148a1137fe6ed4d34ddde812b,training,256
a68b268e,unsupported_shape_change,6,1,29,0,0,1.7700949683785439e-06,,,,0,0.0,0.0,0.0,,,abstained,,0,0,,,,,,1,0,0.0,0.0,0,0.0,0.0,,0,,0,0.0,,,,ARC-AGI-1,aa922be204204ec148a1137fe6ed4d34ddde812b,training,257
a699fb00,selected,3,1,29,4,25,0.02241264993790537,0.3333333333333333,0.9911111111111112,,0,0.0,0.0,1.0,von_neumann_r1,117.0,solved,von_neumann_r1,5,3,117.0,8.0,125.0,0.98,0.98,1,1,1.0,1.0,1,1.0,1.0,von_neumann_r2,1,1.0,100,1.0,1.0,0.0,0.0,ARC-AGI-1,aa922be204204ec148a1137fe6ed4d34ddde812b,training,258
a740d043,unsupported_shape_change,3,1,29,0,0,1.610955223441124e-06,,,,0,0.0,0.0,0.0,,,abstained,,0,0,,,,,,1,0,0.0,0.0,0,0.0,0.0,,0,,0,0.0,,,,ARC-AGI-1,aa922be204204ec148a1137fe6ed4d34ddde812b,training,259
a78176bb,no_deterministic_local_rule,3,1,29,0,29,0.015776845975778997,,,1,1,0.0,0.0,0.0,,,abstained,,0,0,,,,,,1,0,0.0,0.0,0,0.0,0.0,,0,,0,0.0,,,,ARC-AGI-1,aa922be204204ec148a1137fe6ed4d34ddde812b,training,260
a79310a0,selected,3,1,29,5,24,0.010440596961416304,0.3333333333333333,0.9152542372881356,,0,0.0,0.0,1.0,center_wire_-1_+0,74.0,solved,center_wire_-1_+0,2,4,74.0,8.0,82.0,1.0,1.0,1,1,1.0,1.0,1,1.0,1.0,von_neumann_r1,1,1.0,25,1.0,1.0,0.0,0.0,ARC-AGI-1,aa922be204204ec148a1137fe6ed4d34ddde812b,training,261
a85d4709,selected,4,1,29,4,25,0.010439408011734486,0.0,0.3333333333333333,,0,0.0,0.0,1.0,von_neumann_r1,914.0,predicted_incorrect,von_neumann_r1,5,30,769.0,8.0,777.0,0.3333333333333333,0.3333333333333333,1,0,0.0,0.0,0,0.0,0.0,moore_r1,1,0.3333333333333333,9,1.0,1.0,0.0,0.0,ARC-AGI-1,aa922be204204ec148a1137fe6ed4d34ddde812b,training,262
a87f7484,unsupported_shape_change,4,1,29,0,0,3.690016455948353e-06,,,5,1,0.0,0.0,0.0,,,abstained,,0,0,,,,,,1,0,0.0,0.0,0,0.0,0.0,,0,,0,0.0,,,,ARC-AGI-1,aa922be204204ec148a1137fe6ed4d34ddde812b,training,263
a8c38be5,unsupported_shape_change,2,1,29,0,0,9.180512279272079e-07,,,,0,0.0,0.0,0.0,,,abstained,,0,0,,,,,,1,0,0.0,0.0,0,0.0,0.0,,0,,0,0.0,,,,ARC-AGI-1,aa922be204204ec148a1137fe6ed4d34ddde812b,training,264
a8d7556c,selected,3,1,29,2,27,0.06698337802663445,0.0,0.9362139917695473,,0,0.0,0.0,1.0,von_neumann_r2,4806.0,predicted_incorrect,von_neumann_r2,13,62,3573.0,8.0,3581.0,0.08024691358024691,0.08024691358024691,1,0,0.0,0.0,0,0.0,0.0,,1,0.9320987654320988,324,1.0,1.0,0.0,0.0,ARC-AGI-1,aa922be204204ec148a1137fe6ed4d34ddde812b,training,265
a9f96cdd,selected,4,1,29,3,26,0.011245080037042499,0.0,0.7833333333333333,,0,0.0,0.0,1.0,moore_r1,676.0,predicted_incorrect,moore_r1,9,14,635.0,8.0,643.0,0.8,0.8,1,0,0.0,0.0,0,0.0,0.0,von_neumann_r2,1,0.9333333333333333,15,1.0,1.0,0.0,0.0,ARC-AGI-1,aa922be204204ec148a1137fe6ed4d34ddde812b,training,266
aabf363d,selected,2,1,29,29,0,0.025960904080420732,0.0,0.7346938775510204,8,1,0.0,0.0,1.0,center_wire_+0_-1,137.0,predicted_incorrect,center,1,4,49.0,8.0,57.0,0.6938775510204082,0.6938775510204082,1,0,0.0,0.0,0,0.0,0.0,center_wire_+0_-1,1,0.673469387755102,49,1.0,1.0,0.0,0.0,ARC-AGI-1,aa922be204204ec148a1137fe6ed4d34ddde812b,training,267
aba27056,no_deterministic_local_rule,3,1,29,0,29,0.009750314988195896,,,2,1,0.0,0.0,0.0,,,abstained,,0,0,,,,,,1,0,0.0,0.0,0,0.0,0.0,,0,,0,0.0,,,,ARC-AGI-1,aa922be204204ec148a1137fe6ed4d34ddde812b,training,268
ac0a08a4,unsupported_shape_change,3,1,29,0,0,1.5939585864543915e-06,,,1,1,0.0,0.0,0.0,,,abstained,,0,0,,,,,,1,0,0.0,0.0,0,0.0,0.0,,0,,0,0.0,,,,ARC-AGI-1,aa922be204204ec148a1137fe6ed4d34ddde812b,training,269
ae3edfdc,no_deterministic_local_rule,3,1,29,0,29,0.03087177500128746,,,,0,0.0,0.0,0.0,,,abstained,,0,0,,,,,,1,0,0.0,0.0,0,0.0,0.0,,0,,0,0.0,,,,ARC-AGI-1,aa922be204204ec148a1137fe6ed4d34ddde812b,training,270
ae4f1146,unsupported_shape_change,4,1,29,0,0,1.3899989426136017e-06,,,,0,0.0,0.0,0.0,,,abstained,,0,0,,,,,,1,0,0.0,0.0,0,0.0,0.0,,0,,0,0.0,,,,ARC-AGI-1,aa922be204204ec148a1137fe6ed4d34ddde812b,training,271
aedd82e4,selected,4,1,29,4,25,0.011618953896686435,0.75,0.9814814814814815,,0,0.0,0.0,1.0,von_neumann_r1,189.0,predicted_incorrect,von_neumann_r1,5,3,117.0,8.0,125.0,0.45,0.45,1,0,0.0,0.0,0,0.0,0.0,,1,0.85,20,1.0,1.0,0.0,0.0,ARC-AGI-1,aa922be204204ec148a1137fe6ed4d34ddde812b,training,272
af902bf9,no_deterministic_local_rule,3,1,29,0,29,0.015307405032217503,,,,0,0.0,0.0,0.0,,,abstained,,0,0,,,,,,1,0,0.0,0.0,0,0.0,0.0,,0,,0,0.0,,,,ARC-AGI-1,aa922be204204ec148a1137fe6ed4d34ddde812b,training,273
b0c4d837,unsupported_shape_change,6,1,29,0,0,1.2926990166306496e-05,,,,0,0.0,0.0,0.0,,,abstained,,0,0,,,,,,1,0,0.0,0.0,0,0.0,0.0,,0,,0,0.0,,,,ARC-AGI-1,aa922be204204ec148a1137fe6ed4d34ddde812b,training,274
b190f7f5,unsupported_shape_change,3,1,29,0,0,8.490169420838356e-07,,,,0,0.0,0.0,0.0,,,abstained,,0,0,,,,,,1,0,0.0,0.0,0,0.0,0.0,,0,,0,0.0,,,,ARC-AGI-1,aa922be204204ec148a1137fe6ed4d34ddde812b,training,275
b1948b0a,selected,3,1,29,29,0,0.027565397089347243,1.0,1.0,,0,0.0,0.0,1.0,center,24.0,solved,center,1,1,24.0,8.0,32.0,1.0,1.0,1,1,1.0,1.0,1,1.0,1.0,von_neumann_r1,1,1.0,16,1.0,1.0,0.0,0.0,ARC-AGI-1,aa922be204204ec148a1137fe6ed4d34ddde812b,training,276
b230c067,selected,3,1,29,2,27,0.022937607020139694,0.0,0.7733333333333333,,0,0.0,0.0,1.0,moore_r2,9431.0,predicted_incorrect,von_neumann_r2,13,62,3573.0,8.0,3581.0,0.34,0.34,1,0,0.0,0.0,0,0.0,0.0,moore_r2,1,0.77,100,1.0,1.0,0.0,0.0,ARC-AGI-1,aa922be204204ec148a1137fe6ed4d34ddde812b,training,277
b27ca6d3,selected,2,1,29,1,28,0.028500849031843245,0.0,0.9431372549019608,,0,0.0,0.0,1.0,moore_r2,7767.0,predicted_incorrect,moore_r2,25,29,3189.0,8.0,3197.0,0.19852941176470587,0.19852941176470587,1,0,0.0,0.0,0,0.0,0.0,,1,0.8272058823529411,272,1.0,1.0,0.0,0.0,ARC-AGI-1,aa922be204204ec148a1137fe6ed4d34ddde812b,training,278
b2862040,selected,4,1,29,1,28,0.03909850597847253,0.0,0.8559463986599665,,0,0.0,0.0,0.0,,,predicted_incorrect,moore_r2,25,88,9327.0,8.0,9335.0,0.0625,0.0625,1,0,0.0,0.0,0,0.0,0.0,,1,0.8708333333333333,240,1.0,1.0,0.0,0.0,ARC-AGI-1,aa922be204204ec148a1137fe6ed4d34ddde812b,training,279
b527c5c6,no_deterministic_local_rule,4,1,29,0,29,0.0586599389789626,,,,0,0.0,0.0,0.0,,,abstained,,0,0,,,,,,1,0,0.0,0.0,0,0.0,0.0,,0,,0,0.0,,,,ARC-AGI-1,aa922be204204ec148a1137fe6ed4d34ddde812b,training,280
b548a754,no_deterministic_local_rule,3,1,29,0,29,0.01955841202288866,,,4,1,0.0,0.0,0.0,,,abstained,,0,0,,,,,,1,0,0.0,0.0,0,0.0,0.0,,0,,0,0.0,,,,ARC-AGI-1,aa922be204204ec148a1137fe6ed4d34ddde812b,training,281
b60334d2,selected,2,1,29,3,26,0.013221406959928572,0.5,0.9506172839506173,,0,0.0,0.0,1.0,moore_r1,956.0,predicted_incorrect,moore_r1,9,18,796.0,8.0,804.0,0.9506172839506173,0.9506172839506173,1,0,0.0,0.0,0,0.0,0.0,von_neumann_r2,1,0.9506172839506173,81,1.0,1.0,0.0,0.0,ARC-AGI-1,aa922be204204ec148a1137fe6ed4d34ddde812b,training,282
b6afb2da,selected,2,1,29,4,25,0.01707384397741407,0.0,0.94,,0,0.0,0.0,1.0,von_neumann_r1,529.0,predicted_incorrect,von_neumann_r1,5,19,505.0,8.0,513.0,0.98,0.98,1,0,0.0,0.0,0,0.0,0.0,von_neumann_r2,1,0.99,100,1.0,1.0,0.0,0.0,ARC-AGI-1,aa922be204204ec148a1137fe6ed4d34ddde812b,training,283
b7249182,no_deterministic_local_rule,3,1,29,0,29,0.030696243979036808,,,6;7,2,0.0,0.0,0.0,,,abstained,,0,0,,,,,,1,0,0.0,0.0,0,0.0,0.0,,0,,0,0.0,,,,ARC-AGI-1,aa922be204204ec148a1137fe6ed4d34ddde812b,training,284
b775ac94,no_deterministic_local_rule,3,1,29,0,29,0.06751107599120587,,,,0,0.0,0.0,0.0,,,abstained,,0,0,,,,,,1,0,0.0,0.0,0,0.0,0.0,,0,,0,0.0,,,,ARC-AGI-1,aa922be204204ec148a1137fe6ed4d34ddde812b,training,285
b782dc8a,no_deterministic_local_rule,2,1,29,0,29,0.024211117066442966,,,,0,0.0,0.0,0.0,,,abstained,,0,0,,,,,,1,0,0.0,0.0,0,0.0,0.0,,0,,0,0.0,,,,ARC-AGI-1,aa922be204204ec148a1137fe6ed4d34ddde812b,training,286
b8825c91,selected,4,1,29,2,27,0.07818080205470324,0.0,0.923828125,,0,0.0,0.0,1.0,von_neumann_r2,5870.0,predicted_incorrect,von_neumann_r2,13,78,4470.0,8.0,4478.0,0.0,0.0,1,0,0.0,0.0,0,0.0,0.0,,1,0.90234375,256,1.0,1.0,0.0,0.0,ARC-AGI-1,aa922be204204ec148a1137fe6ed4d34ddde812b,training,287
b8cdaf2b,selected,4,1,29,1,28,0.01101207104511559,0.0,0.8888888888888888,,0,0.0,0.0,0.0,,,predicted_incorrect,moore_r2,25,12,1420.0,8.0,1428.0,0.5802469135802469,0.5802469135802469,1,0,0.0,0.0,0,0.0,0.0,,1,0.9259259259259259,81,1.0,1.0,0.0,0.0,ARC-AGI-1,aa922be204204ec148a1137fe6ed4d34ddde812b,training,288
b91ae062,unsupported_shape_change,5,1,29,0,0,1.9830185920000076e-06,,,,0,0.0,0.0,0.0,,,abstained,,0,0,,,,,,1,0,0.0,0.0,0,0.0,0.0,,0,,0,0.0,,,,ARC-AGI-1,aa922be204204ec148a1137fe6ed4d34ddde812b,training,289
b94a9452,unsupported_shape_change,3,1,29,0,0,1.0189833119511604e-06,,,8,1,0.0,0.0,0.0,,,abstained,,0,0,,,,,,1,0,0.0,0.0,0,0.0,0.0,,0,,0,0.0,,,,ARC-AGI-1,aa922be204204ec148a1137fe6ed4d34ddde812b,training,290
b9b7f026,unsupported_shape_change,3,1,29,0,0,8.220085874199867e-07,,,,0,0.0,0.0,0.0,,,abstained,,0,0,,,,,,1,0,0.0,0.0,0,0.0,0.0,,0,,0,0.0,,,,ARC-AGI-1,aa922be204204ec148a1137fe6ed4d34ddde812b,training,291
ba26e723,no_deterministic_local_rule,5,1,29,0,29,0.011882594902999699,,,,0,0.0,0.0,0.0,,,abstained,,0,0,,,,,,1,0,0.0,0.0,0,0.0,0.0,,0,,0,0.0,,,,ARC-AGI-1,aa922be204204ec148a1137fe6ed4d34ddde812b,training,292
ba97ae07,selected,4,1,29,4,25,0.036327478010207415,0.0,0.9702380952380952,4;5,2,0.0,0.0,1.0,von_neumann_r1,216.0,predicted_incorrect,von_neumann_r1,5,5,165.0,8.0,173.0,0.21212121212121213,0.21212121212121213,1,0,0.0,0.0,0,0.0,0.0,,1,0.9393939393939394,66,1.0,1.0,0.0,0.0,ARC-AGI-1,aa922be204204ec148a1137fe6ed4d34ddde812b,training,293
bb43febb,selected,2,1,29,4,25,0.016808968037366867,1.0,1.0,,0,0.0,0.0,1.0,von_neumann_r1,68.0,solved,von_neumann_r1,5,1,68.0,8.0,76.0,0.86,0.86,1,1,1.0,1.0,1,1.0,1.0,von_neumann_r2,1,1.0,100,1.0,1.0,0.0,0.0,ARC-AGI-1,aa922be204204ec148a1137fe6ed4d34ddde812b,training,294
bbc9ae5d,unsupported_shape_change,5,1,29,0,0,1.7069978639483452e-06,,,,0,0.0,0.0,0.0,,,abstained,,0,0,,,,,,1,0,0.0,0.0,0,0.0,0.0,,0,,0,0.0,,,,ARC-AGI-1,aa922be204204ec148a1137fe6ed4d34ddde812b,training,295
bc1d5164,unsupported_shape_change,5,1,29,0,0,9.010545909404755e-07,,,1,1,0.0,0.0,0.0,,,abstained,,0,0,,,,,,1,0,0.0,0.0,0,0.0,0.0,,0,,0,0.0,,,,ARC-AGI-1,aa922be204204ec148a1137fe6ed4d34ddde812b,training,296
bd4472b8,no_deterministic_local_rule,3,1,29,0,29,0.005892498069442809,,,,0,0.0,0.0,0.0,,,abstained,,0,0,,,,,,1,0,0.0,0.0,0,0.0,0.0,,0,,0,0.0,,,,ARC-AGI-1,aa922be204204ec148a1137fe6ed4d34ddde812b,training,297
bda2d7a6,selected,3,2,29,4,25,0.016372967045754194,0.0,0.0,1;9,2,0.0,0.0,1.0,moore_r1,7761.0,predicted_incorrect,von_neumann_r1,5,68,1683.0,8.0,1691.0,0.0625,0.0,2,0,0.0,0.0,0,0.0,0.0,moore_r1,2,0.04,100,1.0,1.0,0.0,0.0,ARC-AGI-1,aa922be204204ec148a1137fe6ed4d34ddde812b,training,298
bdad9b1f,no_deterministic_local_rule,2,1,29,0,29,0.004850452998653054,,,,0,0.0,0.0,0.0,,,abstained,,0,0,,,,,,1,0,0.0,0.0,0,0.0,0.0,,0,,0,0.0,,,,ARC-AGI-1,aa922be204204ec148a1137fe6ed4d34ddde812b,training,299
be94b721,unsupported_shape_change,4,1,29,0,0,1.7799902707338333e-06,,,5,1,0.0,0.0,0.0,,,abstained,,0,0,,,,,,1,0,0.0,0.0,0,0.0,0.0,,0,,0,0.0,,,,ARC-AGI-1,aa922be204204ec148a1137fe6ed4d34ddde812b,training,300
beb8660c,selected,3,1,29,2,27,0.01092384394723922,0.0,0.5420560747663551,7;9,2,0.0,0.0,1.0,moore_r2,9951.0,predicted_incorrect,von_neumann_r2,13,48,2789.0,8.0,2797.0,0.07954545454545454,0.07954545454545454,1,0,0.0,0.0,0,0.0,0.0,moore_r2,1,0.48863636363636365,88,1.0,1.0,0.0,0.0,ARC-AGI-1,aa922be204204ec148a1137fe6ed4d34ddde812b,training,301
c0f76784,selected,3,1,29,2,27,0.031178686069324613,0.3333333333333333,0.9837962962962963,,0,0.0,0.0,1.0,von_neumann_r2,1388.0,predicted_incorrect,von_neumann_r2,13,21,1276.0,8.0,1284.0,0.7916666666666666,0.7916666666666666,1,0,0.0,0.0,0,0.0,0.0,,1,0.9861111111111112,144,1.0,1.0,0.0,0.0,ARC-AGI-1,aa922be204204ec148a1137fe6ed4d34ddde812b,training,302
c1d99e64,selected,3,1,29,2,27,0.04570192296523601,0.0,0.847926267281106,4,1,0.0,0.0,1.0,von_neumann_r2,11249.0,predicted_incorrect,von_neumann_r2,13,93,5310.0,8.0,5318.0,0.0,0.0,1,0,0.0,0.0,0,0.0,0.0,,1,0.8177777777777778,675,1.0,1.0,0.0,0.0,ARC-AGI-1,aa922be204204ec148a1137fe6ed4d34ddde812b,training,303
c3e719e8,unsupported_shape_change,3,1,29,0,0,1.5730038285255432e-06,,,1;5,2,0.0,0.0,0.0,,,abstained,,0,0,,,,,,1,0,0.0,0.0,0,0.0,0.0,,0,,0,0.0,,,,ARC-AGI-1,aa922be204204ec148a1137fe6ed4d34ddde812b,training,304
c3f564a4,selected,3,1,29,2,27,0.053651641006581485,0.0,0.86328125,8,1,0.0,0.0,1.0,moore_r2,16818.0,predicted_incorrect,von_neumann_r2,13,113,6430.0,8.0,6438.0,0.2421875,0.2421875,1,0,0.0,0.0,0,0.0,0.0,moore_r2,1,0.8515625,256,1.0,1.0,0.0,0.0,ARC-AGI-1,aa922be204204ec148a1137fe6ed4d34ddde812b,training,305
c444b776,no_deterministic_local_rule,2,1,29,0,29,0.0248513410333544,,,6,1,0.0,0.0,0.0,,,abstained,,0,0,,,,,,1,0,0.0,0.0,0,0.0,0.0,,0,,0,0.0,,,,ARC-AGI-1,aa922be204204ec148a1137fe6ed4d34ddde812b,training,306
c59eb873,unsupported_shape_change,3,1,29,0,0,3.544962964951992e-06,,,6;7;8,3,0.0,0.0,0.0,,,abstained,,0,0,,,,,,1,0,0.0,0.0,0,0.0,0.0,,0,,0,0.0,,,,ARC-AGI-1,aa922be204204ec148a1137fe6ed4d34ddde812b,training,307
c8cbb738,unsupported_shape_change,3,1,29,0,0,8.540228009223938e-07,,,6,1,0.0,0.0,0.0,,,abstained,,0,0,,,,,,1,0,0.0,0.0,0,0.0,0.0,,0,,0,0.0,,,,ARC-AGI-1,aa922be204204ec148a1137fe6ed4d34ddde812b,training,308
c8f0f002,selected,3,1,29,29,0,0.02567166101653129,1.0,1.0,,0,0.0,0.0,1.0,center,24.0,solved,center,1,1,24.0,8.0,32.0,1.0,1.0,1,1,1.0,1.0,1,1.0,1.0,center_wire_+2_-2,1,1.0,15,1.0,1.0,0.0,0.0,ARC-AGI-1,aa922be204204ec148a1137fe6ed4d34ddde812b,training,309
c909285e,unsupported_shape_change,3,1,29,0,0,1.7100246623158455e-06,,,,0,0.0,0.0,0.0,,,abstained,,0,0,,,,,,1,0,0.0,0.0,0,0.0,0.0,,0,,0,0.0,,,,ARC-AGI-1,aa922be204204ec148a1137fe6ed4d34ddde812b,training,310
c9e6f938,unsupported_shape_change,3,1,29,0,0,1.0479707270860672e-06,,,,0,0.0,0.0,0.0,,,abstained,,0,0,,,,,,1,0,0.0,0.0,0,0.0,0.0,,0,,0,0.0,,,,ARC-AGI-1,aa922be204204ec148a1137fe6ed4d34ddde812b,training,311
c9f8e694,no_deterministic_local_rule,2,1,29,0,29,0.014280466013588011,,,7;8,2,0.0,0.0,0.0,,,abstained,,0,0,,,,,,1,0,0.0,0.0,0,0.0,0.0,,0,,0,0.0,,,,ARC-AGI-1,aa922be204204ec148a1137fe6ed4d34ddde812b,training,312
caa06a1f,no_deterministic_local_rule,3,1,29,0,29,0.012184162973426282,,,8,1,0.0,0.0,0.0,,,abstained,,0,0,,,,,,1,0,0.0,0.0,0,0.0,0.0,,0,,0,0.0,,,,ARC-AGI-1,aa922be204204ec148a1137fe6ed4d34ddde812b,training,313
cbded52d,no_deterministic_local_rule,3,1,29,0,29,0.010977271944284439,,,6;8,2,0.0,0.0,0.0,,,abstained,,0,0,,,,,,1,0,0.0,0.0,0,0.0,0.0,,0,,0,0.0,,,,ARC-AGI-1,aa922be204204ec148a1137fe6ed4d34ddde812b,training,314
cce03e0d,unsupported_shape_change,3,1,29,0,0,1.576961949467659e-06,,,,0,0.0,0.0,0.0,,,abstained,,0,0,,,,,,1,0,0.0,0.0,0,0.0,0.0,,0,,0,0.0,,,,ARC-AGI-1,aa922be204204ec148a1137fe6ed4d34ddde812b,training,315
cdecee7f,unsupported_shape_change,3,1,29,0,0,7.349299266934395e-07,,,,0,0.0,0.0,0.0,,,abstained,,0,0,,,,,,1,0,0.0,0.0,0,0.0,0.0,,0,,0,0.0,,,,ARC-AGI-1,aa922be204204ec148a1137fe6ed4d34ddde812b,training,316
ce22a75a,selected,2,1,29,3,26,0.013343699974939227,0.0,0.9691358024691358,,0,0.0,0.0,1.0,moore_r1,1076.0,predicted_incorrect,moore_r1,9,21,916.0,8.0,924.0,0.9135802469135802,0.9135802469135802,1,0,0.0,0.0,0,0.0,0.0,von_neumann_r2,1,0.9259259259259259,81,1.0,1.0,0.0,0.0,ARC-AGI-1,aa922be204204ec148a1137fe6ed4d34ddde812b,training,317
ce4f8723,unsupported_shape_change,4,1,29,0,0,1.4381948858499527e-05,,,,0,0.0,0.0,0.0,,,abstained,,0,0,,,,,,1,0,0.0,0.0,0,0.0,0.0,,0,,0,0.0,,,,ARC-AGI-1,aa922be204204ec148a1137fe6ed4d34ddde812b,training,318
ce602527,unsupported_shape_change,4,1,29,0,0,7.67991878092289e-07,,,,0,0.0,0.0,0.0,,,abstained,,0,0,,,,,,1,0,0.0,0.0,0,0.0,0.0,,0,,0,0.0,,,,ARC-AGI-1,aa922be204204ec148a1137fe6ed4d34ddde812b,training,319
ce9e57f2,no_deterministic_local_rule,3,1,29,0,29,0.011836971971206367,,,,0,0.0,0.0,0.0,,,abstained,,0,0,,,,,,1,0,0.0,0.0,0,0.0,0.0,,0,,0,0.0,,,,ARC-AGI-1,aa922be204204ec148a1137fe6ed4d34ddde812b,training,320
cf98881b,unsupported_shape_change,5,1,29,0,0,1.4678924344480038e-05,,,,0,0.0,0.0,0.0,,,abstained,,0,0,,,,,,1,0,0.0,0.0,0,0.0,0.0,,0,,0,0.0,,,,ARC-AGI-1,aa922be204204ec148a1137fe6ed4d34ddde812b,training,321
d037b0a7,selected,3,1,29,3,26,0.006322236964479089,0.0,0.6296296296296297,,0,0.0,0.0,1.0,moore_r1,635.0,predicted_incorrect,moore_r1,9,10,475.0,8.0,483.0,0.0,0.0,1,0,0.0,0.0,0,0.0,0.0,,1,0.5555555555555556,9,1.0,1.0,0.0,0.0,ARC-AGI-1,aa922be204204ec148a1137fe6ed4d34ddde812b,training,322
d06dbe63,no_deterministic_local_rule,2,1,29,0,29,0.016341387992724776,,,,0,0.0,0.0,0.0,,,abstained,,0,0,,,,,,1,0,0.0,0.0,0,0.0,0.0,,0,,0,0.0,,,,ARC-AGI-1,aa922be204204ec148a1137fe6ed4d34ddde812b,training,323
d07ae81c,no_deterministic_local_rule,3,1,29,0,29,0.029297680011950433,,,,0,0.0,0.0,0.0,,,abstained,,0,0,,,,,,1,0,0.0,0.0,0,0.0,0.0,,0,,0,0.0,,,,ARC-AGI-1,aa922be204204ec148a1137fe6ed4d34ddde812b,training,324
d0f5fe59,unsupported_shape_change,3,1,29,0,0,1.750071533024311e-06,,,,0,0.0,0.0,0.0,,,abstained,,0,0,,,,,,1,0,0.0,0.0,0,0.0,0.0,,0,,0,0.0,,,,ARC-AGI-1,aa922be204204ec148a1137fe6ed4d34ddde812b,training,325
d10ecb37,unsupported_shape_change,3,1,29,0,0,8.050119504332542e-07,,,9,1,0.0,0.0,0.0,,,abstained,,0,0,,,,,,1,0,0.0,0.0,0,0.0,0.0,,0,,0,0.0,,,,ARC-AGI-1,aa922be204204ec148a1137fe6ed4d34ddde812b,training,326
d13f3404,unsupported_shape_change,3,1,29,0,0,7.059425115585327e-07,,,9,1,0.0,0.0,0.0,,,abstained,,0,0,,,,,,1,0,0.0,0.0,0,0.0,0.0,,0,,0,0.0,,,,ARC-AGI-1,aa922be204204ec148a1137fe6ed4d34ddde812b,training,327
d22278a0,no_deterministic_local_rule,4,1,29,0,29,0.023258510045707226,,,,0,0.0,0.0,0.0,,,abstained,,0,0,,,,,,1,0,0.0,0.0,0,0.0,0.0,,0,,0,0.0,,,,ARC-AGI-1,aa922be204204ec148a1137fe6ed4d34ddde812b,training,328
d23f8c26,selected,3,1,29,6,23,0.011256475001573563,0.0,0.8305084745762712,,0,0.0,0.0,1.0,moore_r1,1397.0,predicted_incorrect,center_wire_+1_-1,2,11,161.0,8.0,169.0,0.8367346938775511,0.8367346938775511,1,0,0.0,0.0,0,0.0,0.0,center_wire_+0_+2,1,0.8367346938775511,49,1.0,1.0,0.0,0.0,ARC-AGI-1,aa922be204204ec148a1137fe6ed4d34ddde812b,training,329
d2abd087,selected,3,1,29,1,28,0.01989606104325503,0.0,0.7366666666666667,,0,0.0,0.0,1.0,moore_r2,11407.0,predicted_incorrect,moore_r2,25,79,8391.0,8.0,8399.0,0.0,0.0,1,0,0.0,0.0,0,0.0,0.0,,1,0.71,100,1.0,1.0,0.0,0.0,ARC-AGI-1,aa922be204204ec148a1137fe6ed4d34ddde812b,training,330
d364b489,selected,2,1,29,4,25,0.017064944026060402,0.0,0.955,,0,0.0,0.0,1.0,von_neumann_r1,433.0,predicted_incorrect,von_neumann_r1,5,15,409.0,8.0,417.0,0.98,0.98,1,0,0.0,0.0,0,0.0,0.0,von_neumann_r2,1,0.99,100,1.0,1.0,0.0,0.0,ARC-AGI-1,aa922be204204ec148a1137fe6ed4d34ddde812b,training,331
d406998b,no_deterministic_local_rule,4,1,29,0,29,0.009800016065128148,,,,0,0.0,0.0,0.0,,,abstained,,0,0,,,,,,1,0,0.0,0.0,0,0.0,0.0,,0,,0,0.0,,,,ARC-AGI-1,aa922be204204ec148a1137fe6ed4d34ddde812b,training,332
d43fd935,no_deterministic_local_rule,3,1,29,0,29,0.015448419959284365,,,2,1,0.0,0.0,0.0,,,abstained,,0,0,,,,,,1,0,0.0,0.0,0,0.0,0.0,,0,,0,0.0,,,,ARC-AGI-1,aa922be204204ec148a1137fe6ed4d34ddde812b,training,333
d4469b4b,unsupported_shape_change,7,2,29,0,0,5.493056960403919e-06,,,,0,0.0,0.0,0.0,,,abstained,,0,0,,,,,,2,0,0.0,0.0,0,0.0,0.0,,0,,0,0.0,,,,ARC-AGI-1,aa922be204204ec148a1137fe6ed4d34ddde812b,training,334
d4a91cb9,no_deterministic_local_rule,3,1,29,0,29,0.016960128908976912,,,,0,0.0,0.0,0.0,,,abstained,,0,0,,,,,,1,0,0.0,0.0,0,0.0,0.0,,0,,0,0.0,,,,ARC-AGI-1,aa922be204204ec148a1137fe6ed4d34ddde812b,training,335
d4f3cd78,no_deterministic_local_rule,2,1,29,0,29,0.01032672799192369,,,,0,0.0,0.0,0.0,,,abstained,,0,0,,,,,,1,0,0.0,0.0,0,0.0,0.0,,0,,0,0.0,,,,ARC-AGI-1,aa922be204204ec148a1137fe6ed4d34ddde812b,training,336
d511f180,selected,3,1,29,29,0,0.025880614994093776,1.0,1.0,,0,0.0,0.0,1.0,center,32.0,solved,center,1,2,32.0,8.0,40.0,1.0,1.0,1,1,1.0,1.0,1,1.0,1.0,center_wire_-2_-2,1,1.0,16,1.0,1.0,0.0,0.0,ARC-AGI-1,aa922be204204ec148a1137fe6ed4d34ddde812b,training,337
d5d6de2d,selected,3,2,29,2,27,0.031227882020175457,0.0,0.8705882352941177,,0,0.0,0.0,0.0,,,predicted_incorrect,von_neumann_r2,13,61,3517.0,8.0,3525.0,0.6608,0.44,2,0,0.0,0.0,0,0.0,0.0,moore_r2,2,0.8717241379310345,725,1.0,1.0,0.0,0.0,ARC-AGI-1,aa922be204204ec148a1137fe6ed4d34ddde812b,training,338
d631b094,unsupported_shape_change,4,1,29,0,0,2.0049046725034714e-06,,,4,1,0.0,0.0,0.0,,,abstained,,0,0,,,,,,1,0,0.0,0.0,0,0.0,0.0,,0,,0,0.0,,,,ARC-AGI-1,aa922be204204ec148a1137fe6ed4d34ddde812b,training,339
d687bc17,no_deterministic_local_rule,3,1,29,0,29,0.02207740000449121,,,,0,0.0,0.0,0.0,,,abstained,,0,0,,,,,,1,0,0.0,0.0,0,0.0,0.0,,0,,0,0.0,,,,ARC-AGI-1,aa922be204204ec148a1137fe6ed4d34ddde812b,training,340
d6ad076f,no_deterministic_local_rule,3,1,29,0,29,0.015623282990418375,,,1,1,0.0,0.0,0.0,,,abstained,,0,0,,,,,,1,0,0.0,0.0,0,0.0,0.0,,0,,0,0.0,,,,ARC-AGI-1,aa922be204204ec148a1137fe6ed4d34ddde812b,training,341
d89b689b,no_deterministic_local_rule,3,1,29,0,29,0.015530506032519042,,,,0,0.0,0.0,0.0,,,abstained,,0,0,,,,,,1,0,0.0,0.0,0,0.0,0.0,,0,,0,0.0,,,,ARC-AGI-1,aa922be204204ec148a1137fe6ed4d34ddde812b,training,342
d8c310e9,no_deterministic_local_rule,3,1,29,0,29,0.012385722948238254,,,6,1,0.0,0.0,0.0,,,abstained,,0,0,,,,,,1,0,0.0,0.0,0,0.0,0.0,,0,,0,0.0,,,,ARC-AGI-1,aa922be204204ec148a1137fe6ed4d34ddde812b,training,343
d90796e8,selected,3,1,29,4,25,0.012951525975950062,0.0,0.9,,0,0.0,0.0,1.0,von_neumann_r1,336.0,predicted_incorrect,von_neumann_r1,5,11,312.0,8.0,320.0,0.6825396825396826,0.6825396825396826,1,0,0.0,0.0,0,0.0,0.0,moore_r1,1,0.9841269841269841,63,1.0,1.0,0.0,0.0,ARC-AGI-1,aa922be204204ec148a1137fe6ed4d34ddde812b,training,344
d9f24cd1,no_deterministic_local_rule,2,1,29,0,29,0.010323513066396117,,,,0,0.0,0.0,0.0,,,abstained,,0,0,,,,,,1,0,0.0,0.0,0,0.0,0.0,,0,,0,0.0,,,,ARC-AGI-1,aa922be204204ec148a1137fe6ed4d34ddde812b,training,345
d9fac9be,unsupported_shape_change,4,1,29,0,0,1.58604234457016e-06,,,,0,0.0,0.0,0.0,,,abstained,,0,0,,,,,,1,0,0.0,0.0,0,0.0,0.0,,0,,0,0.0,,,,ARC-AGI-1,aa922be204204ec148a1137fe6ed4d34ddde812b,training,346
dae9d2b5,unsupported_shape_change,5,2,29,0,0,1.001986674964428e-06,,,,0,0.0,0.0,0.0,,,abstained,,0,0,,,,,,2,0,0.0,0.0,0,0.0,0.0,,0,,0,0.0,,,,ARC-AGI-1,aa922be204204ec148a1137fe6ed4d34ddde812b,training,347
db3e9e38,no_deterministic_local_rule,2,1,29,0,29,0.005656347959302366,,,,0,0.0,0.0,0.0,,,abstained,,0,0,,,,,,1,0,0.0,0.0,0,0.0,0.0,,0,,0,0.0,,,,ARC-AGI-1,aa922be204204ec148a1137fe6ed4d34ddde812b,training,348
db93a21d,no_deterministic_local_rule,4,1,29,0,29,0.05126612598542124,,,,0,0.0,0.0,0.0,,,abstained,,0,0,,,,,,1,0,0.0,0.0,0,0.0,0.0,,0,,0,0.0,,,,ARC-AGI-1,aa922be204204ec148a1137fe6ed4d34ddde812b,training,349
dbc1a6ce,no_deterministic_local_rule,4,1,29,0,29,0.021450257976539433,,,,0,0.0,0.0,0.0,,,abstained,,0,0,,,,,,1,0,0.0,0.0,0,0.0,0.0,,0,,0,0.0,,,,ARC-AGI-1,aa922be204204ec148a1137fe6ed4d34ddde812b,training,350
dc0a314f,unsupported_shape_change,3,1,29,0,0,1.5069963410496712e-06,,,,0,0.0,0.0,0.0,,,abstained,,0,0,,,,,,1,0,0.0,0.0,0,0.0,0.0,,0,,0,0.0,,,,ARC-AGI-1,aa922be204204ec148a1137fe6ed4d34ddde812b,training,351
dc1df850,selected,3,1,29,3,26,0.012328601093031466,0.0,0.8165137614678899,5;7,2,0.0,0.0,1.0,moore_r1,1076.0,solved,moore_r1,9,25,1076.0,8.0,1084.0,0.81,0.81,1,1,1.0,1.0,1,1.0,1.0,von_neumann_r2,1,1.0,100,1.0,1.0,0.0,0.0,ARC-AGI-1,aa922be204204ec148a1137fe6ed4d34ddde812b,training,352
dc433765,selected,7,2,29,1,28,0.030582744046114385,0.0,0.9634146341463414,,0,0.0,0.0,1.0,moore_r2,1733.0,predicted_incorrect,moore_r2,25,13,1524.0,8.0,1532.0,0.47107438016528924,0.0,2,1,0.5,0.0,1,0.5,0.0,,2,0.9846153846153847,130,1.0,1.0,0.0,0.0,ARC-AGI-1,aa922be204204ec148a1137fe6ed4d34ddde812b,training,353
ddf7fa4f,no_deterministic_local_rule,3,1,29,0,29,0.015387541963718832,,,3;9,2,0.0,0.0,0.0,,,abstained,,0,0,,,,,,1,0,0.0,0.0,0,0.0,0.0,,0,,0,0.0,,,,ARC-AGI-1,aa922be204204ec148a1137fe6ed4d34ddde812b,training,354
de1cd16c,unsupported_shape_change,4,1,29,0,0,1.6150297597050667e-06,,,,0,0.0,0.0,0.0,,,abstained,,0,0,,,,,,1,0,0.0,0.0,0,0.0,0.0,,0,,0,0.0,,,,ARC-AGI-1,aa922be204204ec148a1137fe6ed4d34ddde812b,training,355
ded97339,no_deterministic_local_rule,3,1,29,0,29,0.015303560066968203,,,,0,0.0,0.0,0.0,,,abstained,,0,0,,,,,,1,0,0.0,0.0,0,0.0,0.0,,0,,0,0.0,,,,ARC-AGI-1,aa922be204204ec148a1137fe6ed4d34ddde812b,training,356
e179c5f4,no_deterministic_local_rule,3,1,29,0,29,0.006411507027223706,,,,0,0.0,0.0,0.0,,,abstained,,0,0,,,,,,1,0,0.0,0.0,0,0.0,0.0,,0,,0,0.0,,,,ARC-AGI-1,aa922be204204ec148a1137fe6ed4d34ddde812b,training,357
e21d9049,no_deterministic_local_rule,2,1,29,0,29,0.016232697060331702,,,1,1,0.0,0.0,0.0,,,abstained,,0,0,,,,,,1,0,0.0,0.0,0,0.0,0.0,,0,,0,0.0,,,,ARC-AGI-1,aa922be204204ec148a1137fe6ed4d34ddde812b,training,358
e26a3af2,selected,3,1,29,4,25,0.05396478797774762,0.0,0.8482871125611745,,0,0.0,0.0,1.0,von_neumann_r1,3174.0,predicted_incorrect,von_neumann_r1,5,89,2187.0,8.0,2195.0,0.38666666666666666,0.38666666666666666,1,0,0.0,0.0,0,0.0,0.0,moore_r1,1,0.8133333333333334,225,1.0,1.0,0.0,0.0,ARC-AGI-1,aa922be204204ec148a1137fe6ed4d34ddde812b,training,359
e3497940,unsupported_shape_change,3,1,29,0,0,1.3700919225811958e-06,,,1,1,0.0,0.0,0.0,,,abstained,,0,0,,,,,,1,0,0.0,0.0,0,0.0,0.0,,0,,0,0.0,,,,ARC-AGI-1,aa922be204204ec148a1137fe6ed4d34ddde812b,training,360
e40b9e2f,selected,3,1,29,2,27,0.022822431987151504,0.0,0.95,2,1,0.0,0.0,1.0,moore_r2,3293.0,predicted_incorrect,von_neumann_r2,13,15,940.0,8.0,948.0,0.53,0.53,1,0,0.0,0.0,0,0.0,0.0,,1,0.85,100,1.0,1.0,0.0,0.0,ARC-AGI-1,aa922be204204ec148a1137fe6ed4d34ddde812b,training,361
e48d4e1a,no_deterministic_local_rule,4,1,29,0,29,0.020656284992583096,,,8,1,0.0,0.0,0.0,,,abstained,,0,0,,,,,,1,0,0.0,0.0,0,0.0,0.0,,0,,0,0.0,,,,ARC-AGI-1,aa922be204204ec148a1137fe6ed4d34ddde812b,training,362
e5062a87,selected,3,1,29,2,27,0.02298252296168357,0.0,0.8933333333333333,,0,0.0,0.0,1.0,von_neumann_r2,2565.0,predicted_incorrect,von_neumann_r2,13,32,1893.0,8.0,1901.0,0.01,0.01,1,0,0.0,0.0,0,0.0,0.0,,1,0.88,100,1.0,1.0,0.0,0.0,ARC-AGI-1,aa922be204204ec148a1137fe6ed4d34ddde812b,training,363
e509e548,no_deterministic_local_rule,3,1,29,0,29,0.03152069996576756,,,,0,0.0,0.0,0.0,,,abstained,,0,0,,,,,,1,0,0.0,0.0,0,0.0,0.0,,0,,0,0.0,,,,ARC-AGI-1,aa922be204204ec148a1137fe6ed4d34ddde812b,training,364
e50d258f,unsupported_shape_change,3,1,29,0,0,1.6719568520784378e-06,,,,0,0.0,0.0,0.0,,,abstained,,0,0,,,,,,1,0,0.0,0.0,0,0.0,0.0,,0,,0,0.0,,,,ARC-AGI-1,aa922be204204ec148a1137fe6ed4d34ddde812b,training,365
e6721834,unsupported_shape_change,3,1,29,0,0,9.030336514115334e-07,,,,0,0.0,0.0,0.0,,,abstained,,0,0,,,,,,1,0,0.0,0.0,0,0.0,0.0,,0,,0,0.0,,,,ARC-AGI-1,aa922be204204ec148a1137fe6ed4d34ddde812b,training,366
e73095fd,selected,3,1,29,1,28,0.04095303697977215,0.0,0.9406657018813314,,0,0.0,0.0,1.0,moore_r2,6414.0,predicted_incorrect,moore_r2,25,45,4854.0,8.0,4862.0,0.3715277777777778,0.3715277777777778,1,0,0.0,0.0,0,0.0,0.0,,1,0.9479166666666666,288,1.0,1.0,0.0,0.0,ARC-AGI-1,aa922be204204ec148a1137fe6ed4d34ddde812b,training,367
e76a88a6,selected,2,1,29,1,28,0.012605805997736752,0.0,0.79,1,1,0.0,0.0,0.0,,,predicted_incorrect,moore_r2,25,39,4230.0,8.0,4238.0,0.01,0.01,1,0,0.0,0.0,0,0.0,0.0,,1,0.64,100,1.0,1.0,0.0,0.0,ARC-AGI-1,aa922be204204ec148a1137fe6ed4d34ddde812b,training,368
e8593010,selected,3,1,29,2,27,0.023237092071212828,0.0,0.7666666666666667,,0,0.0,0.0,1.0,von_neumann_r2,5478.0,predicted_incorrect,von_neumann_r2,13,74,4246.0,8.0,4254.0,0.2,0.2,1,0,0.0,0.0,0,0.0,0.0,moore_r2,1,0.78,100,1.0,1.0,0.0,0.0,ARC-AGI-1,aa922be204204ec148a1137fe6ed4d34ddde812b,training,369
e8dc4411,no_deterministic_local_rule,3,1,29,0,29,0.02627449098508805,,,6,1,0.0,0.0,0.0,,,abstained,,0,0,,,,,,1,0,0.0,0.0,0,0.0,0.0,,0,,0,0.0,,,,ARC-AGI-1,aa922be204204ec148a1137fe6ed4d34ddde812b,training,370
e9614598,no_deterministic_local_rule,2,2,29,0,29,0.010291083948686719,,,,0,0.0,0.0,0.0,,,abstained,,0,0,,,,,,2,0,0.0,0.0,0,0.0,0.0,,0,,0,0.0,,,,ARC-AGI-1,aa922be204204ec148a1137fe6ed4d34ddde812b,training,371
e98196ab,unsupported_shape_change,3,1,29,0,0,1.444946974515915e-06,,,6,1,0.0,0.0,0.0,,,abstained,,0,0,,,,,,1,0,0.0,0.0,0,0.0,0.0,,0,,0,0.0,,,,ARC-AGI-1,aa922be204204ec148a1137fe6ed4d34ddde812b,training,372
e9afcf9a,no_deterministic_local_rule,2,1,29,0,29,0.0027625419897958636,,,2;6,2,0.0,0.0,0.0,,,abstained,,0,0,,,,,,1,0,0.0,0.0,0,0.0,0.0,,0,,0,0.0,,,,ARC-AGI-1,aa922be204204ec148a1137fe6ed4d34ddde812b,training,373
ea32f347,no_deterministic_local_rule,4,1,29,0,29,0.020393438055180013,,,,0,0.0,0.0,0.0,,,abstained,,0,0,,,,,,1,0,0.0,0.0,0,0.0,0.0,,0,,0,0.0,,,,ARC-AGI-1,aa922be204204ec148a1137fe6ed4d34ddde812b,training,374
ea786f4a,selected,3,1,29,2,27,0.009314997936598957,0.0,0.7108433734939759,6,1,0.0,0.0,0.0,,,predicted_incorrect,von_neumann_r2,13,24,1444.0,8.0,1452.0,0.0,0.0,1,0,0.0,0.0,0,0.0,0.0,,1,0.8347107438016529,121,1.0,1.0,0.0,0.0,ARC-AGI-1,aa922be204204ec148a1137fe6ed4d34ddde812b,training,375
eb281b96,unsupported_shape_change,2,1,29,0,0,1.3640383258461952e-06,,,3,1,0.0,0.0,0.0,,,abstained,,0,0,,,,,,1,0,0.0,0.0,0,0.0,0.0,,0,,0,0.0,,,,ARC-AGI-1,aa922be204204ec148a1137fe6ed4d34ddde812b,training,376
eb5a1d5d,unsupported_shape_change,3,1,29,0,0,6.760237738490105e-07,,,,0,0.0,0.0,0.0,,,abstained,,0,0,,,,,,1,0,0.0,0.0,0,0.0,0.0,,0,,0,0.0,,,,ARC-AGI-1,aa922be204204ec148a1137fe6ed4d34ddde812b,training,377
ec883f72,no_deterministic_local_rule,4,1,29,0,29,0.017465613898821175,,,,0,0.0,0.0,0.0,,,abstained,,0,0,,,,,,1,0,0.0,0.0,0,0.0,0.0,,0,,0,0.0,,,,ARC-AGI-1,aa922be204204ec148a1137fe6ed4d34ddde812b,training,378
ecdecbb3,no_deterministic_local_rule,3,1,29,0,29,0.028676657006144524,,,,0,0.0,0.0,0.0,,,abstained,,0,0,,,,,,1,0,0.0,0.0,0,0.0,0.0,,0,,0,0.0,,,,ARC-AGI-1,aa922be204204ec148a1137fe6ed4d34ddde812b,training,379
ed36ccf7,selected,4,1,29,4,25,0.010196259012445807,0.0,0.5,5,1,0.0,0.0,1.0,von_neumann_r1,577.0,predicted_incorrect,von_neumann_r1,5,18,481.0,8.0,489.0,0.0,0.0,1,0,0.0,0.0,0,0.0,0.0,,1,0.5555555555555556,9,1.0,1.0,0.0,0.0,ARC-AGI-1,aa922be204204ec148a1137fe6ed4d34ddde812b,training,380
ef135b50,selected,3,1,29,1,28,0.019732529995962977,0.0,0.9166666666666666,,0,0.0,0.0,1.0,moore_r2,3918.0,predicted_incorrect,moore_r2,25,29,3189.0,8.0,3197.0,0.04,0.04,1,0,0.0,0.0,0,0.0,0.0,,1,0.93,100,1.0,1.0,0.0,0.0,ARC-AGI-1,aa922be204204ec148a1137fe6ed4d34ddde812b,training,381
f15e1fac,no_deterministic_local_rule,3,1,29,0,29,0.0235178479924798,,,,0,0.0,0.0,0.0,,,abstained,,0,0,,,,,,1,0,0.0,0.0,0,0.0,0.0,,0,,0,0.0,,,,ARC-AGI-1,aa922be204204ec148a1137fe6ed4d34ddde812b,training,382
f1cefba8,no_deterministic_local_rule,3,1,29,0,29,0.036724549951031804,,,,0,0.0,0.0,0.0,,,abstained,,0,0,,,,,,1,0,0.0,0.0,0,0.0,0.0,,0,,0,0.0,,,,ARC-AGI-1,aa922be204204ec148a1137fe6ed4d34ddde812b,training,383
f25fbde4,unsupported_shape_change,3,1,29,0,0,1.6009435057640076e-06,,,,0,0.0,0.0,0.0,,,abstained,,0,0,,,,,,1,0,0.0,0.0,0,0.0,0.0,,0,,0,0.0,,,,ARC-AGI-1,aa922be204204ec148a1137fe6ed4d34ddde812b,training,384
f25ffba3,no_deterministic_local_rule,2,1,29,0,29,0.00533119507599622,,,1;7,2,0.0,0.0,0.0,,,abstained,,0,0,,,,,,1,0,0.0,0.0,0,0.0,0.0,,0,,0,0.0,,,,ARC-AGI-1,aa922be204204ec148a1137fe6ed4d34ddde812b,training,385
f2829549,unsupported_shape_change,5,1,29,0,0,1.4230608940124512e-06,,,,0,0.0,0.0,0.0,,,abstained,,0,0,,,,,,1,0,0.0,0.0,0,0.0,0.0,,0,,0,0.0,,,,ARC-AGI-1,aa922be204204ec148a1137fe6ed4d34ddde812b,training,386
f35d900a,no_deterministic_local_rule,4,1,29,0,29,0.045366437057964504,,,,0,0.0,0.0,0.0,,,abstained,,0,0,,,,,,1,0,0.0,0.0,0,0.0,0.0,,0,,0,0.0,,,,ARC-AGI-1,aa922be204204ec148a1137fe6ed4d34ddde812b,training,387
f5b8619d,unsupported_shape_change,3,1,29,0,0,1.8129358068108559e-06,,,3,1,0.0,0.0,0.0,,,abstained,,0,0,,,,,,1,0,0.0,0.0,0,0.0,0.0,,0,,0,0.0,,,,ARC-AGI-1,aa922be204204ec148a1137fe6ed4d34ddde812b,training,388
f76d97a5,selected,3,1,29,4,25,0.0100528160110116,0.0,0.0,3,1,0.0,0.0,1.0,von_neumann_r1,1899.0,predicted_incorrect,von_neumann_r1,5,53,1322.0,8.0,1330.0,0.0,0.0,1,0,0.0,0.0,0,0.0,0.0,,1,0.0,25,1.0,1.0,0.0,0.0,ARC-AGI-1,aa922be204204ec148a1137fe6ed4d34ddde812b,training,389
f8a8fe49,no_deterministic_local_rule,3,1,29,0,29,0.031699824961833656,,,,0,0.0,0.0,0.0,,,abstained,,0,0,,,,,,1,0,0.0,0.0,0,0.0,0.0,,0,,0,0.0,,,,ARC-AGI-1,aa922be204204ec148a1137fe6ed4d34ddde812b,training,390
f8b3ba0a,unsupported_shape_change,4,1,29,0,0,1.6849953681230545e-06,,,,0,0.0,0.0,0.0,,,abstained,,0,0,,,,,,1,0,0.0,0.0,0,0.0,0.0,,0,,0,0.0,,,,ARC-AGI-1,aa922be204204ec148a1137fe6ed4d34ddde812b,training,391
f8c80d96,no_deterministic_local_rule,3,1,29,0,29,0.015458230045624077,,,4,1,0.0,0.0,0.0,,,abstained,,0,0,,,,,,1,0,0.0,0.0,0,0.0,0.0,,0,,0,0.0,,,,ARC-AGI-1,aa922be204204ec148a1137fe6ed4d34ddde812b,training,392
f8ff0b80,unsupported_shape_change,3,1,29,0,0,1.3649696484208107e-06,,,6,1,0.0,0.0,0.0,,,abstained,,0,0,,,,,,1,0,0.0,0.0,0,0.0,0.0,,0,,0,0.0,,,,ARC-AGI-1,aa922be204204ec148a1137fe6ed4d34ddde812b,training,393
f9012d9b,unsupported_shape_change,3,1,29,0,0,7.440103217959404e-07,,,,0,0.0,0.0,0.0,,,abstained,,0,0,,,,,,1,0,0.0,0.0,0,0.0,0.0,,0,,0,0.0,,,,ARC-AGI-1,aa922be204204ec148a1137fe6ed4d34ddde812b,training,394
fafffa47,unsupported_shape_change,5,1,29,0,0,7.760245352983475e-07,,,,0,0.0,0.0,0.0,,,abstained,,0,0,,,,,,1,0,0.0,0.0,0,0.0,0.0,,0,,0,0.0,,,,ARC-AGI-1,aa922be204204ec148a1137fe6ed4d34ddde812b,training,395
fcb5c309,unsupported_shape_change,3,1,29,0,0,7.760245352983475e-07,,,8,1,0.0,0.0,0.0,,,abstained,,0,0,,,,,,1,0,0.0,0.0,0,0.0,0.0,,0,,0,0.0,,,,ARC-AGI-1,aa922be204204ec148a1137fe6ed4d34ddde812b,training,396
fcc82909,no_deterministic_local_rule,3,1,29,0,29,0.01537059701513499,,,,0,0.0,0.0,0.0,,,abstained,,0,0,,,,,,1,0,0.0,0.0,0,0.0,0.0,,0,,0,0.0,,,,ARC-AGI-1,aa922be204204ec148a1137fe6ed4d34ddde812b,training,397
feca6190,unsupported_shape_change,5,1,29,0,0,1.644948497414589e-06,,,,0,0.0,0.0,0.0,,,abstained,,0,0,,,,,,1,0,0.0,0.0,0,0.0,0.0,,0,,0,0.0,,,,ARC-AGI-1,aa922be204204ec148a1137fe6ed4d34ddde812b,training,398
ff28f65a,unsupported_shape_change,8,3,29,0,0,8.529750630259514e-07,,,,0,0.0,0.0,0.0,,,abstained,,0,0,,,,,,3,0,0.0,0.0,0,0.0,0.0,,0,,0,0.0,,,,ARC-AGI-1,aa922be204204ec148a1137fe6ed4d34ddde812b,training,399
ff805c23,unsupported_shape_change,3,1,29,0,0,7.649650797247887e-07,,,4,1,0.0,0.0,0.0,,,abstained,,0,0,,,,,,1,0,0.0,0.0,0,0.0,0.0,,0,,0,0.0,,,,ARC-AGI-1,aa922be204204ec148a1137fe6ed4d34ddde812b,training,400
