task_id,selection_status,candidates_evaluated,exact_training_candidates,selection_seconds,program,program_kind,description_bits,wrapper_description_bits,total_description_bits,onehot_gates_per_cell_upper,outcome,labeled_pairs,pair_exact_count,pair_exact_rate,task_exact,matching_shape_pairs,cell_accuracy,scored_cells,mean_steps,max_steps,stop_reasons,dynamic_gate_upper_bound,local_dynamic_gate_upper_bound,fixed_point_detection_gate_upper_bound,median_seconds,p95_seconds,dataset,dataset_commit,split,task_index
007bbfb7,unsupported_shape_change,0,0,3.31108458340168e-06,,,,,,,abstained,1,0,0.0,0.0,0,,0,,,,,,,,,ARC-AGI-1,aa922be204204ec148a1137fe6ed4d34ddde812b,training,1
00d62c1b,no_exact_program,73,0,0.004844579030759633,,,,,,,abstained,1,0,0.0,0.0,0,,0,,,,,,,,,ARC-AGI-1,aa922be204204ec148a1137fe6ed4d34ddde812b,training,2
017c7c7b,unsupported_shape_change,0,0,1.7919810488820076e-06,,,,,,,abstained,1,0,0.0,0.0,0,,0,,,,,,,,,ARC-AGI-1,aa922be204204ec148a1137fe6ed4d34ddde812b,training,3
025d127b,no_exact_program,49,0,0.0007288529304787517,,,,,,,abstained,1,0,0.0,0.0,0,,0,,,,,,,,,ARC-AGI-1,aa922be204204ec148a1137fe6ed4d34ddde812b,training,4
045e512c,no_exact_program,49,0,0.0008367070695385337,,,,,,,abstained,1,0,0.0,0.0,0,,0,,,,,,,,,ARC-AGI-1,aa922be204204ec148a1137fe6ed4d34ddde812b,training,5
0520fde7,unsupported_shape_change,0,0,1.2440141290426254e-06,,,,,,,abstained,1,0,0.0,0.0,0,,0,,,,,,,,,ARC-AGI-1,aa922be204204ec148a1137fe6ed4d34ddde812b,training,6
05269061,no_exact_program,49,0,0.0007075850153341889,,,,,,,abstained,1,0,0.0,0.0,0,,0,,,,,,,,,ARC-AGI-1,aa922be204204ec148a1137fe6ed4d34ddde812b,training,7
05f2a901,no_exact_program,49,0,0.0007247870089486241,,,,,,,abstained,1,0,0.0,0.0,0,,0,,,,,,,,,ARC-AGI-1,aa922be204204ec148a1137fe6ed4d34ddde812b,training,8
06df4c85,no_exact_program,49,0,0.0008320920169353485,,,,,,,abstained,1,0,0.0,0.0,0,,0,,,,,,,,,ARC-AGI-1,aa922be204204ec148a1137fe6ed4d34ddde812b,training,9
08ed6ac7,no_exact_program,49,0,0.000936634954996407,,,,,,,abstained,1,0,0.0,0.0,0,,0,,,,,,,,,ARC-AGI-1,aa922be204204ec148a1137fe6ed4d34ddde812b,training,10
09629e4f,no_exact_program,49,0,0.0007712249644100666,,,,,,,abstained,1,0,0.0,0.0,0,,0,,,,,,,,,ARC-AGI-1,aa922be204204ec148a1137fe6ed4d34ddde812b,training,11
0962bcdd,no_exact_program,49,0,0.0007203780114650726,,,,,,,abstained,1,0,0.0,0.0,0,,0,,,,,,,,,ARC-AGI-1,aa922be204204ec148a1137fe6ed4d34ddde812b,training,12
0a938d79,no_exact_program,49,0,0.0007973960600793362,,,,,,,abstained,1,0,0.0,0.0,0,,0,,,,,,,,,ARC-AGI-1,aa922be204204ec148a1137fe6ed4d34ddde812b,training,13
0b148d64,unsupported_shape_change,0,0,1.2479722499847412e-06,,,,,,,abstained,1,0,0.0,0.0,0,,0,,,,,,,,,ARC-AGI-1,aa922be204204ec148a1137fe6ed4d34ddde812b,training,14
0ca9ddb6,no_exact_program,49,0,0.0007151549216359854,,,,,,,abstained,1,0,0.0,0.0,0,,0,,,,,,,,,ARC-AGI-1,aa922be204204ec148a1137fe6ed4d34ddde812b,training,15
0d3d703e,no_exact_program,49,0,0.0007004659855738282,,,,,,,abstained,1,0,0.0,0.0,0,,0,,,,,,,,,ARC-AGI-1,aa922be204204ec148a1137fe6ed4d34ddde812b,training,16
0dfd9992,no_exact_program,49,0,0.0008339739870280027,,,,,,,abstained,1,0,0.0,0.0,0,,0,,,,,,,,,ARC-AGI-1,aa922be204204ec148a1137fe6ed4d34ddde812b,training,17
0e206a2e,no_exact_program,49,0,0.0007616860093548894,,,,,,,abstained,1,0,0.0,0.0,0,,0,,,,,,,,,ARC-AGI-1,aa922be204204ec148a1137fe6ed4d34ddde812b,training,18
10fcaaa3,unsupported_shape_change,0,0,1.1239899322390556e-06,,,,,,,abstained,1,0,0.0,0.0,0,,0,,,,,,,,,ARC-AGI-1,aa922be204204ec148a1137fe6ed4d34ddde812b,training,19
11852cab,no_exact_program,49,0,0.0007184380665421486,,,,,,,abstained,1,0,0.0,0.0,0,,0,,,,,,,,,ARC-AGI-1,aa922be204204ec148a1137fe6ed4d34ddde812b,training,20
1190e5a7,unsupported_shape_change,0,0,1.350068487226963e-06,,,,,,,abstained,1,0,0.0,0.0,0,,0,,,,,,,,,ARC-AGI-1,aa922be204204ec148a1137fe6ed4d34ddde812b,training,21
137eaa0f,unsupported_shape_change,0,0,1.1200318112969398e-06,,,,,,,abstained,1,0,0.0,0.0,0,,0,,,,,,,,,ARC-AGI-1,aa922be204204ec148a1137fe6ed4d34ddde812b,training,22
150deff5,no_exact_program,49,0,0.0007178729865700006,,,,,,,abstained,1,0,0.0,0.0,0,,0,,,,,,,,,ARC-AGI-1,aa922be204204ec148a1137fe6ed4d34ddde812b,training,23
178fcbfb,no_exact_program,49,0,0.0007165600545704365,,,,,,,abstained,1,0,0.0,0.0,0,,0,,,,,,,,,ARC-AGI-1,aa922be204204ec148a1137fe6ed4d34ddde812b,training,24
1a07d186,no_exact_program,49,0,0.0007559749064967036,,,,,,,abstained,1,0,0.0,0.0,0,,0,,,,,,,,,ARC-AGI-1,aa922be204204ec148a1137fe6ed4d34ddde812b,training,25
1b2d62fb,unsupported_shape_change,0,0,1.2909295037388802e-06,,,,,,,abstained,1,0,0.0,0.0,0,,0,,,,,,,,,ARC-AGI-1,aa922be204204ec148a1137fe6ed4d34ddde812b,training,26
1b60fb0c,no_exact_program,73,0,0.00477106508333236,,,,,,,abstained,1,0,0.0,0.0,0,,0,,,,,,,,,ARC-AGI-1,aa922be204204ec148a1137fe6ed4d34ddde812b,training,27
1bfc4729,no_exact_program,49,0,0.0007146010175347328,,,,,,,abstained,1,0,0.0,0.0,0,,0,,,,,,,,,ARC-AGI-1,aa922be204204ec148a1137fe6ed4d34ddde812b,training,28
1c786137,unsupported_shape_change,0,0,1.1760275810956955e-06,,,,,,,abstained,1,0,0.0,0.0,0,,0,,,,,,,,,ARC-AGI-1,aa922be204204ec148a1137fe6ed4d34ddde812b,training,29
1caeab9d,no_exact_program,49,0,0.0007307019550353289,,,,,,,abstained,1,0,0.0,0.0,0,,0,,,,,,,,,ARC-AGI-1,aa922be204204ec148a1137fe6ed4d34ddde812b,training,30
1cf80156,unsupported_shape_change,0,0,1.1849915608763695e-06,,,,,,,abstained,1,0,0.0,0.0,0,,0,,,,,,,,,ARC-AGI-1,aa922be204204ec148a1137fe6ed4d34ddde812b,training,31
1e0a9b12,no_exact_program,49,0,0.0007007339736446738,,,,,,,abstained,1,0,0.0,0.0,0,,0,,,,,,,,,ARC-AGI-1,aa922be204204ec148a1137fe6ed4d34ddde812b,training,32
1e32b0e9,no_exact_program,49,0,0.0007761179003864527,,,,,,,abstained,1,0,0.0,0.0,0,,0,,,,,,,,,ARC-AGI-1,aa922be204204ec148a1137fe6ed4d34ddde812b,training,33
1f0c79e5,no_exact_program,49,0,0.000721300020813942,,,,,,,abstained,1,0,0.0,0.0,0,,0,,,,,,,,,ARC-AGI-1,aa922be204204ec148a1137fe6ed4d34ddde812b,training,34
1f642eb9,no_exact_program,49,0,0.0007169110467657447,,,,,,,abstained,1,0,0.0,0.0,0,,0,,,,,,,,,ARC-AGI-1,aa922be204204ec148a1137fe6ed4d34ddde812b,training,35
1f85a75f,unsupported_shape_change,0,0,1.2300442904233932e-06,,,,,,,abstained,1,0,0.0,0.0,0,,0,,,,,,,,,ARC-AGI-1,aa922be204204ec148a1137fe6ed4d34ddde812b,training,36
1f876c06,no_exact_program,49,0,0.0007399891037493944,,,,,,,abstained,1,0,0.0,0.0,0,,0,,,,,,,,,ARC-AGI-1,aa922be204204ec148a1137fe6ed4d34ddde812b,training,37
1fad071e,unsupported_shape_change,0,0,1.235981471836567e-06,,,,,,,abstained,1,0,0.0,0.0,0,,0,,,,,,,,,ARC-AGI-1,aa922be204204ec148a1137fe6ed4d34ddde812b,training,38
2013d3e2,unsupported_shape_change,0,0,9.700888767838478e-07,,,,,,,abstained,1,0,0.0,0.0,0,,0,,,,,,,,,ARC-AGI-1,aa922be204204ec148a1137fe6ed4d34ddde812b,training,39
2204b7a8,no_exact_program,49,0,0.0007317779818549752,,,,,,,abstained,1,0,0.0,0.0,0,,0,,,,,,,,,ARC-AGI-1,aa922be204204ec148a1137fe6ed4d34ddde812b,training,40
22168020,no_exact_program,49,0,0.0007273679366335273,,,,,,,abstained,1,0,0.0,0.0,0,,0,,,,,,,,,ARC-AGI-1,aa922be204204ec148a1137fe6ed4d34ddde812b,training,41
22233c11,no_exact_program,73,0,0.004858906962908804,,,,,,,abstained,1,0,0.0,0.0,0,,0,,,,,,,,,ARC-AGI-1,aa922be204204ec148a1137fe6ed4d34ddde812b,training,42
2281f1f4,no_exact_program,73,0,0.005044270888902247,,,,,,,abstained,1,0,0.0,0.0,0,,0,,,,,,,,,ARC-AGI-1,aa922be204204ec148a1137fe6ed4d34ddde812b,training,43
228f6490,no_exact_program,49,0,0.0007211850024759769,,,,,,,abstained,1,0,0.0,0.0,0,,0,,,,,,,,,ARC-AGI-1,aa922be204204ec148a1137fe6ed4d34ddde812b,training,44
22eb0ac0,no_exact_program,49,0,0.0007118029752746224,,,,,,,abstained,1,0,0.0,0.0,0,,0,,,,,,,,,ARC-AGI-1,aa922be204204ec148a1137fe6ed4d34ddde812b,training,45
234bbc79,unsupported_shape_change,0,0,1.252046786248684e-06,,,,,,,abstained,1,0,0.0,0.0,0,,0,,,,,,,,,ARC-AGI-1,aa922be204204ec148a1137fe6ed4d34ddde812b,training,46
23581191,no_exact_program,49,0,0.0006930320523679256,,,,,,,abstained,1,0,0.0,0.0,0,,0,,,,,,,,,ARC-AGI-1,aa922be204204ec148a1137fe6ed4d34ddde812b,training,47
239be575,unsupported_shape_change,0,0,1.1739321053028107e-06,,,,,,,abstained,2,0,0.0,0.0,0,,0,,,,,,,,,ARC-AGI-1,aa922be204204ec148a1137fe6ed4d34ddde812b,training,48
23b5c85d,unsupported_shape_change,0,0,1.0849907994270325e-06,,,,,,,abstained,1,0,0.0,0.0,0,,0,,,,,,,,,ARC-AGI-1,aa922be204204ec148a1137fe6ed4d34ddde812b,training,49
253bf280,no_exact_program,73,0,0.004744954057969153,,,,,,,abstained,1,0,0.0,0.0,0,,0,,,,,,,,,ARC-AGI-1,aa922be204204ec148a1137fe6ed4d34ddde812b,training,50
25d487eb,no_exact_program,49,0,0.0007621990516781807,,,,,,,abstained,1,0,0.0,0.0,0,,0,,,,,,,,,ARC-AGI-1,aa922be204204ec148a1137fe6ed4d34ddde812b,training,51
25d8a9c8,no_exact_program,49,0,0.0006972450064495206,,,,,,,abstained,1,0,0.0,0.0,0,,0,,,,,,,,,ARC-AGI-1,aa922be204204ec148a1137fe6ed4d34ddde812b,training,52
25ff71a9,selected,49,1,0.0007546930573880672,copy_offset:-1:0:0,copy_offset,22.0,8.0,30.0,0.0,solved,2,2,1.0,1.0,2,1.0,18,1.0,1.0,one_step;one_step,0.0,0.0,0.0,2.2321008145809174e-05,2.8921058401465416e-05,ARC-AGI-1,aa922be204204ec148a1137fe6ed4d34ddde812b,training,53
264363fd,no_exact_program,49,0,0.0010432290146127343,,,,,,,abstained,1,0,0.0,0.0,0,,0,,,,,,,,,ARC-AGI-1,aa922be204204ec148a1137fe6ed4d34ddde812b,training,54
272f95fa,no_exact_program,49,0,0.0007980960654094815,,,,,,,abstained,1,0,0.0,0.0,0,,0,,,,,,,,,ARC-AGI-1,aa922be204204ec148a1137fe6ed4d34ddde812b,training,55
27a28665,unsupported_shape_change,0,0,1.2849923223257065e-06,,,,,,,abstained,3,0,0.0,0.0,0,,0,,,,,,,,,ARC-AGI-1,aa922be204204ec148a1137fe6ed4d34ddde812b,training,56
28bf18c6,unsupported_shape_change,0,0,1.1440133675932884e-06,,,,,,,abstained,1,0,0.0,0.0,0,,0,,,,,,,,,ARC-AGI-1,aa922be204204ec148a1137fe6ed4d34ddde812b,training,57
28e73c20,no_exact_program,61,0,0.0027043409645557404,,,,,,,abstained,1,0,0.0,0.0,0,,0,,,,,,,,,ARC-AGI-1,aa922be204204ec148a1137fe6ed4d34ddde812b,training,58
29623171,no_exact_program,49,0,0.0007362050237134099,,,,,,,abstained,1,0,0.0,0.0,0,,0,,,,,,,,,ARC-AGI-1,aa922be204204ec148a1137fe6ed4d34ddde812b,training,59
29c11459,no_exact_program,49,0,0.0006947030778974295,,,,,,,abstained,1,0,0.0,0.0,0,,0,,,,,,,,,ARC-AGI-1,aa922be204204ec148a1137fe6ed4d34ddde812b,training,60
29ec7d0e,no_exact_program,49,0,0.0008560919668525457,,,,,,,abstained,1,0,0.0,0.0,0,,0,,,,,,,,,ARC-AGI-1,aa922be204204ec148a1137fe6ed4d34ddde812b,training,61
2bcee788,no_exact_program,49,0,0.0007788819493725896,,,,,,,abstained,1,0,0.0,0.0,0,,0,,,,,,,,,ARC-AGI-1,aa922be204204ec148a1137fe6ed4d34ddde812b,training,62
2bee17df,no_exact_program,85,0,0.007434322964400053,,,,,,,abstained,1,0,0.0,0.0,0,,0,,,,,,,,,ARC-AGI-1,aa922be204204ec148a1137fe6ed4d34ddde812b,training,63
2c608aff,no_exact_program,49,0,0.0007628019666299224,,,,,,,abstained,1,0,0.0,0.0,0,,0,,,,,,,,,ARC-AGI-1,aa922be204204ec148a1137fe6ed4d34ddde812b,training,64
2dc579da,unsupported_shape_change,0,0,1.317937858402729e-06,,,,,,,abstained,1,0,0.0,0.0,0,,0,,,,,,,,,ARC-AGI-1,aa922be204204ec148a1137fe6ed4d34ddde812b,training,65
2dd70a9a,no_exact_program,85,0,0.010245983954519033,,,,,,,abstained,1,0,0.0,0.0,0,,0,,,,,,,,,ARC-AGI-1,aa922be204204ec148a1137fe6ed4d34ddde812b,training,66
2dee498d,unsupported_shape_change,0,0,1.569977030158043e-06,,,,,,,abstained,1,0,0.0,0.0,0,,0,,,,,,,,,ARC-AGI-1,aa922be204204ec148a1137fe6ed4d34ddde812b,training,67
31aa019c,no_exact_program,49,0,0.0007365749916061759,,,,,,,abstained,1,0,0.0,0.0,0,,0,,,,,,,,,ARC-AGI-1,aa922be204204ec148a1137fe6ed4d34ddde812b,training,68
321b1fc6,no_exact_program,49,0,0.0007097849156707525,,,,,,,abstained,1,0,0.0,0.0,0,,0,,,,,,,,,ARC-AGI-1,aa922be204204ec148a1137fe6ed4d34ddde812b,training,69
32597951,no_exact_program,85,0,0.006723662023432553,,,,,,,abstained,1,0,0.0,0.0,0,,0,,,,,,,,,ARC-AGI-1,aa922be204204ec148a1137fe6ed4d34ddde812b,training,70
3345333e,no_exact_program,49,0,0.0007400620961561799,,,,,,,abstained,1,0,0.0,0.0,0,,0,,,,,,,,,ARC-AGI-1,aa922be204204ec148a1137fe6ed4d34ddde812b,training,71
3428a4f5,unsupported_shape_change,0,0,1.3319076970219612e-06,,,,,,,abstained,2,0,0.0,0.0,0,,0,,,,,,,,,ARC-AGI-1,aa922be204204ec148a1137fe6ed4d34ddde812b,training,72
3618c87e,no_exact_program,49,0,0.0007001570193096995,,,,,,,abstained,1,0,0.0,0.0,0,,0,,,,,,,,,ARC-AGI-1,aa922be204204ec148a1137fe6ed4d34ddde812b,training,73
3631a71a,no_exact_program,49,0,0.0010974330361932516,,,,,,,abstained,1,0,0.0,0.0,0,,0,,,,,,,,,ARC-AGI-1,aa922be204204ec148a1137fe6ed4d34ddde812b,training,74
363442ee,no_exact_program,49,0,0.000729043036699295,,,,,,,abstained,1,0,0.0,0.0,0,,0,,,,,,,,,ARC-AGI-1,aa922be204204ec148a1137fe6ed4d34ddde812b,training,75
36d67576,no_exact_program,49,0,0.0007394659332931042,,,,,,,abstained,1,0,0.0,0.0,0,,0,,,,,,,,,ARC-AGI-1,aa922be204204ec148a1137fe6ed4d34ddde812b,training,76
36fdfd69,no_exact_program,49,0,0.0007733620004728436,,,,,,,abstained,1,0,0.0,0.0,0,,0,,,,,,,,,ARC-AGI-1,aa922be204204ec148a1137fe6ed4d34ddde812b,training,77
3906de3d,no_exact_program,49,0,0.0007164770504459739,,,,,,,abstained,1,0,0.0,0.0,0,,0,,,,,,,,,ARC-AGI-1,aa922be204204ec148a1137fe6ed4d34ddde812b,training,78
39a8645d,unsupported_shape_change,0,0,1.1629890650510788e-06,,,,,,,abstained,1,0,0.0,0.0,0,,0,,,,,,,,,ARC-AGI-1,aa922be204204ec148a1137fe6ed4d34ddde812b,training,79
39e1d7f9,no_exact_program,49,0,0.0009435899555683136,,,,,,,abstained,1,0,0.0,0.0,0,,0,,,,,,,,,ARC-AGI-1,aa922be204204ec148a1137fe6ed4d34ddde812b,training,80
3aa6fb7a,no_exact_program,73,0,0.004628407885320485,,,,,,,abstained,1,0,0.0,0.0,0,,0,,,,,,,,,ARC-AGI-1,aa922be204204ec148a1137fe6ed4d34ddde812b,training,81
3ac3eb23,no_exact_program,49,0,0.0007235020166262984,,,,,,,abstained,1,0,0.0,0.0,0,,0,,,,,,,,,ARC-AGI-1,aa922be204204ec148a1137fe6ed4d34ddde812b,training,82
3af2c5a8,unsupported_shape_change,0,0,1.1599622666835785e-06,,,,,,,abstained,1,0,0.0,0.0,0,,0,,,,,,,,,ARC-AGI-1,aa922be204204ec148a1137fe6ed4d34ddde812b,training,83
3bd67248,no_exact_program,49,0,0.0007108459249138832,,,,,,,abstained,1,0,0.0,0.0,0,,0,,,,,,,,,ARC-AGI-1,aa922be204204ec148a1137fe6ed4d34ddde812b,training,84
3bdb4ada,no_exact_program,49,0,0.0007739139255136251,,,,,,,abstained,1,0,0.0,0.0,0,,0,,,,,,,,,ARC-AGI-1,aa922be204204ec148a1137fe6ed4d34ddde812b,training,85
3befdf3e,no_exact_program,49,0,0.0007272280054166913,,,,,,,abstained,1,0,0.0,0.0,0,,0,,,,,,,,,ARC-AGI-1,aa922be204204ec148a1137fe6ed4d34ddde812b,training,86
3c9b0459,no_exact_program,49,0,0.0006975600263103843,,,,,,,abstained,1,0,0.0,0.0,0,,0,,,,,,,,,ARC-AGI-1,aa922be204204ec148a1137fe6ed4d34ddde812b,training,87
3de23699,unsupported_shape_change,0,0,1.2150267139077187e-06,,,,,,,abstained,1,0,0.0,0.0,0,,0,,,,,,,,,ARC-AGI-1,aa922be204204ec148a1137fe6ed4d34ddde812b,training,88
3e980e27,no_exact_program,49,0,0.0008459460223093629,,,,,,,abstained,1,0,0.0,0.0,0,,0,,,,,,,,,ARC-AGI-1,aa922be204204ec148a1137fe6ed4d34ddde812b,training,89
3eda0437,no_exact_program,85,0,0.007368881022557616,,,,,,,abstained,1,0,0.0,0.0,0,,0,,,,,,,,,ARC-AGI-1,aa922be204204ec148a1137fe6ed4d34ddde812b,training,90
3f7978a0,unsupported_shape_change,0,0,1.2529781088232994e-06,,,,,,,abstained,1,0,0.0,0.0,0,,0,,,,,,,,,ARC-AGI-1,aa922be204204ec148a1137fe6ed4d34ddde812b,training,91
40853293,no_exact_program,49,0,0.0008186770137399435,,,,,,,abstained,1,0,0.0,0.0,0,,0,,,,,,,,,ARC-AGI-1,aa922be204204ec148a1137fe6ed4d34ddde812b,training,92
4093f84a,no_exact_program,49,0,0.0007469180272892118,,,,,,,abstained,1,0,0.0,0.0,0,,0,,,,,,,,,ARC-AGI-1,aa922be204204ec148a1137fe6ed4d34ddde812b,training,93
41e4d17e,no_exact_program,73,0,0.0053497100016102195,,,,,,,abstained,1,0,0.0,0.0,0,,0,,,,,,,,,ARC-AGI-1,aa922be204204ec148a1137fe6ed4d34ddde812b,training,94
4258a5f9,selected,73,1,0.004900323925539851,propagate:5:0:1:8:1,propagate,21.0,8.0,29.0,47.0,solved,1,1,1.0,1.0,1,1.0,81,1.0,1.0,max_steps,3807.0,3807.0,0.0,5.890801548957825e-05,6.650702562183142e-05,ARC-AGI-1,aa922be204204ec148a1137fe6ed4d34ddde812b,training,95
4290ef0e,unsupported_shape_change,0,0,1.4349352568387985e-06,,,,,,,abstained,1,0,0.0,0.0,0,,0,,,,,,,,,ARC-AGI-1,aa922be204204ec148a1137fe6ed4d34ddde812b,training,96
42a50994,no_exact_program,49,0,0.000786877004429698,,,,,,,abstained,1,0,0.0,0.0,0,,0,,,,,,,,,ARC-AGI-1,aa922be204204ec148a1137fe6ed4d34ddde812b,training,97
4347f46a,no_exact_program,49,0,0.0007459369953721762,,,,,,,abstained,1,0,0.0,0.0,0,,0,,,,,,,,,ARC-AGI-1,aa922be204204ec148a1137fe6ed4d34ddde812b,training,98
444801d8,no_exact_program,49,0,0.00071377691347152,,,,,,,abstained,1,0,0.0,0.0,0,,0,,,,,,,,,ARC-AGI-1,aa922be204204ec148a1137fe6ed4d34ddde812b,training,99
445eab21,unsupported_shape_change,0,0,1.161010004580021e-06,,,,,,,abstained,1,0,0.0,0.0,0,,0,,,,,,,,,ARC-AGI-1,aa922be204204ec148a1137fe6ed4d34ddde812b,training,100
447fd412,no_exact_program,73,0,0.00620914890896529,,,,,,,abstained,1,0,0.0,0.0,0,,0,,,,,,,,,ARC-AGI-1,aa922be204204ec148a1137fe6ed4d34ddde812b,training,101
44d8ac46,no_exact_program,73,0,0.00480519502889365,,,,,,,abstained,1,0,0.0,0.0,0,,0,,,,,,,,,ARC-AGI-1,aa922be204204ec148a1137fe6ed4d34ddde812b,training,102
44f52bb0,unsupported_shape_change,0,0,1.3300450518727303e-06,,,,,,,abstained,2,0,0.0,0.0,0,,0,,,,,,,,,ARC-AGI-1,aa922be204204ec148a1137fe6ed4d34ddde812b,training,103
4522001f,unsupported_shape_change,0,0,1.0739313438534737e-06,,,,,,,abstained,1,0,0.0,0.0,0,,0,,,,,,,,,ARC-AGI-1,aa922be204204ec148a1137fe6ed4d34ddde812b,training,104
4612dd53,no_exact_program,73,0,0.004624022985808551,,,,,,,abstained,1,0,0.0,0.0,0,,0,,,,,,,,,ARC-AGI-1,aa922be204204ec148a1137fe6ed4d34ddde812b,training,105
46442a0e,unsupported_shape_change,0,0,1.2119999155402184e-06,,,,,,,abstained,1,0,0.0,0.0,0,,0,,,,,,,,,ARC-AGI-1,aa922be204204ec148a1137fe6ed4d34ddde812b,training,106
469497ad,unsupported_shape_change,0,0,1.0880175977945328e-06,,,,,,,abstained,1,0,0.0,0.0,0,,0,,,,,,,,,ARC-AGI-1,aa922be204204ec148a1137fe6ed4d34ddde812b,training,107
46f33fce,unsupported_shape_change,0,0,1.0720686987042427e-06,,,,,,,abstained,1,0,0.0,0.0,0,,0,,,,,,,,,ARC-AGI-1,aa922be204204ec148a1137fe6ed4d34ddde812b,training,108
47c1f68c,unsupported_shape_change,0,0,9.819632396101952e-07,,,,,,,abstained,1,0,0.0,0.0,0,,0,,,,,,,,,ARC-AGI-1,aa922be204204ec148a1137fe6ed4d34ddde812b,training,109
484b58aa,no_exact_program,49,0,0.0009859061101451516,,,,,,,abstained,1,0,0.0,0.0,0,,0,,,,,,,,,ARC-AGI-1,aa922be204204ec148a1137fe6ed4d34ddde812b,training,110
48d8fb45,unsupported_shape_change,0,0,1.2980308383703232e-06,,,,,,,abstained,1,0,0.0,0.0,0,,0,,,,,,,,,ARC-AGI-1,aa922be204204ec148a1137fe6ed4d34ddde812b,training,111
4938f0c2,no_exact_program,73,0,0.00949164992198348,,,,,,,abstained,1,0,0.0,0.0,0,,0,,,,,,,,,ARC-AGI-1,aa922be204204ec148a1137fe6ed4d34ddde812b,training,112
496994bd,no_exact_program,49,0,0.0006888150237500668,,,,,,,abstained,1,0,0.0,0.0,0,,0,,,,,,,,,ARC-AGI-1,aa922be204204ec148a1137fe6ed4d34ddde812b,training,113
49d1d64f,unsupported_shape_change,0,0,1.1010561138391495e-06,,,,,,,abstained,1,0,0.0,0.0,0,,0,,,,,,,,,ARC-AGI-1,aa922be204204ec148a1137fe6ed4d34ddde812b,training,114
4be741c5,unsupported_shape_change,0,0,1.100008375942707e-06,,,,,,,abstained,1,0,0.0,0.0,0,,0,,,,,,,,,ARC-AGI-1,aa922be204204ec148a1137fe6ed4d34ddde812b,training,115
4c4377d9,unsupported_shape_change,0,0,9.819632396101952e-07,,,,,,,abstained,1,0,0.0,0.0,0,,0,,,,,,,,,ARC-AGI-1,aa922be204204ec148a1137fe6ed4d34ddde812b,training,116
4c5c2cf0,no_exact_program,49,0,0.0007601679535582662,,,,,,,abstained,1,0,0.0,0.0,0,,0,,,,,,,,,ARC-AGI-1,aa922be204204ec148a1137fe6ed4d34ddde812b,training,117
50846271,no_exact_program,85,0,0.00766178104095161,,,,,,,abstained,1,0,0.0,0.0,0,,0,,,,,,,,,ARC-AGI-1,aa922be204204ec148a1137fe6ed4d34ddde812b,training,118
508bd3b6,no_exact_program,85,0,0.008198526920750737,,,,,,,abstained,1,0,0.0,0.0,0,,0,,,,,,,,,ARC-AGI-1,aa922be204204ec148a1137fe6ed4d34ddde812b,training,119
50cb2852,no_exact_program,49,0,0.0007543959654867649,,,,,,,abstained,1,0,0.0,0.0,0,,0,,,,,,,,,ARC-AGI-1,aa922be204204ec148a1137fe6ed4d34ddde812b,training,120
5117e062,unsupported_shape_change,0,0,1.2849923223257065e-06,,,,,,,abstained,1,0,0.0,0.0,0,,0,,,,,,,,,ARC-AGI-1,aa922be204204ec148a1137fe6ed4d34ddde812b,training,121
5168d44c,no_exact_program,49,0,0.0007117529166862369,,,,,,,abstained,1,0,0.0,0.0,0,,0,,,,,,,,,ARC-AGI-1,aa922be204204ec148a1137fe6ed4d34ddde812b,training,122
539a4f51,unsupported_shape_change,0,0,1.2350501492619514e-06,,,,,,,abstained,1,0,0.0,0.0,0,,0,,,,,,,,,ARC-AGI-1,aa922be204204ec148a1137fe6ed4d34ddde812b,training,123
53b68214,unsupported_shape_change,0,0,1.0890653356909752e-06,,,,,,,abstained,2,0,0.0,0.0,0,,0,,,,,,,,,ARC-AGI-1,aa922be204204ec148a1137fe6ed4d34ddde812b,training,124
543a7ed5,no_exact_program,49,0,0.0007384130731225014,,,,,,,abstained,1,0,0.0,0.0,0,,0,,,,,,,,,ARC-AGI-1,aa922be204204ec148a1137fe6ed4d34ddde812b,training,125
54d82841,no_exact_program,97,0,0.00821004994213581,,,,,,,abstained,1,0,0.0,0.0,0,,0,,,,,,,,,ARC-AGI-1,aa922be204204ec148a1137fe6ed4d34ddde812b,training,126
54d9e175,no_exact_program,49,0,0.0007314170943573117,,,,,,,abstained,1,0,0.0,0.0,0,,0,,,,,,,,,ARC-AGI-1,aa922be204204ec148a1137fe6ed4d34ddde812b,training,127
5521c0d9,no_exact_program,49,0,0.0007762580644339323,,,,,,,abstained,1,0,0.0,0.0,0,,0,,,,,,,,,ARC-AGI-1,aa922be204204ec148a1137fe6ed4d34ddde812b,training,128
5582e5ca,no_exact_program,49,0,0.0007273589726537466,,,,,,,abstained,1,0,0.0,0.0,0,,0,,,,,,,,,ARC-AGI-1,aa922be204204ec148a1137fe6ed4d34ddde812b,training,129
5614dbcf,unsupported_shape_change,0,0,1.283944584429264e-06,,,,,,,abstained,1,0,0.0,0.0,0,,0,,,,,,,,,ARC-AGI-1,aa922be204204ec148a1137fe6ed4d34ddde812b,training,130
56dc2b01,no_exact_program,49,0,0.0007167200092226267,,,,,,,abstained,1,0,0.0,0.0,0,,0,,,,,,,,,ARC-AGI-1,aa922be204204ec148a1137fe6ed4d34ddde812b,training,131
56ff96f3,no_exact_program,49,0,0.0007324949838221073,,,,,,,abstained,1,0,0.0,0.0,0,,0,,,,,,,,,ARC-AGI-1,aa922be204204ec148a1137fe6ed4d34ddde812b,training,132
57aa92db,no_exact_program,49,0,0.0008139769779518247,,,,,,,abstained,1,0,0.0,0.0,0,,0,,,,,,,,,ARC-AGI-1,aa922be204204ec148a1137fe6ed4d34ddde812b,training,133
5ad4f10b,unsupported_shape_change,0,0,1.1440133675932884e-06,,,,,,,abstained,1,0,0.0,0.0,0,,0,,,,,,,,,ARC-AGI-1,aa922be204204ec148a1137fe6ed4d34ddde812b,training,134
5bd6f4ac,unsupported_shape_change,0,0,1.0969815775752068e-06,,,,,,,abstained,1,0,0.0,0.0,0,,0,,,,,,,,,ARC-AGI-1,aa922be204204ec148a1137fe6ed4d34ddde812b,training,135
5c0a986e,no_exact_program,49,0,0.0007141230162233114,,,,,,,abstained,1,0,0.0,0.0,0,,0,,,,,,,,,ARC-AGI-1,aa922be204204ec148a1137fe6ed4d34ddde812b,training,136
5c2c9af4,no_exact_program,49,0,0.0009085090132430196,,,,,,,abstained,1,0,0.0,0.0,0,,0,,,,,,,,,ARC-AGI-1,aa922be204204ec148a1137fe6ed4d34ddde812b,training,137
5daaa586,unsupported_shape_change,0,0,1.1990778148174286e-06,,,,,,,abstained,1,0,0.0,0.0,0,,0,,,,,,,,,ARC-AGI-1,aa922be204204ec148a1137fe6ed4d34ddde812b,training,138
60b61512,no_exact_program,73,0,0.004731382941827178,,,,,,,abstained,1,0,0.0,0.0,0,,0,,,,,,,,,ARC-AGI-1,aa922be204204ec148a1137fe6ed4d34ddde812b,training,139
6150a2bd,no_exact_program,49,0,0.0006850949721410871,,,,,,,abstained,1,0,0.0,0.0,0,,0,,,,,,,,,ARC-AGI-1,aa922be204204ec148a1137fe6ed4d34ddde812b,training,140
623ea044,no_exact_program,49,0,0.0008156710537150502,,,,,,,abstained,1,0,0.0,0.0,0,,0,,,,,,,,,ARC-AGI-1,aa922be204204ec148a1137fe6ed4d34ddde812b,training,141
62c24649,unsupported_shape_change,0,0,1.2479722499847412e-06,,,,,,,abstained,1,0,0.0,0.0,0,,0,,,,,,,,,ARC-AGI-1,aa922be204204ec148a1137fe6ed4d34ddde812b,training,142
63613498,no_exact_program,49,0,0.0007192390039563179,,,,,,,abstained,1,0,0.0,0.0,0,,0,,,,,,,,,ARC-AGI-1,aa922be204204ec148a1137fe6ed4d34ddde812b,training,143
6430c8c4,unsupported_shape_change,0,0,1.234002411365509e-06,,,,,,,abstained,1,0,0.0,0.0,0,,0,,,,,,,,,ARC-AGI-1,aa922be204204ec148a1137fe6ed4d34ddde812b,training,144
6455b5f5,no_exact_program,49,0,0.0007959340000525117,,,,,,,abstained,1,0,0.0,0.0,0,,0,,,,,,,,,ARC-AGI-1,aa922be204204ec148a1137fe6ed4d34ddde812b,training,145
662c240a,unsupported_shape_change,0,0,1.1889496818184853e-06,,,,,,,abstained,1,0,0.0,0.0,0,,0,,,,,,,,,ARC-AGI-1,aa922be204204ec148a1137fe6ed4d34ddde812b,training,146
67385a82,no_exact_program,73,0,0.004401557031087577,,,,,,,abstained,1,0,0.0,0.0,0,,0,,,,,,,,,ARC-AGI-1,aa922be204204ec148a1137fe6ed4d34ddde812b,training,147
673ef223,no_exact_program,49,0,0.0007463970687240362,,,,,,,abstained,1,0,0.0,0.0,0,,0,,,,,,,,,ARC-AGI-1,aa922be204204ec148a1137fe6ed4d34ddde812b,training,148
6773b310,unsupported_shape_change,0,0,1.2119999155402184e-06,,,,,,,abstained,1,0,0.0,0.0,0,,0,,,,,,,,,ARC-AGI-1,aa922be204204ec148a1137fe6ed4d34ddde812b,training,149
67a3c6ac,no_exact_program,49,0,0.0007086599944159389,,,,,,,abstained,1,0,0.0,0.0,0,,0,,,,,,,,,ARC-AGI-1,aa922be204204ec148a1137fe6ed4d34ddde812b,training,150
67a423a3,no_exact_program,49,0,0.0007030460983514786,,,,,,,abstained,1,0,0.0,0.0,0,,0,,,,,,,,,ARC-AGI-1,aa922be204204ec148a1137fe6ed4d34ddde812b,training,151
67e8384a,unsupported_shape_change,0,0,1.159030944108963e-06,,,,,,,abstained,1,0,0.0,0.0,0,,0,,,,,,,,,ARC-AGI-1,aa922be204204ec148a1137fe6ed4d34ddde812b,training,152
681b3aeb,unsupported_shape_change,0,0,1.0760268196463585e-06,,,,,,,abstained,1,0,0.0,0.0,0,,0,,,,,,,,,ARC-AGI-1,aa922be204204ec148a1137fe6ed4d34ddde812b,training,153
6855a6e4,no_exact_program,49,0,0.0007593919290229678,,,,,,,abstained,1,0,0.0,0.0,0,,0,,,,,,,,,ARC-AGI-1,aa922be204204ec148a1137fe6ed4d34ddde812b,training,154
68b16354,no_exact_program,49,0,0.0007073429878801107,,,,,,,abstained,1,0,0.0,0.0,0,,0,,,,,,,,,ARC-AGI-1,aa922be204204ec148a1137fe6ed4d34ddde812b,training,155
694f12f3,no_exact_program,49,0,0.000708824023604393,,,,,,,abstained,1,0,0.0,0.0,0,,0,,,,,,,,,ARC-AGI-1,aa922be204204ec148a1137fe6ed4d34ddde812b,training,156
6a1e5592,no_exact_program,49,0,0.0007179239764809608,,,,,,,abstained,1,0,0.0,0.0,0,,0,,,,,,,,,ARC-AGI-1,aa922be204204ec148a1137fe6ed4d34ddde812b,training,157
6aa20dc0,no_exact_program,49,0,0.000806004973128438,,,,,,,abstained,1,0,0.0,0.0,0,,0,,,,,,,,,ARC-AGI-1,aa922be204204ec148a1137fe6ed4d34ddde812b,training,158
6b9890af,unsupported_shape_change,0,0,1.1700903996825218e-06,,,,,,,abstained,1,0,0.0,0.0,0,,0,,,,,,,,,ARC-AGI-1,aa922be204204ec148a1137fe6ed4d34ddde812b,training,159
6c434453,no_exact_program,49,0,0.0007069900166243315,,,,,,,abstained,1,0,0.0,0.0,0,,0,,,,,,,,,ARC-AGI-1,aa922be204204ec148a1137fe6ed4d34ddde812b,training,160
6cdd2623,no_exact_program,49,0,0.0007860059849917889,,,,,,,abstained,1,0,0.0,0.0,0,,0,,,,,,,,,ARC-AGI-1,aa922be204204ec148a1137fe6ed4d34ddde812b,training,161
6cf79266,no_exact_program,97,0,0.008158751064911485,,,,,,,abstained,1,0,0.0,0.0,0,,0,,,,,,,,,ARC-AGI-1,aa922be204204ec148a1137fe6ed4d34ddde812b,training,162
6d0160f0,no_exact_program,49,0,0.0007559950463473797,,,,,,,abstained,1,0,0.0,0.0,0,,0,,,,,,,,,ARC-AGI-1,aa922be204204ec148a1137fe6ed4d34ddde812b,training,163
6d0aefbc,unsupported_shape_change,0,0,1.3820827007293701e-06,,,,,,,abstained,1,0,0.0,0.0,0,,0,,,,,,,,,ARC-AGI-1,aa922be204204ec148a1137fe6ed4d34ddde812b,training,164
6d58a25d,no_exact_program,49,0,0.0008195959962904453,,,,,,,abstained,1,0,0.0,0.0,0,,0,,,,,,,,,ARC-AGI-1,aa922be204204ec148a1137fe6ed4d34ddde812b,training,165
6d75e8bb,no_exact_program,73,0,0.005051729967817664,,,,,,,abstained,1,0,0.0,0.0,0,,0,,,,,,,,,ARC-AGI-1,aa922be204204ec148a1137fe6ed4d34ddde812b,training,166
6e02f1e3,no_exact_program,49,0,0.0007072060834616423,,,,,,,abstained,1,0,0.0,0.0,0,,0,,,,,,,,,ARC-AGI-1,aa922be204204ec148a1137fe6ed4d34ddde812b,training,167
6e19193c,no_exact_program,49,0,0.0007061889627948403,,,,,,,abstained,1,0,0.0,0.0,0,,0,,,,,,,,,ARC-AGI-1,aa922be204204ec148a1137fe6ed4d34ddde812b,training,168
6e82a1ae,no_exact_program,49,0,0.0007258780533447862,,,,,,,abstained,1,0,0.0,0.0,0,,0,,,,,,,,,ARC-AGI-1,aa922be204204ec148a1137fe6ed4d34ddde812b,training,169
6ecd11f4,unsupported_shape_change,0,0,1.2289965525269508e-06,,,,,,,abstained,1,0,0.0,0.0,0,,0,,,,,,,,,ARC-AGI-1,aa922be204204ec148a1137fe6ed4d34ddde812b,training,170
6f8cd79b,no_exact_program,61,0,0.0025662570260465145,,,,,,,abstained,1,0,0.0,0.0,0,,0,,,,,,,,,ARC-AGI-1,aa922be204204ec148a1137fe6ed4d34ddde812b,training,171
6fa7a44f,unsupported_shape_change,0,0,1.2150267139077187e-06,,,,,,,abstained,1,0,0.0,0.0,0,,0,,,,,,,,,ARC-AGI-1,aa922be204204ec148a1137fe6ed4d34ddde812b,training,172
72322fa7,no_exact_program,49,0,0.0007617970695719123,,,,,,,abstained,1,0,0.0,0.0,0,,0,,,,,,,,,ARC-AGI-1,aa922be204204ec148a1137fe6ed4d34ddde812b,training,173
72ca375d,unsupported_shape_change,0,0,1.1619413271546364e-06,,,,,,,abstained,1,0,0.0,0.0,0,,0,,,,,,,,,ARC-AGI-1,aa922be204204ec148a1137fe6ed4d34ddde812b,training,174
73251a56,no_exact_program,49,0,0.0008366269757971168,,,,,,,abstained,1,0,0.0,0.0,0,,0,,,,,,,,,ARC-AGI-1,aa922be204204ec148a1137fe6ed4d34ddde812b,training,175
7447852a,no_exact_program,73,0,0.004472311004064977,,,,,,,abstained,1,0,0.0,0.0,0,,0,,,,,,,,,ARC-AGI-1,aa922be204204ec148a1137fe6ed4d34ddde812b,training,176
7468f01a,unsupported_shape_change,0,0,1.3979151844978333e-06,,,,,,,abstained,1,0,0.0,0.0,0,,0,,,,,,,,,ARC-AGI-1,aa922be204204ec148a1137fe6ed4d34ddde812b,training,177
746b3537,unsupported_shape_change,0,0,1.0080402716994286e-06,,,,,,,abstained,1,0,0.0,0.0,0,,0,,,,,,,,,ARC-AGI-1,aa922be204204ec148a1137fe6ed4d34ddde812b,training,178
74dd1130,no_exact_program,49,0,0.0007010309491306543,,,,,,,abstained,1,0,0.0,0.0,0,,0,,,,,,,,,ARC-AGI-1,aa922be204204ec148a1137fe6ed4d34ddde812b,training,179
75b8110e,unsupported_shape_change,0,0,1.2069940567016602e-06,,,,,,,abstained,1,0,0.0,0.0,0,,0,,,,,,,,,ARC-AGI-1,aa922be204204ec148a1137fe6ed4d34ddde812b,training,180
760b3cac,no_exact_program,73,0,0.005205111927352846,,,,,,,abstained,1,0,0.0,0.0,0,,0,,,,,,,,,ARC-AGI-1,aa922be204204ec148a1137fe6ed4d34ddde812b,training,181
776ffc46,no_exact_program,49,0,0.0009410519851371646,,,,,,,abstained,1,0,0.0,0.0,0,,0,,,,,,,,,ARC-AGI-1,aa922be204204ec148a1137fe6ed4d34ddde812b,training,182
77fdfe62,unsupported_shape_change,0,0,1.1869706213474274e-06,,,,,,,abstained,1,0,0.0,0.0,0,,0,,,,,,,,,ARC-AGI-1,aa922be204204ec148a1137fe6ed4d34ddde812b,training,183
780d0b14,unsupported_shape_change,0,0,1.1320225894451141e-06,,,,,,,abstained,1,0,0.0,0.0,0,,0,,,,,,,,,ARC-AGI-1,aa922be204204ec148a1137fe6ed4d34ddde812b,training,184
7837ac64,unsupported_shape_change,0,0,1.27498060464859e-06,,,,,,,abstained,1,0,0.0,0.0,0,,0,,,,,,,,,ARC-AGI-1,aa922be204204ec148a1137fe6ed4d34ddde812b,training,185
794b24be,no_exact_program,49,0,0.0007207999005913734,,,,,,,abstained,2,0,0.0,0.0,0,,0,,,,,,,,,ARC-AGI-1,aa922be204204ec148a1137fe6ed4d34ddde812b,training,186
7b6016b9,no_exact_program,49,0,0.000982068944722414,,,,,,,abstained,1,0,0.0,0.0,0,,0,,,,,,,,,ARC-AGI-1,aa922be204204ec148a1137fe6ed4d34ddde812b,training,187
7b7f7511,unsupported_shape_change,0,0,1.4139804989099503e-06,,,,,,,abstained,1,0,0.0,0.0,0,,0,,,,,,,,,ARC-AGI-1,aa922be204204ec148a1137fe6ed4d34ddde812b,training,188
7c008303,unsupported_shape_change,0,0,1.0259682312607765e-06,,,,,,,abstained,1,0,0.0,0.0,0,,0,,,,,,,,,ARC-AGI-1,aa922be204204ec148a1137fe6ed4d34ddde812b,training,189
7ddcd7ec,no_exact_program,49,0,0.000713684014044702,,,,,,,abstained,1,0,0.0,0.0,0,,0,,,,,,,,,ARC-AGI-1,aa922be204204ec148a1137fe6ed4d34ddde812b,training,190
7df24a62,no_exact_program,73,0,0.00773410894908011,,,,,,,abstained,1,0,0.0,0.0,0,,0,,,,,,,,,ARC-AGI-1,aa922be204204ec148a1137fe6ed4d34ddde812b,training,191
7e0986d6,no_exact_program,49,0,0.0007294169627130032,,,,,,,abstained,1,0,0.0,0.0,0,,0,,,,,,,,,ARC-AGI-1,aa922be204204ec148a1137fe6ed4d34ddde812b,training,192
7f4411dc,no_exact_program,49,0,0.000744126969948411,,,,,,,abstained,1,0,0.0,0.0,0,,0,,,,,,,,,ARC-AGI-1,aa922be204204ec148a1137fe6ed4d34ddde812b,training,193
7fe24cdd,unsupported_shape_change,0,0,1.2100208550691605e-06,,,,,,,abstained,1,0,0.0,0.0,0,,0,,,,,,,,,ARC-AGI-1,aa922be204204ec148a1137fe6ed4d34ddde812b,training,194
80af3007,unsupported_shape_change,0,0,1.1159572750329971e-06,,,,,,,abstained,1,0,0.0,0.0,0,,0,,,,,,,,,ARC-AGI-1,aa922be204204ec148a1137fe6ed4d34ddde812b,training,195
810b9b61,no_exact_program,73,0,0.0045886540319770575,,,,,,,abstained,1,0,0.0,0.0,0,,0,,,,,,,,,ARC-AGI-1,aa922be204204ec148a1137fe6ed4d34ddde812b,training,196
82819916,no_exact_program,49,0,0.0007939479546621442,,,,,,,abstained,1,0,0.0,0.0,0,,0,,,,,,,,,ARC-AGI-1,aa922be204204ec148a1137fe6ed4d34ddde812b,training,197
83302e8f,no_exact_program,49,0,0.001010174979455769,,,,,,,abstained,1,0,0.0,0.0,0,,0,,,,,,,,,ARC-AGI-1,aa922be204204ec148a1137fe6ed4d34ddde812b,training,198
834ec97d,no_exact_program,49,0,0.0007041010539978743,,,,,,,abstained,1,0,0.0,0.0,0,,0,,,,,,,,,ARC-AGI-1,aa922be204204ec148a1137fe6ed4d34ddde812b,training,199
8403a5d5,no_exact_program,49,0,0.0007335739210247993,,,,,,,abstained,1,0,0.0,0.0,0,,0,,,,,,,,,ARC-AGI-1,aa922be204204ec148a1137fe6ed4d34ddde812b,training,200
846bdb03,unsupported_shape_change,0,0,1.2320233508944511e-06,,,,,,,abstained,1,0,0.0,0.0,0,,0,,,,,,,,,ARC-AGI-1,aa922be204204ec148a1137fe6ed4d34ddde812b,training,201
855e0971,no_exact_program,49,0,0.0007952179294079542,,,,,,,abstained,1,0,0.0,0.0,0,,0,,,,,,,,,ARC-AGI-1,aa922be204204ec148a1137fe6ed4d34ddde812b,training,202
85c4e7cd,no_exact_program,49,0,0.0007575209019705653,,,,,,,abstained,1,0,0.0,0.0,0,,0,,,,,,,,,ARC-AGI-1,aa922be204204ec148a1137fe6ed4d34ddde812b,training,203
868de0fa,no_exact_program,49,0,0.0008012719918042421,,,,,,,abstained,1,0,0.0,0.0,0,,0,,,,,,,,,ARC-AGI-1,aa922be204204ec148a1137fe6ed4d34ddde812b,training,204
8731374e,unsupported_shape_change,0,0,1.2050149962306023e-06,,,,,,,abstained,1,0,0.0,0.0,0,,0,,,,,,,,,ARC-AGI-1,aa922be204204ec148a1137fe6ed4d34ddde812b,training,205
88a10436,no_exact_program,49,0,0.0007129270816221833,,,,,,,abstained,1,0,0.0,0.0,0,,0,,,,,,,,,ARC-AGI-1,aa922be204204ec148a1137fe6ed4d34ddde812b,training,206
88a62173,unsupported_shape_change,0,0,1.1390075087547302e-06,,,,,,,abstained,1,0,0.0,0.0,0,,0,,,,,,,,,ARC-AGI-1,aa922be204204ec148a1137fe6ed4d34ddde812b,training,207
890034e9,no_exact_program,49,0,0.0008341559441760182,,,,,,,abstained,1,0,0.0,0.0,0,,0,,,,,,,,,ARC-AGI-1,aa922be204204ec148a1137fe6ed4d34ddde812b,training,208
8a004b2b,unsupported_shape_change,0,0,1.301988959312439e-06,,,,,,,abstained,1,0,0.0,0.0,0,,0,,,,,,,,,ARC-AGI-1,aa922be204204ec148a1137fe6ed4d34ddde812b,training,209
8be77c9e,unsupported_shape_change,0,0,1.0239891707897186e-06,,,,,,,abstained,1,0,0.0,0.0,0,,0,,,,,,,,,ARC-AGI-1,aa922be204204ec148a1137fe6ed4d34ddde812b,training,210
8d5021e8,unsupported_shape_change,0,0,1.0189833119511604e-06,,,,,,,abstained,1,0,0.0,0.0,0,,0,,,,,,,,,ARC-AGI-1,aa922be204204ec148a1137fe6ed4d34ddde812b,training,211
8d510a79,no_exact_program,49,0,0.0007093859603628516,,,,,,,abstained,1,0,0.0,0.0,0,,0,,,,,,,,,ARC-AGI-1,aa922be204204ec148a1137fe6ed4d34ddde812b,training,212
8e1813be,unsupported_shape_change,0,0,1.108972355723381e-06,,,,,,,abstained,1,0,0.0,0.0,0,,0,,,,,,,,,ARC-AGI-1,aa922be204204ec148a1137fe6ed4d34ddde812b,training,213
8e5a5113,no_exact_program,49,0,0.0006986310472711921,,,,,,,abstained,1,0,0.0,0.0,0,,0,,,,,,,,,ARC-AGI-1,aa922be204204ec148a1137fe6ed4d34ddde812b,training,214
8eb1be9a,no_exact_program,49,0,0.000819789944216609,,,,,,,abstained,1,0,0.0,0.0,0,,0,,,,,,,,,ARC-AGI-1,aa922be204204ec148a1137fe6ed4d34ddde812b,training,215
8efcae92,unsupported_shape_change,0,0,1.1490192264318466e-06,,,,,,,abstained,1,0,0.0,0.0,0,,0,,,,,,,,,ARC-AGI-1,aa922be204204ec148a1137fe6ed4d34ddde812b,training,216
8f2ea7aa,no_exact_program,49,0,0.0007183609995990992,,,,,,,abstained,1,0,0.0,0.0,0,,0,,,,,,,,,ARC-AGI-1,aa922be204204ec148a1137fe6ed4d34ddde812b,training,217
90c28cc7,unsupported_shape_change,0,0,1.043081283569336e-06,,,,,,,abstained,1,0,0.0,0.0,0,,0,,,,,,,,,ARC-AGI-1,aa922be204204ec148a1137fe6ed4d34ddde812b,training,218
90f3ed37,no_exact_program,73,0,0.005154083017259836,,,,,,,abstained,1,0,0.0,0.0,0,,0,,,,,,,,,ARC-AGI-1,aa922be204204ec148a1137fe6ed4d34ddde812b,training,219
913fb3ed,no_exact_program,49,0,0.0007446000818163157,,,,,,,abstained,1,0,0.0,0.0,0,,0,,,,,,,,,ARC-AGI-1,aa922be204204ec148a1137fe6ed4d34ddde812b,training,220
91413438,unsupported_shape_change,0,0,1.375097781419754e-06,,,,,,,abstained,1,0,0.0,0.0,0,,0,,,,,,,,,ARC-AGI-1,aa922be204204ec148a1137fe6ed4d34ddde812b,training,221
91714a58,no_exact_program,49,0,0.0008189550135284662,,,,,,,abstained,1,0,0.0,0.0,0,,0,,,,,,,,,ARC-AGI-1,aa922be204204ec148a1137fe6ed4d34ddde812b,training,222
9172f3a0,unsupported_shape_change,0,0,1.082080416381359e-06,,,,,,,abstained,1,0,0.0,0.0,0,,0,,,,,,,,,ARC-AGI-1,aa922be204204ec148a1137fe6ed4d34ddde812b,training,223
928ad970,no_exact_program,49,0,0.0008223389741033316,,,,,,,abstained,1,0,0.0,0.0,0,,0,,,,,,,,,ARC-AGI-1,aa922be204204ec148a1137fe6ed4d34ddde812b,training,224
93b581b8,no_exact_program,49,0,0.0007229580078274012,,,,,,,abstained,1,0,0.0,0.0,0,,0,,,,,,,,,ARC-AGI-1,aa922be204204ec148a1137fe6ed4d34ddde812b,training,225
941d9a10,no_exact_program,49,0,0.0007223179563879967,,,,,,,abstained,1,0,0.0,0.0,0,,0,,,,,,,,,ARC-AGI-1,aa922be204204ec148a1137fe6ed4d34ddde812b,training,226
94f9d214,unsupported_shape_change,0,0,1.1849915608763695e-06,,,,,,,abstained,1,0,0.0,0.0,0,,0,,,,,,,,,ARC-AGI-1,aa922be204204ec148a1137fe6ed4d34ddde812b,training,227
952a094c,no_exact_program,49,0,0.0007329820655286312,,,,,,,abstained,1,0,0.0,0.0,0,,0,,,,,,,,,ARC-AGI-1,aa922be204204ec148a1137fe6ed4d34ddde812b,training,228
9565186b,no_exact_program,49,0,0.0007013380527496338,,,,,,,abstained,1,0,0.0,0.0,0,,0,,,,,,,,,ARC-AGI-1,aa922be204204ec148a1137fe6ed4d34ddde812b,training,229
95990924,no_exact_program,49,0,0.0007287380285561085,,,,,,,abstained,1,0,0.0,0.0,0,,0,,,,,,,,,ARC-AGI-1,aa922be204204ec148a1137fe6ed4d34ddde812b,training,230
963e52fc,unsupported_shape_change,0,0,1.326901838183403e-06,,,,,,,abstained,1,0,0.0,0.0,0,,0,,,,,,,,,ARC-AGI-1,aa922be204204ec148a1137fe6ed4d34ddde812b,training,231
97999447,no_exact_program,49,0,0.000720034004189074,,,,,,,abstained,1,0,0.0,0.0,0,,0,,,,,,,,,ARC-AGI-1,aa922be204204ec148a1137fe6ed4d34ddde812b,training,232
97a05b5b,unsupported_shape_change,0,0,1.2100208550691605e-06,,,,,,,abstained,1,0,0.0,0.0,0,,0,,,,,,,,,ARC-AGI-1,aa922be204204ec148a1137fe6ed4d34ddde812b,training,233
98cf29f8,no_exact_program,49,0,0.0007872539572417736,,,,,,,abstained,1,0,0.0,0.0,0,,0,,,,,,,,,ARC-AGI-1,aa922be204204ec148a1137fe6ed4d34ddde812b,training,234
995c5fa3,unsupported_shape_change,0,0,1.0629883036017418e-06,,,,,,,abstained,1,0,0.0,0.0,0,,0,,,,,,,,,ARC-AGI-1,aa922be204204ec148a1137fe6ed4d34ddde812b,training,235
99b1bc43,unsupported_shape_change,0,0,9.09087248146534e-07,,,,,,,abstained,1,0,0.0,0.0,0,,0,,,,,,,,,ARC-AGI-1,aa922be204204ec148a1137fe6ed4d34ddde812b,training,236
99fa7670,no_exact_program,49,0,0.0007084970129653811,,,,,,,abstained,1,0,0.0,0.0,0,,0,,,,,,,,,ARC-AGI-1,aa922be204204ec148a1137fe6ed4d34ddde812b,training,237
9aec4887,unsupported_shape_change,0,0,1.044943928718567e-06,,,,,,,abstained,1,0,0.0,0.0,0,,0,,,,,,,,,ARC-AGI-1,aa922be204204ec148a1137fe6ed4d34ddde812b,training,238
9af7a82c,unsupported_shape_change,0,0,1.1060619726777077e-06,,,,,,,abstained,1,0,0.0,0.0,0,,0,,,,,,,,,ARC-AGI-1,aa922be204204ec148a1137fe6ed4d34ddde812b,training,239
9d9215db,no_exact_program,49,0,0.000805265037342906,,,,,,,abstained,1,0,0.0,0.0,0,,0,,,,,,,,,ARC-AGI-1,aa922be204204ec148a1137fe6ed4d34ddde812b,training,240
9dfd6313,no_exact_program,49,0,0.000727758975699544,,,,,,,abstained,1,0,0.0,0.0,0,,0,,,,,,,,,ARC-AGI-1,aa922be204204ec148a1137fe6ed4d34ddde812b,training,241
9ecd008a,unsupported_shape_change,0,0,1.1620577424764633e-06,,,,,,,abstained,1,0,0.0,0.0,0,,0,,,,,,,,,ARC-AGI-1,aa922be204204ec148a1137fe6ed4d34ddde812b,training,242
9edfc990,selected,157,1,0.025057613966055214,propagate:1:0:1:4:fixed_point,propagate,19.0,8.0,27.0,35.0,solved,1,1,1.0,1.0,1,1.0,256,8.0,8.0,fixed_point,112632.0,71680.0,40952.0,0.0003333599306643009,0.0003463249886408448,ARC-AGI-1,aa922be204204ec148a1137fe6ed4d34ddde812b,training,243
9f236235,unsupported_shape_change,0,0,1.435982994735241e-06,,,,,,,abstained,1,0,0.0,0.0,0,,0,,,,,,,,,ARC-AGI-1,aa922be204204ec148a1137fe6ed4d34ddde812b,training,244
a1570a43,no_exact_program,49,0,0.0007320720469579101,,,,,,,abstained,1,0,0.0,0.0,0,,0,,,,,,,,,ARC-AGI-1,aa922be204204ec148a1137fe6ed4d34ddde812b,training,245
a2fd1cf0,no_exact_program,85,0,0.009364304947666824,,,,,,,abstained,1,0,0.0,0.0,0,,0,,,,,,,,,ARC-AGI-1,aa922be204204ec148a1137fe6ed4d34ddde812b,training,246
a3325580,unsupported_shape_change,0,0,1.2660166248679161e-06,,,,,,,abstained,1,0,0.0,0.0,0,,0,,,,,,,,,ARC-AGI-1,aa922be204204ec148a1137fe6ed4d34ddde812b,training,247
a3df8b1e,no_exact_program,61,0,0.0034366389736533165,,,,,,,abstained,1,0,0.0,0.0,0,,0,,,,,,,,,ARC-AGI-1,aa922be204204ec148a1137fe6ed4d34ddde812b,training,248
a416b8f3,unsupported_shape_change,0,0,1.13598071038723e-06,,,,,,,abstained,1,0,0.0,0.0,0,,0,,,,,,,,,ARC-AGI-1,aa922be204204ec148a1137fe6ed4d34ddde812b,training,249
a48eeaf7,no_exact_program,49,0,0.0007082769880071282,,,,,,,abstained,1,0,0.0,0.0,0,,0,,,,,,,,,ARC-AGI-1,aa922be204204ec148a1137fe6ed4d34ddde812b,training,250
a5313dff,no_exact_program,73,0,0.004559496068395674,,,,,,,abstained,1,0,0.0,0.0,0,,0,,,,,,,,,ARC-AGI-1,aa922be204204ec148a1137fe6ed4d34ddde812b,training,251
a5f85a15,no_exact_program,49,0,0.0007458339678123593,,,,,,,abstained,1,0,0.0,0.0,0,,0,,,,,,,,,ARC-AGI-1,aa922be204204ec148a1137fe6ed4d34ddde812b,training,252
a61ba2ce,unsupported_shape_change,0,0,1.1899974197149277e-06,,,,,,,abstained,1,0,0.0,0.0,0,,0,,,,,,,,,ARC-AGI-1,aa922be204204ec148a1137fe6ed4d34ddde812b,training,253
a61f2674,no_exact_program,49,0,0.0007055390160530806,,,,,,,abstained,1,0,0.0,0.0,0,,0,,,,,,,,,ARC-AGI-1,aa922be204204ec148a1137fe6ed4d34ddde812b,training,254
a64e4611,no_exact_program,97,0,0.009242945001460612,,,,,,,abstained,1,0,0.0,0.0,0,,0,,,,,,,,,ARC-AGI-1,aa922be204204ec148a1137fe6ed4d34ddde812b,training,255
a65b410d,no_exact_program,49,0,0.000715889036655426,,,,,,,abstained,1,0,0.0,0.0,0,,0,,,,,,,,,ARC-AGI-1,aa922be204204ec148a1137fe6ed4d34ddde812b,training,256
a68b268e,unsupported_shape_change,0,0,1.1579832062125206e-06,,,,,,,abstained,1,0,0.0,0.0,0,,0,,,,,,,,,ARC-AGI-1,aa922be204204ec148a1137fe6ed4d34ddde812b,training,257
a699fb00,no_exact_program,73,0,0.00454774999525398,,,,,,,abstained,1,0,0.0,0.0,0,,0,,,,,,,,,ARC-AGI-1,aa922be204204ec148a1137fe6ed4d34ddde812b,training,258
a740d043,unsupported_shape_change,0,0,1.2470409274101257e-06,,,,,,,abstained,1,0,0.0,0.0,0,,0,,,,,,,,,ARC-AGI-1,aa922be204204ec148a1137fe6ed4d34ddde812b,training,259
a78176bb,no_exact_program,49,0,0.0007230800110846758,,,,,,,abstained,1,0,0.0,0.0,0,,0,,,,,,,,,ARC-AGI-1,aa922be204204ec148a1137fe6ed4d34ddde812b,training,260
a79310a0,no_exact_program,49,0,0.0007066309917718172,,,,,,,abstained,1,0,0.0,0.0,0,,0,,,,,,,,,ARC-AGI-1,aa922be204204ec148a1137fe6ed4d34ddde812b,training,261
a85d4709,no_exact_program,49,0,0.0007092150626704097,,,,,,,abstained,1,0,0.0,0.0,0,,0,,,,,,,,,ARC-AGI-1,aa922be204204ec148a1137fe6ed4d34ddde812b,training,262
a87f7484,unsupported_shape_change,0,0,1.3050157576799393e-06,,,,,,,abstained,1,0,0.0,0.0,0,,0,,,,,,,,,ARC-AGI-1,aa922be204204ec148a1137fe6ed4d34ddde812b,training,263
a8c38be5,unsupported_shape_change,0,0,1.1540250852704048e-06,,,,,,,abstained,1,0,0.0,0.0,0,,0,,,,,,,,,ARC-AGI-1,aa922be204204ec148a1137fe6ed4d34ddde812b,training,264
a8d7556c,no_exact_program,73,0,0.004634956945665181,,,,,,,abstained,1,0,0.0,0.0,0,,0,,,,,,,,,ARC-AGI-1,aa922be204204ec148a1137fe6ed4d34ddde812b,training,265
a9f96cdd,no_exact_program,49,0,0.0007128199795261025,,,,,,,abstained,1,0,0.0,0.0,0,,0,,,,,,,,,ARC-AGI-1,aa922be204204ec148a1137fe6ed4d34ddde812b,training,266
aabf363d,no_exact_program,49,0,0.0007077290210872889,,,,,,,abstained,1,0,0.0,0.0,0,,0,,,,,,,,,ARC-AGI-1,aa922be204204ec148a1137fe6ed4d34ddde812b,training,267
aba27056,no_exact_program,97,0,0.008070551906712353,,,,,,,abstained,1,0,0.0,0.0,0,,0,,,,,,,,,ARC-AGI-1,aa922be204204ec148a1137fe6ed4d34ddde812b,training,268
ac0a08a4,unsupported_shape_change,0,0,1.2980308383703232e-06,,,,,,,abstained,1,0,0.0,0.0,0,,0,,,,,,,,,ARC-AGI-1,aa922be204204ec148a1137fe6ed4d34ddde812b,training,269
ae3edfdc,no_exact_program,49,0,0.0007421689806506038,,,,,,,abstained,1,0,0.0,0.0,0,,0,,,,,,,,,ARC-AGI-1,aa922be204204ec148a1137fe6ed4d34ddde812b,training,270
ae4f1146,unsupported_shape_change,0,0,1.1100200936198235e-06,,,,,,,abstained,1,0,0.0,0.0,0,,0,,,,,,,,,ARC-AGI-1,aa922be204204ec148a1137fe6ed4d34ddde812b,training,271
aedd82e4,no_exact_program,73,0,0.004432617919519544,,,,,,,abstained,1,0,0.0,0.0,0,,0,,,,,,,,,ARC-AGI-1,aa922be204204ec148a1137fe6ed4d34ddde812b,training,272
af902bf9,no_exact_program,73,0,0.004754830035381019,,,,,,,abstained,1,0,0.0,0.0,0,,0,,,,,,,,,ARC-AGI-1,aa922be204204ec148a1137fe6ed4d34ddde812b,training,273
b0c4d837,unsupported_shape_change,0,0,1.293024979531765e-06,,,,,,,abstained,1,0,0.0,0.0,0,,0,,,,,,,,,ARC-AGI-1,aa922be204204ec148a1137fe6ed4d34ddde812b,training,274
b190f7f5,unsupported_shape_change,0,0,1.008971594274044e-06,,,,,,,abstained,1,0,0.0,0.0,0,,0,,,,,,,,,ARC-AGI-1,aa922be204204ec148a1137fe6ed4d34ddde812b,training,275
b1948b0a,selected,73,10,0.007827403023838997,propagate:7:6:2:4:fixed_point,propagate,19.0,8.0,27.0,39.0,solved,1,1,1.0,1.0,1,1.0,16,2.0,2.0,fixed_point,1886.0,1248.0,638.0,9.560701437294483e-05,0.00010171602480113506,ARC-AGI-1,aa922be204204ec148a1137fe6ed4d34ddde812b,training,276
b230c067,no_exact_program,49,0,0.0007152589969336987,,,,,,,abstained,1,0,0.0,0.0,0,,0,,,,,,,,,ARC-AGI-1,aa922be204204ec148a1137fe6ed4d34ddde812b,training,277
b27ca6d3,no_exact_program,73,0,0.0048302579671144485,,,,,,,abstained,1,0,0.0,0.0,0,,0,,,,,,,,,ARC-AGI-1,aa922be204204ec148a1137fe6ed4d34ddde812b,training,278
b2862040,no_exact_program,73,0,0.004565983894281089,,,,,,,abstained,1,0,0.0,0.0,0,,0,,,,,,,,,ARC-AGI-1,aa922be204204ec148a1137fe6ed4d34ddde812b,training,279
b527c5c6,no_exact_program,49,0,0.0008280810434371233,,,,,,,abstained,1,0,0.0,0.0,0,,0,,,,,,,,,ARC-AGI-1,aa922be204204ec148a1137fe6ed4d34ddde812b,training,280
b548a754,no_exact_program,49,0,0.0007288060151040554,,,,,,,abstained,1,0,0.0,0.0,0,,0,,,,,,,,,ARC-AGI-1,aa922be204204ec148a1137fe6ed4d34ddde812b,training,281
b60334d2,no_exact_program,49,0,0.0007016359595581889,,,,,,,abstained,1,0,0.0,0.0,0,,0,,,,,,,,,ARC-AGI-1,aa922be204204ec148a1137fe6ed4d34ddde812b,training,282
b6afb2da,no_exact_program,49,0,0.0011528339236974716,,,,,,,abstained,1,0,0.0,0.0,0,,0,,,,,,,,,ARC-AGI-1,aa922be204204ec148a1137fe6ed4d34ddde812b,training,283
b7249182,no_exact_program,49,0,0.0008331140270456672,,,,,,,abstained,1,0,0.0,0.0,0,,0,,,,,,,,,ARC-AGI-1,aa922be204204ec148a1137fe6ed4d34ddde812b,training,284
b775ac94,no_exact_program,49,0,0.000882354099303484,,,,,,,abstained,1,0,0.0,0.0,0,,0,,,,,,,,,ARC-AGI-1,aa922be204204ec148a1137fe6ed4d34ddde812b,training,285
b782dc8a,no_exact_program,49,0,0.0007589440792798996,,,,,,,abstained,1,0,0.0,0.0,0,,0,,,,,,,,,ARC-AGI-1,aa922be204204ec148a1137fe6ed4d34ddde812b,training,286
b8825c91,no_exact_program,49,0,0.0008427869761362672,,,,,,,abstained,1,0,0.0,0.0,0,,0,,,,,,,,,ARC-AGI-1,aa922be204204ec148a1137fe6ed4d34ddde812b,training,287
b8cdaf2b,no_exact_program,49,0,0.0007200579857453704,,,,,,,abstained,1,0,0.0,0.0,0,,0,,,,,,,,,ARC-AGI-1,aa922be204204ec148a1137fe6ed4d34ddde812b,training,288
b91ae062,unsupported_shape_change,0,0,1.2570526450872421e-06,,,,,,,abstained,1,0,0.0,0.0,0,,0,,,,,,,,,ARC-AGI-1,aa922be204204ec148a1137fe6ed4d34ddde812b,training,289
b94a9452,unsupported_shape_change,0,0,1.1899974197149277e-06,,,,,,,abstained,1,0,0.0,0.0,0,,0,,,,,,,,,ARC-AGI-1,aa922be204204ec148a1137fe6ed4d34ddde812b,training,290
b9b7f026,unsupported_shape_change,0,0,1.0209623724222183e-06,,,,,,,abstained,1,0,0.0,0.0,0,,0,,,,,,,,,ARC-AGI-1,aa922be204204ec148a1137fe6ed4d34ddde812b,training,291
ba26e723,no_exact_program,73,0,0.004382626968435943,,,,,,,abstained,1,0,0.0,0.0,0,,0,,,,,,,,,ARC-AGI-1,aa922be204204ec148a1137fe6ed4d34ddde812b,training,292
ba97ae07,no_exact_program,49,0,0.0007424670038744807,,,,,,,abstained,1,0,0.0,0.0,0,,0,,,,,,,,,ARC-AGI-1,aa922be204204ec148a1137fe6ed4d34ddde812b,training,293
bb43febb,no_exact_program,73,0,0.004546170006506145,,,,,,,abstained,1,0,0.0,0.0,0,,0,,,,,,,,,ARC-AGI-1,aa922be204204ec148a1137fe6ed4d34ddde812b,training,294
bbc9ae5d,unsupported_shape_change,0,0,1.4579854905605316e-06,,,,,,,abstained,1,0,0.0,0.0,0,,0,,,,,,,,,ARC-AGI-1,aa922be204204ec148a1137fe6ed4d34ddde812b,training,295
bc1d5164,unsupported_shape_change,0,0,1.1570518836379051e-06,,,,,,,abstained,1,0,0.0,0.0,0,,0,,,,,,,,,ARC-AGI-1,aa922be204204ec148a1137fe6ed4d34ddde812b,training,296
bd4472b8,no_exact_program,49,0,0.0007074578898027539,,,,,,,abstained,1,0,0.0,0.0,0,,0,,,,,,,,,ARC-AGI-1,aa922be204204ec148a1137fe6ed4d34ddde812b,training,297
bda2d7a6,no_exact_program,49,0,0.0007382769836112857,,,,,,,abstained,2,0,0.0,0.0,0,,0,,,,,,,,,ARC-AGI-1,aa922be204204ec148a1137fe6ed4d34ddde812b,training,298
bdad9b1f,no_exact_program,49,0,0.00069194205570966,,,,,,,abstained,1,0,0.0,0.0,0,,0,,,,,,,,,ARC-AGI-1,aa922be204204ec148a1137fe6ed4d34ddde812b,training,299
be94b721,unsupported_shape_change,0,0,1.317937858402729e-06,,,,,,,abstained,1,0,0.0,0.0,0,,0,,,,,,,,,ARC-AGI-1,aa922be204204ec148a1137fe6ed4d34ddde812b,training,300
beb8660c,no_exact_program,49,0,0.000729372026398778,,,,,,,abstained,1,0,0.0,0.0,0,,0,,,,,,,,,ARC-AGI-1,aa922be204204ec148a1137fe6ed4d34ddde812b,training,301
c0f76784,no_exact_program,49,0,0.000733249937184155,,,,,,,abstained,1,0,0.0,0.0,0,,0,,,,,,,,,ARC-AGI-1,aa922be204204ec148a1137fe6ed4d34ddde812b,training,302
c1d99e64,no_exact_program,97,0,0.007934297900646925,,,,,,,abstained,1,0,0.0,0.0,0,,0,,,,,,,,,ARC-AGI-1,aa922be204204ec148a1137fe6ed4d34ddde812b,training,303
c3e719e8,unsupported_shape_change,0,0,1.3249227777123451e-06,,,,,,,abstained,1,0,0.0,0.0,0,,0,,,,,,,,,ARC-AGI-1,aa922be204204ec148a1137fe6ed4d34ddde812b,training,304
c3f564a4,no_exact_program,49,0,0.000776562956161797,,,,,,,abstained,1,0,0.0,0.0,0,,0,,,,,,,,,ARC-AGI-1,aa922be204204ec148a1137fe6ed4d34ddde812b,training,305
c444b776,no_exact_program,49,0,0.0007337899878621101,,,,,,,abstained,1,0,0.0,0.0,0,,0,,,,,,,,,ARC-AGI-1,aa922be204204ec148a1137fe6ed4d34ddde812b,training,306
c59eb873,unsupported_shape_change,0,0,1.1370284482836723e-06,,,,,,,abstained,1,0,0.0,0.0,0,,0,,,,,,,,,ARC-AGI-1,aa922be204204ec148a1137fe6ed4d34ddde812b,training,307
c8cbb738,unsupported_shape_change,0,0,1.076958142220974e-06,,,,,,,abstained,1,0,0.0,0.0,0,,0,,,,,,,,,ARC-AGI-1,aa922be204204ec148a1137fe6ed4d34ddde812b,training,308
c8f0f002,selected,85,11,0.009866273030638695,propagate:1:7:5:4:fixed_point,propagate,19.0,8.0,27.0,39.0,solved,1,1,1.0,1.0,1,1.0,15,3.0,3.0,fixed_point,2652.0,1755.0,897.0,0.0001346779754385352,0.00014185102190822363,ARC-AGI-1,aa922be204204ec148a1137fe6ed4d34ddde812b,training,309
c909285e,unsupported_shape_change,0,0,1.4060642570257187e-06,,,,,,,abstained,1,0,0.0,0.0,0,,0,,,,,,,,,ARC-AGI-1,aa922be204204ec148a1137fe6ed4d34ddde812b,training,310
c9e6f938,unsupported_shape_change,0,0,1.2069940567016602e-06,,,,,,,abstained,1,0,0.0,0.0,0,,0,,,,,,,,,ARC-AGI-1,aa922be204204ec148a1137fe6ed4d34ddde812b,training,311
c9f8e694,no_exact_program,49,0,0.0007335770642384887,,,,,,,abstained,1,0,0.0,0.0,0,,0,,,,,,,,,ARC-AGI-1,aa922be204204ec148a1137fe6ed4d34ddde812b,training,312
caa06a1f,no_exact_program,49,0,0.0007382830372080207,,,,,,,abstained,1,0,0.0,0.0,0,,0,,,,,,,,,ARC-AGI-1,aa922be204204ec148a1137fe6ed4d34ddde812b,training,313
cbded52d,no_exact_program,49,0,0.0007073889719322324,,,,,,,abstained,1,0,0.0,0.0,0,,0,,,,,,,,,ARC-AGI-1,aa922be204204ec148a1137fe6ed4d34ddde812b,training,314
cce03e0d,unsupported_shape_change,0,0,1.1740485206246376e-06,,,,,,,abstained,1,0,0.0,0.0,0,,0,,,,,,,,,ARC-AGI-1,aa922be204204ec148a1137fe6ed4d34ddde812b,training,315
cdecee7f,unsupported_shape_change,0,0,9.409850463271141e-07,,,,,,,abstained,1,0,0.0,0.0,0,,0,,,,,,,,,ARC-AGI-1,aa922be204204ec148a1137fe6ed4d34ddde812b,training,316
ce22a75a,no_exact_program,49,0,0.00071856495924294,,,,,,,abstained,1,0,0.0,0.0,0,,0,,,,,,,,,ARC-AGI-1,aa922be204204ec148a1137fe6ed4d34ddde812b,training,317
ce4f8723,unsupported_shape_change,0,0,1.2549571692943573e-06,,,,,,,abstained,1,0,0.0,0.0,0,,0,,,,,,,,,ARC-AGI-1,aa922be204204ec148a1137fe6ed4d34ddde812b,training,318
ce602527,unsupported_shape_change,0,0,8.980277925729752e-07,,,,,,,abstained,1,0,0.0,0.0,0,,0,,,,,,,,,ARC-AGI-1,aa922be204204ec148a1137fe6ed4d34ddde812b,training,319
ce9e57f2,no_exact_program,73,0,0.004395309020765126,,,,,,,abstained,1,0,0.0,0.0,0,,0,,,,,,,,,ARC-AGI-1,aa922be204204ec148a1137fe6ed4d34ddde812b,training,320
cf98881b,unsupported_shape_change,0,0,1.6989652067422867e-06,,,,,,,abstained,1,0,0.0,0.0,0,,0,,,,,,,,,ARC-AGI-1,aa922be204204ec148a1137fe6ed4d34ddde812b,training,321
d037b0a7,no_exact_program,49,0,0.000705681974068284,,,,,,,abstained,1,0,0.0,0.0,0,,0,,,,,,,,,ARC-AGI-1,aa922be204204ec148a1137fe6ed4d34ddde812b,training,322
d06dbe63,no_exact_program,73,0,0.005471073091030121,,,,,,,abstained,1,0,0.0,0.0,0,,0,,,,,,,,,ARC-AGI-1,aa922be204204ec148a1137fe6ed4d34ddde812b,training,323
d07ae81c,no_exact_program,49,0,0.0007819309830665588,,,,,,,abstained,1,0,0.0,0.0,0,,0,,,,,,,,,ARC-AGI-1,aa922be204204ec148a1137fe6ed4d34ddde812b,training,324
d0f5fe59,unsupported_shape_change,0,0,1.1579832062125206e-06,,,,,,,abstained,1,0,0.0,0.0,0,,0,,,,,,,,,ARC-AGI-1,aa922be204204ec148a1137fe6ed4d34ddde812b,training,325
d10ecb37,unsupported_shape_change,0,0,1.041102223098278e-06,,,,,,,abstained,1,0,0.0,0.0,0,,0,,,,,,,,,ARC-AGI-1,aa922be204204ec148a1137fe6ed4d34ddde812b,training,326
d13f3404,unsupported_shape_change,0,0,1.0380754247307777e-06,,,,,,,abstained,1,0,0.0,0.0,0,,0,,,,,,,,,ARC-AGI-1,aa922be204204ec148a1137fe6ed4d34ddde812b,training,327
d22278a0,no_exact_program,49,0,0.000768012017942965,,,,,,,abstained,1,0,0.0,0.0,0,,0,,,,,,,,,ARC-AGI-1,aa922be204204ec148a1137fe6ed4d34ddde812b,training,328
d23f8c26,no_exact_program,49,0,0.000728525104932487,,,,,,,abstained,1,0,0.0,0.0,0,,0,,,,,,,,,ARC-AGI-1,aa922be204204ec148a1137fe6ed4d34ddde812b,training,329
d2abd087,no_exact_program,49,0,0.000744496937841177,,,,,,,abstained,1,0,0.0,0.0,0,,0,,,,,,,,,ARC-AGI-1,aa922be204204ec148a1137fe6ed4d34ddde812b,training,330
d364b489,no_exact_program,49,0,0.0007189689204096794,,,,,,,abstained,1,0,0.0,0.0,0,,0,,,,,,,,,ARC-AGI-1,aa922be204204ec148a1137fe6ed4d34ddde812b,training,331
d406998b,no_exact_program,73,0,0.004399511031806469,,,,,,,abstained,1,0,0.0,0.0,0,,0,,,,,,,,,ARC-AGI-1,aa922be204204ec148a1137fe6ed4d34ddde812b,training,332
d43fd935,no_exact_program,49,0,0.0007297779666259885,,,,,,,abstained,1,0,0.0,0.0,0,,0,,,,,,,,,ARC-AGI-1,aa922be204204ec148a1137fe6ed4d34ddde812b,training,333
d4469b4b,unsupported_shape_change,0,0,1.174979843199253e-06,,,,,,,abstained,2,0,0.0,0.0,0,,0,,,,,,,,,ARC-AGI-1,aa922be204204ec148a1137fe6ed4d34ddde812b,training,334
d4a91cb9,no_exact_program,85,0,0.008313233032822609,,,,,,,abstained,1,0,0.0,0.0,0,,0,,,,,,,,,ARC-AGI-1,aa922be204204ec148a1137fe6ed4d34ddde812b,training,335
d4f3cd78,no_exact_program,73,0,0.004485942889004946,,,,,,,abstained,1,0,0.0,0.0,0,,0,,,,,,,,,ARC-AGI-1,aa922be204204ec148a1137fe6ed4d34ddde812b,training,336
d511f180,no_exact_program,49,0,0.0007153429323807359,,,,,,,abstained,1,0,0.0,0.0,0,,0,,,,,,,,,ARC-AGI-1,aa922be204204ec148a1137fe6ed4d34ddde812b,training,337
d5d6de2d,no_exact_program,49,0,0.0007634760113433003,,,,,,,abstained,2,0,0.0,0.0,0,,0,,,,,,,,,ARC-AGI-1,aa922be204204ec148a1137fe6ed4d34ddde812b,training,338
d631b094,unsupported_shape_change,0,0,1.3950048014521599e-06,,,,,,,abstained,1,0,0.0,0.0,0,,0,,,,,,,,,ARC-AGI-1,aa922be204204ec148a1137fe6ed4d34ddde812b,training,339
d687bc17,no_exact_program,49,0,0.0007820819737389684,,,,,,,abstained,1,0,0.0,0.0,0,,0,,,,,,,,,ARC-AGI-1,aa922be204204ec148a1137fe6ed4d34ddde812b,training,340
d6ad076f,no_exact_program,133,0,0.014590058010071516,,,,,,,abstained,1,0,0.0,0.0,0,,0,,,,,,,,,ARC-AGI-1,aa922be204204ec148a1137fe6ed4d34ddde812b,training,341
d89b689b,no_exact_program,49,0,0.0007278099656105042,,,,,,,abstained,1,0,0.0,0.0,0,,0,,,,,,,,,ARC-AGI-1,aa922be204204ec148a1137fe6ed4d34ddde812b,training,342
d8c310e9,no_exact_program,49,0,0.0007168359588831663,,,,,,,abstained,1,0,0.0,0.0,0,,0,,,,,,,,,ARC-AGI-1,aa922be204204ec148a1137fe6ed4d34ddde812b,training,343
d90796e8,no_exact_program,49,0,0.0007131670136004686,,,,,,,abstained,1,0,0.0,0.0,0,,0,,,,,,,,,ARC-AGI-1,aa922be204204ec148a1137fe6ed4d34ddde812b,training,344
d9f24cd1,no_exact_program,73,0,0.005713745020329952,,,,,,,abstained,1,0,0.0,0.0,0,,0,,,,,,,,,ARC-AGI-1,aa922be204204ec148a1137fe6ed4d34ddde812b,training,345
d9fac9be,unsupported_shape_change,0,0,1.32701825350523e-06,,,,,,,abstained,1,0,0.0,0.0,0,,0,,,,,,,,,ARC-AGI-1,aa922be204204ec148a1137fe6ed4d34ddde812b,training,346
dae9d2b5,unsupported_shape_change,0,0,1.084059476852417e-06,,,,,,,abstained,2,0,0.0,0.0,0,,0,,,,,,,,,ARC-AGI-1,aa922be204204ec148a1137fe6ed4d34ddde812b,training,347
db3e9e38,no_exact_program,49,0,0.0007280830759555101,,,,,,,abstained,1,0,0.0,0.0,0,,0,,,,,,,,,ARC-AGI-1,aa922be204204ec148a1137fe6ed4d34ddde812b,training,348
db93a21d,no_exact_program,49,0,0.0008275369182229042,,,,,,,abstained,1,0,0.0,0.0,0,,0,,,,,,,,,ARC-AGI-1,aa922be204204ec148a1137fe6ed4d34ddde812b,training,349
dbc1a6ce,no_exact_program,73,0,0.0046364880399778485,,,,,,,abstained,1,0,0.0,0.0,0,,0,,,,,,,,,ARC-AGI-1,aa922be204204ec148a1137fe6ed4d34ddde812b,training,350
dc0a314f,unsupported_shape_change,0,0,1.383945345878601e-06,,,,,,,abstained,1,0,0.0,0.0,0,,0,,,,,,,,,ARC-AGI-1,aa922be204204ec148a1137fe6ed4d34ddde812b,training,351
dc1df850,selected,109,1,0.010432217037305236,propagate:2:0:1:8:1,propagate,21.0,8.0,29.0,47.0,solved,1,1,1.0,1.0,1,1.0,100,1.0,1.0,max_steps,4700.0,4700.0,0.0,5.8762961998581886e-05,6.42780214548111e-05,ARC-AGI-1,aa922be204204ec148a1137fe6ed4d34ddde812b,training,352
dc433765,no_exact_program,49,0,0.0007322609890252352,,,,,,,abstained,2,0,0.0,0.0,0,,0,,,,,,,,,ARC-AGI-1,aa922be204204ec148a1137fe6ed4d34ddde812b,training,353
ddf7fa4f,no_exact_program,49,0,0.0007183529669418931,,,,,,,abstained,1,0,0.0,0.0,0,,0,,,,,,,,,ARC-AGI-1,aa922be204204ec148a1137fe6ed4d34ddde812b,training,354
de1cd16c,unsupported_shape_change,0,0,1.2880191206932068e-06,,,,,,,abstained,1,0,0.0,0.0,0,,0,,,,,,,,,ARC-AGI-1,aa922be204204ec148a1137fe6ed4d34ddde812b,training,355
ded97339,no_exact_program,61,0,0.0029869129648432136,,,,,,,abstained,1,0,0.0,0.0,0,,0,,,,,,,,,ARC-AGI-1,aa922be204204ec148a1137fe6ed4d34ddde812b,training,356
e179c5f4,no_exact_program,49,0,0.0006925490451976657,,,,,,,abstained,1,0,0.0,0.0,0,,0,,,,,,,,,ARC-AGI-1,aa922be204204ec148a1137fe6ed4d34ddde812b,training,357
e21d9049,no_exact_program,49,0,0.0007064769743010402,,,,,,,abstained,1,0,0.0,0.0,0,,0,,,,,,,,,ARC-AGI-1,aa922be204204ec148a1137fe6ed4d34ddde812b,training,358
e26a3af2,no_exact_program,49,0,0.000767175923101604,,,,,,,abstained,1,0,0.0,0.0,0,,0,,,,,,,,,ARC-AGI-1,aa922be204204ec148a1137fe6ed4d34ddde812b,training,359
e3497940,unsupported_shape_change,0,0,1.3650860637426376e-06,,,,,,,abstained,1,0,0.0,0.0,0,,0,,,,,,,,,ARC-AGI-1,aa922be204204ec148a1137fe6ed4d34ddde812b,training,360
e40b9e2f,no_exact_program,49,0,0.0007118129869922996,,,,,,,abstained,1,0,0.0,0.0,0,,0,,,,,,,,,ARC-AGI-1,aa922be204204ec148a1137fe6ed4d34ddde812b,training,361
e48d4e1a,no_exact_program,49,0,0.0007294910028576851,,,,,,,abstained,1,0,0.0,0.0,0,,0,,,,,,,,,ARC-AGI-1,aa922be204204ec148a1137fe6ed4d34ddde812b,training,362
e5062a87,no_exact_program,73,0,0.005524904001504183,,,,,,,abstained,1,0,0.0,0.0,0,,0,,,,,,,,,ARC-AGI-1,aa922be204204ec148a1137fe6ed4d34ddde812b,training,363
e509e548,no_exact_program,49,0,0.0008397559868171811,,,,,,,abstained,1,0,0.0,0.0,0,,0,,,,,,,,,ARC-AGI-1,aa922be204204ec148a1137fe6ed4d34ddde812b,training,364
e50d258f,unsupported_shape_change,0,0,1.1039664968848228e-06,,,,,,,abstained,1,0,0.0,0.0,0,,0,,,,,,,,,ARC-AGI-1,aa922be204204ec148a1137fe6ed4d34ddde812b,training,365
e6721834,unsupported_shape_change,0,0,1.0039657354354858e-06,,,,,,,abstained,1,0,0.0,0.0,0,,0,,,,,,,,,ARC-AGI-1,aa922be204204ec148a1137fe6ed4d34ddde812b,training,366
e73095fd,no_exact_program,73,0,0.004873623955063522,,,,,,,abstained,1,0,0.0,0.0,0,,0,,,,,,,,,ARC-AGI-1,aa922be204204ec148a1137fe6ed4d34ddde812b,training,367
e76a88a6,no_exact_program,49,0,0.0007041329517960548,,,,,,,abstained,1,0,0.0,0.0,0,,0,,,,,,,,,ARC-AGI-1,aa922be204204ec148a1137fe6ed4d34ddde812b,training,368
e8593010,no_exact_program,49,0,0.0007206290028989315,,,,,,,abstained,1,0,0.0,0.0,0,,0,,,,,,,,,ARC-AGI-1,aa922be204204ec148a1137fe6ed4d34ddde812b,training,369
e8dc4411,no_exact_program,49,0,0.00074060691986233,,,,,,,abstained,1,0,0.0,0.0,0,,0,,,,,,,,,ARC-AGI-1,aa922be204204ec148a1137fe6ed4d34ddde812b,training,370
e9614598,no_exact_program,73,0,0.0048215140122920275,,,,,,,abstained,2,0,0.0,0.0,0,,0,,,,,,,,,ARC-AGI-1,aa922be204204ec148a1137fe6ed4d34ddde812b,training,371
e98196ab,unsupported_shape_change,0,0,1.3399403542280197e-06,,,,,,,abstained,1,0,0.0,0.0,0,,0,,,,,,,,,ARC-AGI-1,aa922be204204ec148a1137fe6ed4d34ddde812b,training,372
e9afcf9a,no_exact_program,49,0,0.0006719150114804506,,,,,,,abstained,1,0,0.0,0.0,0,,0,,,,,,,,,ARC-AGI-1,aa922be204204ec148a1137fe6ed4d34ddde812b,training,373
ea32f347,no_exact_program,49,0,0.0007144339615479112,,,,,,,abstained,1,0,0.0,0.0,0,,0,,,,,,,,,ARC-AGI-1,aa922be204204ec148a1137fe6ed4d34ddde812b,training,374
ea786f4a,no_exact_program,49,0,0.0006911869859322906,,,,,,,abstained,1,0,0.0,0.0,0,,0,,,,,,,,,ARC-AGI-1,aa922be204204ec148a1137fe6ed4d34ddde812b,training,375
eb281b96,unsupported_shape_change,0,0,1.1990778148174286e-06,,,,,,,abstained,1,0,0.0,0.0,0,,0,,,,,,,,,ARC-AGI-1,aa922be204204ec148a1137fe6ed4d34ddde812b,training,376
eb5a1d5d,unsupported_shape_change,0,0,1.1509982869029045e-06,,,,,,,abstained,1,0,0.0,0.0,0,,0,,,,,,,,,ARC-AGI-1,aa922be204204ec148a1137fe6ed4d34ddde812b,training,377
ec883f72,no_exact_program,49,0,0.0007168479496613145,,,,,,,abstained,1,0,0.0,0.0,0,,0,,,,,,,,,ARC-AGI-1,aa922be204204ec148a1137fe6ed4d34ddde812b,training,378
ecdecbb3,no_exact_program,49,0,0.000742821954190731,,,,,,,abstained,1,0,0.0,0.0,0,,0,,,,,,,,,ARC-AGI-1,aa922be204204ec148a1137fe6ed4d34ddde812b,training,379
ed36ccf7,no_exact_program,49,0,0.0007071599829941988,,,,,,,abstained,1,0,0.0,0.0,0,,0,,,,,,,,,ARC-AGI-1,aa922be204204ec148a1137fe6ed4d34ddde812b,training,380
ef135b50,no_exact_program,73,0,0.004602218046784401,,,,,,,abstained,1,0,0.0,0.0,0,,0,,,,,,,,,ARC-AGI-1,aa922be204204ec148a1137fe6ed4d34ddde812b,training,381
f15e1fac,no_exact_program,73,0,0.007109857047908008,,,,,,,abstained,1,0,0.0,0.0,0,,0,,,,,,,,,ARC-AGI-1,aa922be204204ec148a1137fe6ed4d34ddde812b,training,382
f1cefba8,no_exact_program,49,0,0.000783886993303895,,,,,,,abstained,1,0,0.0,0.0,0,,0,,,,,,,,,ARC-AGI-1,aa922be204204ec148a1137fe6ed4d34ddde812b,training,383
f25fbde4,unsupported_shape_change,0,0,1.227017492055893e-06,,,,,,,abstained,1,0,0.0,0.0,0,,0,,,,,,,,,ARC-AGI-1,aa922be204204ec148a1137fe6ed4d34ddde812b,training,384
f25ffba3,no_exact_program,49,0,0.0006920549785718322,,,,,,,abstained,1,0,0.0,0.0,0,,0,,,,,,,,,ARC-AGI-1,aa922be204204ec148a1137fe6ed4d34ddde812b,training,385
f2829549,unsupported_shape_change,0,0,1.0969815775752068e-06,,,,,,,abstained,1,0,0.0,0.0,0,,0,,,,,,,,,ARC-AGI-1,aa922be204204ec148a1137fe6ed4d34ddde812b,training,386
f35d900a,no_exact_program,49,0,0.0008144580060616136,,,,,,,abstained,1,0,0.0,0.0,0,,0,,,,,,,,,ARC-AGI-1,aa922be204204ec148a1137fe6ed4d34ddde812b,training,387
f5b8619d,unsupported_shape_change,0,0,1.2350501492619514e-06,,,,,,,abstained,1,0,0.0,0.0,0,,0,,,,,,,,,ARC-AGI-1,aa922be204204ec148a1137fe6ed4d34ddde812b,training,388
f76d97a5,no_exact_program,49,0,0.0007175910286605358,,,,,,,abstained,1,0,0.0,0.0,0,,0,,,,,,,,,ARC-AGI-1,aa922be204204ec148a1137fe6ed4d34ddde812b,training,389
f8a8fe49,no_exact_program,49,0,0.0007780519081279635,,,,,,,abstained,1,0,0.0,0.0,0,,0,,,,,,,,,ARC-AGI-1,aa922be204204ec148a1137fe6ed4d34ddde812b,training,390
f8b3ba0a,unsupported_shape_change,0,0,1.1889496818184853e-06,,,,,,,abstained,1,0,0.0,0.0,0,,0,,,,,,,,,ARC-AGI-1,aa922be204204ec148a1137fe6ed4d34ddde812b,training,391
f8c80d96,no_exact_program,49,0,0.0007360579911619425,,,,,,,abstained,1,0,0.0,0.0,0,,0,,,,,,,,,ARC-AGI-1,aa922be204204ec148a1137fe6ed4d34ddde812b,training,392
f8ff0b80,unsupported_shape_change,0,0,1.1479714885354042e-06,,,,,,,abstained,1,0,0.0,0.0,0,,0,,,,,,,,,ARC-AGI-1,aa922be204204ec148a1137fe6ed4d34ddde812b,training,393
f9012d9b,unsupported_shape_change,0,0,1.0130461305379868e-06,,,,,,,abstained,1,0,0.0,0.0,0,,0,,,,,,,,,ARC-AGI-1,aa922be204204ec148a1137fe6ed4d34ddde812b,training,394
fafffa47,unsupported_shape_change,0,0,1.0440126061439514e-06,,,,,,,abstained,1,0,0.0,0.0,0,,0,,,,,,,,,ARC-AGI-1,aa922be204204ec148a1137fe6ed4d34ddde812b,training,395
fcb5c309,unsupported_shape_change,0,0,9.629875421524048e-07,,,,,,,abstained,1,0,0.0,0.0,0,,0,,,,,,,,,ARC-AGI-1,aa922be204204ec148a1137fe6ed4d34ddde812b,training,396
fcc82909,no_exact_program,145,0,0.018850820022635162,,,,,,,abstained,1,0,0.0,0.0,0,,0,,,,,,,,,ARC-AGI-1,aa922be204204ec148a1137fe6ed4d34ddde812b,training,397
feca6190,unsupported_shape_change,0,0,1.4039687812328339e-06,,,,,,,abstained,1,0,0.0,0.0,0,,0,,,,,,,,,ARC-AGI-1,aa922be204204ec148a1137fe6ed4d34ddde812b,training,398
ff28f65a,unsupported_shape_change,0,0,9.369105100631714e-07,,,,,,,abstained,3,0,0.0,0.0,0,,0,,,,,,,,,ARC-AGI-1,aa922be204204ec148a1137fe6ed4d34ddde812b,training,399
ff805c23,unsupported_shape_change,0,0,1.0650837793946266e-06,,,,,,,abstained,1,0,0.0,0.0,0,,0,,,,,,,,,ARC-AGI-1,aa922be204204ec148a1137fe6ed4d34ddde812b,training,400
