run,suite,cohort,source_commit,task_id,variant,seed,status,deployment_eligible,strict_hard_task_exact,selected_by_demo,hard_demo_task_exact,hard_demo_cell_accuracy,hard_task_exact,hard_cell_accuracy,soft_task_exact,hardening_task_drop,selected_horizon,state_bits_per_cell,parameter_count,parameter_storage_bits,hard_fixed_width_circuit_bits,active_non_passthrough_gates,hard_gates_per_cell_step,test_dynamic_gate_evaluations,dense_macs_per_cell_step,test_dense_macs,test_state_bit_updates,hard_export_equivalent,elapsed_seconds
diffarc_formal_confirm_4f54aa4,arc,conf_induction_hash,4f54aa45d1e6328d96352028375718b7506d926a,1e0a9b12,sparse,-1,selected,1.0,0.0,1.0,1.0,1.0,0.0,0.6,,,,,,,,,,,,,,,
diffarc_formal_confirm_4f54aa4,arc,conf_induction_hash,4f54aa45d1e6328d96352028375718b7506d926a,1e0a9b12,d4_sparse,-1,selected,1.0,0.0,1.0,1.0,1.0,0.0,0.6,,,,,,,,,,,,,,,
diffarc_formal_confirm_4f54aa4,arc,conf_induction_hash,4f54aa45d1e6328d96352028375718b7506d926a,1e0a9b12,d4_bgpad_sparse,-1,selected,1.0,0.0,1.0,1.0,1.0,0.0,0.6,,,,,,,,,,,,,,,
diffarc_formal_confirm_4f54aa4,arc,conf_induction_hash,4f54aa45d1e6328d96352028375718b7506d926a,1e0a9b12,dl1,0,trained,0.0,0.0,1.0,0.0,0.7532467532467533,0.0,0.6,0.0,0.0,1,4,2624,83968,2704,22,164,4100,,,100,1.0,7.860658581019379
diffarc_formal_confirm_4f54aa4,arc,conf_induction_hash,4f54aa45d1e6328d96352028375718b7506d926a,1e0a9b12,dl1_wide,0,trained,0.0,0.0,1.0,0.0,0.7662337662337663,0.0,0.52,0.0,0.0,1,4,7744,247808,8376,45,484,12100,,,100,1.0,7.017793991020881
diffarc_formal_confirm_4f54aa4,arc,conf_induction_hash,4f54aa45d1e6328d96352028375718b7506d926a,3345333e,sparse,-1,selected,1.0,0.0,1.0,1.0,1.0,0.0,0.921875,,,,,,,,,,,,,,,
diffarc_formal_confirm_4f54aa4,arc,conf_induction_hash,4f54aa45d1e6328d96352028375718b7506d926a,3345333e,d4_sparse,-1,selected,1.0,0.0,1.0,1.0,1.0,0.0,0.921875,,,,,,,,,,,,,,,
diffarc_formal_confirm_4f54aa4,arc,conf_induction_hash,4f54aa45d1e6328d96352028375718b7506d926a,3345333e,d4_bgpad_sparse,-1,selected,1.0,0.0,1.0,1.0,1.0,0.0,0.921875,,,,,,,,,,,,,,,
diffarc_formal_confirm_4f54aa4,arc,conf_induction_hash,4f54aa45d1e6328d96352028375718b7506d926a,3345333e,dl1,2,trained,0.0,0.0,1.0,0.0,0.9296875,0.0,0.796875,0.0,0.0,1,4,2624,83968,2704,11,164,41984,,,1024,1.0,5.691384337027557
diffarc_formal_confirm_4f54aa4,arc,conf_induction_hash,4f54aa45d1e6328d96352028375718b7506d926a,3345333e,dl1_wide,1,trained,0.0,0.0,1.0,0.0,0.947265625,0.0,0.7578125,0.0,0.0,1,4,7744,247808,8376,40,484,123904,,,1024,1.0,6.864921547006816
diffarc_formal_confirm_4f54aa4,arc,conf_induction_hash,4f54aa45d1e6328d96352028375718b7506d926a,68b16354,sparse,-1,selected,1.0,0.0,1.0,1.0,1.0,0.0,0.3469387755102041,,,,,,,,,,,,,,,
diffarc_formal_confirm_4f54aa4,arc,conf_induction_hash,4f54aa45d1e6328d96352028375718b7506d926a,68b16354,d4_sparse,-1,selected,1.0,0.0,1.0,1.0,1.0,0.0,0.3469387755102041,,,,,,,,,,,,,,,
diffarc_formal_confirm_4f54aa4,arc,conf_induction_hash,4f54aa45d1e6328d96352028375718b7506d926a,68b16354,d4_bgpad_sparse,-1,selected,1.0,0.0,1.0,1.0,1.0,0.0,0.3469387755102041,,,,,,,,,,,,,,,
diffarc_formal_confirm_4f54aa4,arc,conf_induction_hash,4f54aa45d1e6328d96352028375718b7506d926a,68b16354,dl1,0,trained,0.0,0.0,1.0,0.0,0.1919191919191919,0.0,0.10204081632653061,0.0,0.0,1,4,2624,83968,2704,29,164,8036,,,196,1.0,6.0525166019797325
diffarc_formal_confirm_4f54aa4,arc,conf_induction_hash,4f54aa45d1e6328d96352028375718b7506d926a,68b16354,dl1_wide,1,trained,0.0,0.0,1.0,0.0,0.1414141414141414,0.0,0.16326530612244897,0.0,0.0,1,4,7744,247808,8376,67,484,23716,,,196,1.0,7.695225876988843
diffarc_formal_confirm_4f54aa4,arc,conf_induction_hash,4f54aa45d1e6328d96352028375718b7506d926a,7ee1c6ea,sparse,-1,selected,1.0,0.0,1.0,1.0,1.0,0.0,0.72,,,,,,,,,,,,,,,
diffarc_formal_confirm_4f54aa4,arc,conf_induction_hash,4f54aa45d1e6328d96352028375718b7506d926a,7ee1c6ea,d4_sparse,-1,selected,1.0,0.0,1.0,1.0,1.0,0.0,0.72,,,,,,,,,,,,,,,
diffarc_formal_confirm_4f54aa4,arc,conf_induction_hash,4f54aa45d1e6328d96352028375718b7506d926a,7ee1c6ea,d4_bgpad_sparse,-1,selected,1.0,0.0,1.0,1.0,1.0,0.0,0.72,,,,,,,,,,,,,,,
diffarc_formal_confirm_4f54aa4,arc,conf_induction_hash,4f54aa45d1e6328d96352028375718b7506d926a,7ee1c6ea,dl1,2,trained,0.0,0.0,1.0,0.0,0.30666666666666664,0.0,0.31,0.0,0.0,1,4,2624,83968,2704,20,164,16400,,,400,1.0,6.838458337937482
diffarc_formal_confirm_4f54aa4,arc,conf_induction_hash,4f54aa45d1e6328d96352028375718b7506d926a,7ee1c6ea,dl1_wide,1,trained,0.0,0.0,1.0,0.0,0.4633333333333333,0.0,0.43,0.0,0.0,1,4,7744,247808,8376,59,484,48400,,,400,1.0,8.065023564966395
diffarc_formal_confirm_4f54aa4,arc,conf_induction_hash,4f54aa45d1e6328d96352028375718b7506d926a,9b5080bb,sparse,-1,selected,1.0,0.0,1.0,1.0,1.0,0.0,0.9753086419753086,,,,,,,,,,,,,,,
diffarc_formal_confirm_4f54aa4,arc,conf_induction_hash,4f54aa45d1e6328d96352028375718b7506d926a,9b5080bb,d4_sparse,-1,selected,1.0,0.0,1.0,1.0,1.0,0.0,0.9753086419753086,,,,,,,,,,,,,,,
diffarc_formal_confirm_4f54aa4,arc,conf_induction_hash,4f54aa45d1e6328d96352028375718b7506d926a,9b5080bb,d4_bgpad_sparse,-1,no_deterministic_local_rule,0.0,0.0,1.0,0.0,0.0,0.0,0.0,,,,,,,,,,,,,,,
diffarc_formal_confirm_4f54aa4,arc,conf_induction_hash,4f54aa45d1e6328d96352028375718b7506d926a,9b5080bb,dl1,1,trained,0.0,0.0,1.0,0.0,0.864883401920439,0.0,0.598079561042524,0.0,0.0,1,4,2624,83968,2704,21,164,119556,,,2916,1.0,9.01149439800065
diffarc_formal_confirm_4f54aa4,arc,conf_induction_hash,4f54aa45d1e6328d96352028375718b7506d926a,9b5080bb,dl1_wide,1,trained,0.0,0.0,1.0,0.0,0.6886145404663924,0.0,0.7160493827160493,0.0,0.0,1,4,7744,247808,8376,61,484,352836,,,2916,1.0,10.10951802704949
diffarc_formal_confirm_4f54aa4,arc,conf_induction_hash,4f54aa45d1e6328d96352028375718b7506d926a,9caf5b84,sparse,-1,selected,1.0,0.0,1.0,1.0,1.0,0.0,0.5,,,,,,,,,,,,,,,
diffarc_formal_confirm_4f54aa4,arc,conf_induction_hash,4f54aa45d1e6328d96352028375718b7506d926a,9caf5b84,d4_sparse,-1,selected,1.0,0.0,1.0,1.0,1.0,0.0,0.5,,,,,,,,,,,,,,,
diffarc_formal_confirm_4f54aa4,arc,conf_induction_hash,4f54aa45d1e6328d96352028375718b7506d926a,9caf5b84,d4_bgpad_sparse,-1,selected,1.0,0.0,1.0,1.0,1.0,0.0,0.5,,,,,,,,,,,,,,,
diffarc_formal_confirm_4f54aa4,arc,conf_induction_hash,4f54aa45d1e6328d96352028375718b7506d926a,9caf5b84,dl1,2,trained,0.0,0.0,1.0,0.0,0.4107142857142857,0.0,0.5,0.0,0.0,1,4,2624,83968,2704,30,164,3936,,,96,1.0,6.754125337000005
diffarc_formal_confirm_4f54aa4,arc,conf_induction_hash,4f54aa45d1e6328d96352028375718b7506d926a,9caf5b84,dl1_wide,1,trained,0.0,0.0,1.0,0.0,0.42857142857142855,0.0,0.625,0.0,0.0,1,4,7744,247808,8376,64,484,11616,,,96,1.0,7.920114243985154
diffarc_formal_confirm_4f54aa4,arc,conf_induction_hash,4f54aa45d1e6328d96352028375718b7506d926a,a04b2602,sparse,-1,selected,1.0,0.0,1.0,1.0,1.0,0.0,0.8333333333333334,,,,,,,,,,,,,,,
diffarc_formal_confirm_4f54aa4,arc,conf_induction_hash,4f54aa45d1e6328d96352028375718b7506d926a,a04b2602,d4_sparse,-1,selected,1.0,0.0,1.0,1.0,1.0,0.0,0.8101851851851852,,,,,,,,,,,,,,,
diffarc_formal_confirm_4f54aa4,arc,conf_induction_hash,4f54aa45d1e6328d96352028375718b7506d926a,a04b2602,d4_bgpad_sparse,-1,selected,1.0,0.0,1.0,1.0,1.0,0.0,0.8125,,,,,,,,,,,,,,,
diffarc_formal_confirm_4f54aa4,arc,conf_induction_hash,4f54aa45d1e6328d96352028375718b7506d926a,a04b2602,dl1,1,trained,0.0,0.0,1.0,0.0,0.6536082474226804,0.0,0.6273148148148148,0.0,0.0,1,4,2624,83968,2704,8,164,70848,,,1728,1.0,8.515345944906585
diffarc_formal_confirm_4f54aa4,arc,conf_induction_hash,4f54aa45d1e6328d96352028375718b7506d926a,a04b2602,dl1_wide,2,trained,0.0,0.0,1.0,0.0,0.2190721649484536,0.0,0.25,0.0,0.0,1,4,7744,247808,8376,31,484,209088,,,1728,1.0,13.828739132964984
diffarc_formal_confirm_4f54aa4,arc,conf_induction_hash,4f54aa45d1e6328d96352028375718b7506d926a,a834deea,sparse,-1,selected,1.0,0.0,1.0,1.0,1.0,0.0,0.9453125,,,,,,,,,,,,,,,
diffarc_formal_confirm_4f54aa4,arc,conf_induction_hash,4f54aa45d1e6328d96352028375718b7506d926a,a834deea,d4_sparse,-1,no_deterministic_local_rule,0.0,0.0,1.0,0.0,0.0,0.0,0.0,,,,,,,,,,,,,,,
diffarc_formal_confirm_4f54aa4,arc,conf_induction_hash,4f54aa45d1e6328d96352028375718b7506d926a,a834deea,d4_bgpad_sparse,-1,no_deterministic_local_rule,0.0,0.0,1.0,0.0,0.0,0.0,0.0,,,,,,,,,,,,,,,
diffarc_formal_confirm_4f54aa4,arc,conf_induction_hash,4f54aa45d1e6328d96352028375718b7506d926a,a834deea,dl1,0,trained,0.0,0.0,1.0,0.0,0.9416243654822335,0.0,0.9453125,0.0,0.0,1,4,2624,83968,2704,6,164,41984,,,1024,1.0,6.228795256931335
diffarc_formal_confirm_4f54aa4,arc,conf_induction_hash,4f54aa45d1e6328d96352028375718b7506d926a,a834deea,dl1_wide,2,trained,0.0,0.0,1.0,0.0,0.9416243654822335,0.0,0.9453125,0.0,0.0,1,4,7744,247808,8376,37,484,123904,,,1024,1.0,8.202858500997536
diffarc_formal_confirm_4f54aa4,arc,conf_induction_hash,4f54aa45d1e6328d96352028375718b7506d926a,a8d7556c,sparse,-1,selected,1.0,0.0,1.0,1.0,1.0,0.0,0.9320987654320988,,,,,,,,,,,,,,,
diffarc_formal_confirm_4f54aa4,arc,conf_induction_hash,4f54aa45d1e6328d96352028375718b7506d926a,a8d7556c,d4_sparse,-1,selected,1.0,0.0,1.0,1.0,1.0,0.0,0.941358024691358,,,,,,,,,,,,,,,
diffarc_formal_confirm_4f54aa4,arc,conf_induction_hash,4f54aa45d1e6328d96352028375718b7506d926a,a8d7556c,d4_bgpad_sparse,-1,selected,1.0,0.0,1.0,1.0,1.0,0.0,0.9320987654320988,,,,,,,,,,,,,,,
diffarc_formal_confirm_4f54aa4,arc,conf_induction_hash,4f54aa45d1e6328d96352028375718b7506d926a,a8d7556c,dl1,2,trained,0.0,0.0,1.0,0.0,0.9362139917695473,0.0,0.9320987654320988,0.0,0.0,1,4,2624,83968,2704,8,164,53136,,,1296,1.0,9.078838241985068
diffarc_formal_confirm_4f54aa4,arc,conf_induction_hash,4f54aa45d1e6328d96352028375718b7506d926a,a8d7556c,dl1_wide,2,trained,0.0,0.0,1.0,0.0,0.9362139917695473,0.0,0.9320987654320988,0.0,0.0,1,4,7744,247808,8376,30,484,156816,,,1296,1.0,12.20340625802055
diffarc_formal_confirm_4f54aa4,arc,conf_induction_hash,4f54aa45d1e6328d96352028375718b7506d926a,b60334d2,sparse,-1,selected,1.0,0.0,1.0,1.0,1.0,0.0,0.9506172839506173,,,,,,,,,,,,,,,
diffarc_formal_confirm_4f54aa4,arc,conf_induction_hash,4f54aa45d1e6328d96352028375718b7506d926a,b60334d2,d4_sparse,-1,selected,1.0,1.0,1.0,1.0,1.0,1.0,1.0,,,,,,,,,,,,,,,
diffarc_formal_confirm_4f54aa4,arc,conf_induction_hash,4f54aa45d1e6328d96352028375718b7506d926a,b60334d2,d4_bgpad_sparse,-1,selected,1.0,1.0,1.0,1.0,1.0,1.0,1.0,,,,,,,,,,,,,,,
diffarc_formal_confirm_4f54aa4,arc,conf_induction_hash,4f54aa45d1e6328d96352028375718b7506d926a,b60334d2,dl1,2,trained,0.0,0.0,1.0,0.0,0.30246913580246915,0.0,0.345679012345679,0.0,0.0,1,4,2624,83968,2704,12,164,13284,,,324,1.0,5.684910350013524
diffarc_formal_confirm_4f54aa4,arc,conf_induction_hash,4f54aa45d1e6328d96352028375718b7506d926a,b60334d2,dl1_wide,1,trained,0.0,0.0,1.0,0.0,0.7839506172839507,0.0,0.7530864197530864,0.0,0.0,1,4,7744,247808,8376,30,484,39204,,,324,1.0,6.878421699046157
diffarc_formal_confirm_4f54aa4,arc,conf_induction_hash,4f54aa45d1e6328d96352028375718b7506d926a,bda2d7a6,sparse,-1,selected,1.0,0.0,1.0,1.0,1.0,0.0,0.04,,,,,,,,,,,,,,,
diffarc_formal_confirm_4f54aa4,arc,conf_induction_hash,4f54aa45d1e6328d96352028375718b7506d926a,bda2d7a6,d4_sparse,-1,selected,1.0,0.0,1.0,1.0,1.0,0.0,0.04,,,,,,,,,,,,,,,
diffarc_formal_confirm_4f54aa4,arc,conf_induction_hash,4f54aa45d1e6328d96352028375718b7506d926a,bda2d7a6,d4_bgpad_sparse,-1,selected,1.0,0.0,1.0,1.0,1.0,0.0,0.04,,,,,,,,,,,,,,,
diffarc_formal_confirm_4f54aa4,arc,conf_induction_hash,4f54aa45d1e6328d96352028375718b7506d926a,bda2d7a6,dl1,2,trained,0.0,0.0,1.0,0.0,0.3897058823529412,0.0,0.13,0.0,0.0,1,4,2624,83968,2704,21,164,16400,,,400,1.0,6.673073145910166
diffarc_formal_confirm_4f54aa4,arc,conf_induction_hash,4f54aa45d1e6328d96352028375718b7506d926a,bda2d7a6,dl1_wide,1,trained,0.0,0.0,1.0,0.0,0.5955882352941176,0.0,0.03,0.0,0.0,1,4,7744,247808,8376,62,484,48400,,,400,1.0,7.924781334004365
diffarc_formal_confirm_4f54aa4,arc,conf_induction_hash,4f54aa45d1e6328d96352028375718b7506d926a,cc9053aa,sparse,-1,selected,1.0,0.0,1.0,1.0,1.0,0.0,0.7777777777777778,,,,,,,,,,,,,,,
diffarc_formal_confirm_4f54aa4,arc,conf_induction_hash,4f54aa45d1e6328d96352028375718b7506d926a,cc9053aa,d4_sparse,-1,selected,1.0,0.0,1.0,1.0,1.0,0.0,0.7901234567901234,,,,,,,,,,,,,,,
diffarc_formal_confirm_4f54aa4,arc,conf_induction_hash,4f54aa45d1e6328d96352028375718b7506d926a,cc9053aa,d4_bgpad_sparse,-1,selected,1.0,0.0,1.0,1.0,1.0,0.0,0.7654320987654321,,,,,,,,,,,,,,,
diffarc_formal_confirm_4f54aa4,arc,conf_induction_hash,4f54aa45d1e6328d96352028375718b7506d926a,cc9053aa,dl1,1,trained,0.0,0.0,1.0,0.0,0.7439613526570048,0.0,0.7407407407407407,0.0,0.0,1,4,2624,83968,2704,19,164,13284,,,324,1.0,6.133568661985919
diffarc_formal_confirm_4f54aa4,arc,conf_induction_hash,4f54aa45d1e6328d96352028375718b7506d926a,cc9053aa,dl1_wide,0,trained,0.0,0.0,1.0,0.0,0.7729468599033816,0.0,0.7654320987654321,0.0,0.0,1,4,7744,247808,8376,43,484,39204,,,324,1.0,7.487080013961531
diffarc_formal_dev_core_4f54aa4,arc,dev_low_mdl,4f54aa45d1e6328d96352028375718b7506d926a,25d8a9c8,sparse,-1,selected,1.0,0.0,1.0,1.0,1.0,0.0,0.6666666666666666,,,,,,,,,,,,,,,
diffarc_formal_dev_core_4f54aa4,arc,dev_low_mdl,4f54aa45d1e6328d96352028375718b7506d926a,25d8a9c8,d4_sparse,-1,selected,1.0,0.0,1.0,1.0,1.0,0.0,0.6666666666666666,,,,,,,,,,,,,,,
diffarc_formal_dev_core_4f54aa4,arc,dev_low_mdl,4f54aa45d1e6328d96352028375718b7506d926a,25d8a9c8,d4_bgpad_sparse,-1,selected,1.0,0.0,1.0,1.0,1.0,0.0,0.0,,,,,,,,,,,,,,,
diffarc_formal_dev_core_4f54aa4,arc,dev_low_mdl,4f54aa45d1e6328d96352028375718b7506d926a,25d8a9c8,dl1,1,trained,0.0,0.0,1.0,0.0,0.8611111111111112,1.0,1.0,1.0,0.0,1,4,2624,83968,2704,25,164,1476,,,36,1.0,6.10937953798566
diffarc_formal_dev_core_4f54aa4,arc,dev_low_mdl,4f54aa45d1e6328d96352028375718b7506d926a,25d8a9c8,dl1_wide,1,trained,0.0,0.0,1.0,0.0,0.9166666666666666,1.0,1.0,1.0,0.0,1,4,7744,247808,8376,59,484,4356,,,36,1.0,7.23363142600283
diffarc_formal_dev_core_4f54aa4,arc,dev_low_mdl,4f54aa45d1e6328d96352028375718b7506d926a,25d8a9c8,dlc1,2,trained,0.0,0.0,1.0,0.0,0.6944444444444444,0.0,0.3333333333333333,0.0,0.0,1,4,7744,247808,8888,54,484,4356,,,36,1.0,7.700783248990774
diffarc_formal_dev_core_4f54aa4,arc,dev_low_mdl,4f54aa45d1e6328d96352028375718b7506d926a,25d8a9c8,dlr,2,trained,0.0,0.0,1.0,0.0,0.5833333333333334,0.0,0.3333333333333333,0.0,0.0,1,12,4160,133120,4472,61,260,2340,,,108,1.0,15.346053724992089
diffarc_formal_dev_core_4f54aa4,arc,dev_low_mdl,4f54aa45d1e6328d96352028375718b7506d926a,32e9702f,sparse,-1,selected,1.0,0.0,1.0,1.0,1.0,0.0,0.92,,,,,,,,,,,,,,,
diffarc_formal_dev_core_4f54aa4,arc,dev_low_mdl,4f54aa45d1e6328d96352028375718b7506d926a,32e9702f,d4_sparse,-1,selected,1.0,0.0,1.0,1.0,1.0,0.0,0.92,,,,,,,,,,,,,,,
diffarc_formal_dev_core_4f54aa4,arc,dev_low_mdl,4f54aa45d1e6328d96352028375718b7506d926a,32e9702f,d4_bgpad_sparse,-1,no_deterministic_local_rule,0.0,0.0,1.0,0.0,0.0,0.0,0.0,,,,,,,,,,,,,,,
diffarc_formal_dev_core_4f54aa4,arc,dev_low_mdl,4f54aa45d1e6328d96352028375718b7506d926a,32e9702f,dl1,0,trained,0.0,0.0,1.0,0.0,0.9508196721311475,0.0,0.84,0.0,0.0,1,4,2624,83968,2704,19,164,16400,,,400,1.0,6.199640728998929
diffarc_formal_dev_core_4f54aa4,arc,dev_low_mdl,4f54aa45d1e6328d96352028375718b7506d926a,32e9702f,dl1_wide,2,trained,0.0,0.0,1.0,0.0,0.9344262295081968,0.0,0.84,0.0,0.0,1,4,7744,247808,8376,47,484,48400,,,400,1.0,6.654498590040021
diffarc_formal_dev_core_4f54aa4,arc,dev_low_mdl,4f54aa45d1e6328d96352028375718b7506d926a,32e9702f,dlc1,2,trained,0.0,0.0,1.0,0.0,0.9344262295081968,0.0,0.84,0.0,0.0,1,4,7744,247808,8888,49,484,48400,,,400,1.0,6.772032044013031
diffarc_formal_dev_core_4f54aa4,arc,dev_low_mdl,4f54aa45d1e6328d96352028375718b7506d926a,32e9702f,dlr,1,trained,0.0,0.0,1.0,0.0,0.8442622950819673,0.0,0.84,0.0,0.0,1,12,4160,133120,4472,86,260,26000,,,1200,1.0,14.818637604010291
diffarc_formal_dev_core_4f54aa4,arc,dev_low_mdl,4f54aa45d1e6328d96352028375718b7506d926a,3aa6fb7a,sparse,-1,selected,1.0,0.0,1.0,1.0,1.0,0.0,0.9591836734693877,,,,,,,,,,,,,,,
diffarc_formal_dev_core_4f54aa4,arc,dev_low_mdl,4f54aa45d1e6328d96352028375718b7506d926a,3aa6fb7a,d4_sparse,-1,selected,1.0,0.0,1.0,1.0,1.0,0.0,0.9795918367346939,,,,,,,,,,,,,,,
diffarc_formal_dev_core_4f54aa4,arc,dev_low_mdl,4f54aa45d1e6328d96352028375718b7506d926a,3aa6fb7a,d4_bgpad_sparse,-1,selected,1.0,1.0,1.0,1.0,1.0,1.0,1.0,,,,,,,,,,,,,,,
diffarc_formal_dev_core_4f54aa4,arc,dev_low_mdl,4f54aa45d1e6328d96352028375718b7506d926a,3aa6fb7a,dl1,1,trained,0.0,0.0,1.0,0.0,0.9489795918367347,0.0,0.9183673469387755,0.0,0.0,1,4,2624,83968,2704,2,164,8036,,,196,1.0,5.736530299065635
diffarc_formal_dev_core_4f54aa4,arc,dev_low_mdl,4f54aa45d1e6328d96352028375718b7506d926a,3aa6fb7a,dl1_wide,1,trained,0.0,0.0,1.0,0.0,0.9489795918367347,0.0,0.9183673469387755,0.0,0.0,1,4,7744,247808,8376,30,484,23716,,,196,1.0,6.234081501024775
diffarc_formal_dev_core_4f54aa4,arc,dev_low_mdl,4f54aa45d1e6328d96352028375718b7506d926a,3aa6fb7a,dlc1,1,trained,0.0,0.0,1.0,0.0,0.9489795918367347,0.0,0.9183673469387755,0.0,0.0,1,4,7744,247808,8888,26,484,23716,,,196,1.0,6.314133230946027
diffarc_formal_dev_core_4f54aa4,arc,dev_low_mdl,4f54aa45d1e6328d96352028375718b7506d926a,3aa6fb7a,dlr,0,trained,0.0,0.0,1.0,0.0,0.9489795918367347,0.0,0.9183673469387755,0.0,0.0,2,12,4160,133120,4472,84,260,25480,,,1176,1.0,15.907918942044489
diffarc_formal_dev_core_4f54aa4,arc,dev_low_mdl,4f54aa45d1e6328d96352028375718b7506d926a,4347f46a,sparse,-1,selected,1.0,0.0,1.0,1.0,1.0,0.0,0.9256965944272446,,,,,,,,,,,,,,,
diffarc_formal_dev_core_4f54aa4,arc,dev_low_mdl,4f54aa45d1e6328d96352028375718b7506d926a,4347f46a,d4_sparse,-1,selected,1.0,0.0,1.0,1.0,1.0,0.0,0.9256965944272446,,,,,,,,,,,,,,,
diffarc_formal_dev_core_4f54aa4,arc,dev_low_mdl,4f54aa45d1e6328d96352028375718b7506d926a,4347f46a,d4_bgpad_sparse,-1,selected,1.0,0.0,1.0,1.0,1.0,0.0,0.9256965944272446,,,,,,,,,,,,,,,
diffarc_formal_dev_core_4f54aa4,arc,dev_low_mdl,4f54aa45d1e6328d96352028375718b7506d926a,4347f46a,dl1,1,trained,0.0,0.0,1.0,0.0,0.8256302521008403,0.0,0.804953560371517,0.0,0.0,1,4,2624,83968,2704,23,164,52972,,,1292,1.0,7.554205477004871
diffarc_formal_dev_core_4f54aa4,arc,dev_low_mdl,4f54aa45d1e6328d96352028375718b7506d926a,4347f46a,dl1_wide,0,trained,0.0,0.0,1.0,0.0,0.8151260504201681,0.0,0.7461300309597523,0.0,0.0,1,4,7744,247808,8376,52,484,156332,,,1292,1.0,8.013232139055617
diffarc_formal_dev_core_4f54aa4,arc,dev_low_mdl,4f54aa45d1e6328d96352028375718b7506d926a,4347f46a,dlc1,0,trained,0.0,0.0,1.0,0.0,0.7773109243697479,0.0,0.7461300309597523,0.0,0.0,1,4,7744,247808,8888,47,484,156332,,,1292,1.0,8.223602456972003
diffarc_formal_dev_core_4f54aa4,arc,dev_low_mdl,4f54aa45d1e6328d96352028375718b7506d926a,4347f46a,dlr,0,trained,0.0,0.0,1.0,0.0,0.06302521008403361,0.0,0.0804953560371517,0.0,0.0,4,12,4160,133120,4472,87,260,335920,,,15504,1.0,16.83826076099649
diffarc_formal_dev_core_4f54aa4,arc,dev_low_mdl,4f54aa45d1e6328d96352028375718b7506d926a,9968a131,sparse,-1,selected,1.0,0.0,1.0,1.0,1.0,0.0,0.88,,,,,,,,,,,,,,,
diffarc_formal_dev_core_4f54aa4,arc,dev_low_mdl,4f54aa45d1e6328d96352028375718b7506d926a,9968a131,d4_sparse,-1,selected,1.0,0.0,1.0,1.0,1.0,0.0,0.88,,,,,,,,,,,,,,,
diffarc_formal_dev_core_4f54aa4,arc,dev_low_mdl,4f54aa45d1e6328d96352028375718b7506d926a,9968a131,d4_bgpad_sparse,-1,no_deterministic_local_rule,0.0,0.0,1.0,0.0,0.0,0.0,0.0,,,,,,,,,,,,,,,
diffarc_formal_dev_core_4f54aa4,arc,dev_low_mdl,4f54aa45d1e6328d96352028375718b7506d926a,9968a131,dl1,1,trained,0.0,0.0,1.0,0.0,0.6346153846153846,0.0,0.52,0.0,0.0,1,4,2624,83968,2704,20,164,4100,,,100,1.0,5.356874497025274
diffarc_formal_dev_core_4f54aa4,arc,dev_low_mdl,4f54aa45d1e6328d96352028375718b7506d926a,9968a131,dl1_wide,0,trained,0.0,0.0,1.0,0.0,0.7115384615384616,0.0,0.84,0.0,0.0,1,4,7744,247808,8376,66,484,12100,,,100,1.0,6.8689692029729486
diffarc_formal_dev_core_4f54aa4,arc,dev_low_mdl,4f54aa45d1e6328d96352028375718b7506d926a,9968a131,dlc1,0,trained,0.0,0.0,1.0,0.0,0.6730769230769231,0.0,0.72,0.0,0.0,1,4,7744,247808,8888,47,484,12100,,,100,1.0,6.164741997024976
diffarc_formal_dev_core_4f54aa4,arc,dev_low_mdl,4f54aa45d1e6328d96352028375718b7506d926a,9968a131,dlr,0,trained,0.0,0.0,1.0,0.0,0.3076923076923077,0.0,0.2,0.0,0.0,4,12,4160,133120,4472,77,260,26000,,,1200,1.0,14.817069336073473
diffarc_formal_dev_core_4f54aa4,arc,dev_low_mdl,4f54aa45d1e6328d96352028375718b7506d926a,aabf363d,sparse,-1,selected,1.0,0.0,1.0,1.0,1.0,0.0,0.673469387755102,,,,,,,,,,,,,,,
diffarc_formal_dev_core_4f54aa4,arc,dev_low_mdl,4f54aa45d1e6328d96352028375718b7506d926a,aabf363d,d4_sparse,-1,selected,1.0,0.0,1.0,1.0,1.0,0.0,0.673469387755102,,,,,,,,,,,,,,,
diffarc_formal_dev_core_4f54aa4,arc,dev_low_mdl,4f54aa45d1e6328d96352028375718b7506d926a,aabf363d,d4_bgpad_sparse,-1,selected,1.0,0.0,1.0,1.0,1.0,0.0,0.673469387755102,,,,,,,,,,,,,,,
diffarc_formal_dev_core_4f54aa4,arc,dev_low_mdl,4f54aa45d1e6328d96352028375718b7506d926a,aabf363d,dl1,1,trained,0.0,0.0,1.0,0.0,0.9081632653061225,0.0,0.673469387755102,0.0,0.0,1,4,2624,83968,2704,6,164,8036,,,196,1.0,6.111756552010775
diffarc_formal_dev_core_4f54aa4,arc,dev_low_mdl,4f54aa45d1e6328d96352028375718b7506d926a,aabf363d,dl1_wide,1,trained,1.0,0.0,1.0,1.0,1.0,0.0,0.5306122448979592,0.0,0.0,1,4,7744,247808,8376,44,484,23716,,,196,1.0,5.027609853073955
diffarc_formal_dev_core_4f54aa4,arc,dev_low_mdl,4f54aa45d1e6328d96352028375718b7506d926a,aabf363d,dlc1,0,trained,0.0,0.0,1.0,0.0,0.8775510204081632,0.0,0.5306122448979592,0.0,0.0,1,4,7744,247808,8888,33,484,23716,,,196,1.0,6.9907078800024465
diffarc_formal_dev_core_4f54aa4,arc,dev_low_mdl,4f54aa45d1e6328d96352028375718b7506d926a,aabf363d,dlr,0,trained,0.0,0.0,1.0,0.0,0.8571428571428571,0.0,0.6122448979591837,0.0,0.0,4,12,4160,133120,4472,96,260,50960,,,2352,1.0,15.869309891946614
diffarc_formal_dev_core_4f54aa4,arc,dev_low_mdl,4f54aa45d1e6328d96352028375718b7506d926a,aedd82e4,sparse,-1,selected,1.0,0.0,1.0,1.0,1.0,0.0,0.85,,,,,,,,,,,,,,,
diffarc_formal_dev_core_4f54aa4,arc,dev_low_mdl,4f54aa45d1e6328d96352028375718b7506d926a,aedd82e4,d4_sparse,-1,selected,1.0,0.0,1.0,1.0,1.0,0.0,0.95,,,,,,,,,,,,,,,
diffarc_formal_dev_core_4f54aa4,arc,dev_low_mdl,4f54aa45d1e6328d96352028375718b7506d926a,aedd82e4,d4_bgpad_sparse,-1,selected,1.0,0.0,1.0,1.0,1.0,0.0,0.9,,,,,,,,,,,,,,,
diffarc_formal_dev_core_4f54aa4,arc,dev_low_mdl,4f54aa45d1e6328d96352028375718b7506d926a,aedd82e4,dl1,0,trained,0.0,0.0,1.0,0.0,0.6481481481481481,0.0,0.75,0.0,0.0,1,4,2624,83968,2704,7,164,3280,,,80,1.0,6.39688668504823
diffarc_formal_dev_core_4f54aa4,arc,dev_low_mdl,4f54aa45d1e6328d96352028375718b7506d926a,aedd82e4,dl1_wide,2,trained,0.0,0.0,1.0,0.0,0.7870370370370371,0.0,0.85,0.0,0.0,1,4,7744,247808,8376,29,484,9680,,,80,1.0,7.405974532011896
diffarc_formal_dev_core_4f54aa4,arc,dev_low_mdl,4f54aa45d1e6328d96352028375718b7506d926a,aedd82e4,dlc1,1,trained,0.0,0.0,1.0,0.0,0.5370370370370371,0.0,0.6,0.0,0.0,1,4,7744,247808,8888,32,484,9680,,,80,1.0,7.610099522978999
diffarc_formal_dev_core_4f54aa4,arc,dev_low_mdl,4f54aa45d1e6328d96352028375718b7506d926a,aedd82e4,dlr,1,trained,0.0,0.0,1.0,0.0,0.35185185185185186,0.0,0.25,0.0,0.0,1,12,4160,133120,4472,65,260,5200,,,240,1.0,15.434174909023568
diffarc_formal_dev_core_4f54aa4,arc,dev_low_mdl,4f54aa45d1e6328d96352028375718b7506d926a,ba97ae07,sparse,-1,selected,1.0,0.0,1.0,1.0,1.0,0.0,0.9393939393939394,,,,,,,,,,,,,,,
diffarc_formal_dev_core_4f54aa4,arc,dev_low_mdl,4f54aa45d1e6328d96352028375718b7506d926a,ba97ae07,d4_sparse,-1,selected,1.0,0.0,1.0,1.0,1.0,0.0,0.9393939393939394,,,,,,,,,,,,,,,
diffarc_formal_dev_core_4f54aa4,arc,dev_low_mdl,4f54aa45d1e6328d96352028375718b7506d926a,ba97ae07,d4_bgpad_sparse,-1,selected,1.0,0.0,1.0,1.0,1.0,0.0,0.9393939393939394,,,,,,,,,,,,,,,
diffarc_formal_dev_core_4f54aa4,arc,dev_low_mdl,4f54aa45d1e6328d96352028375718b7506d926a,ba97ae07,dl1,1,trained,0.0,0.0,1.0,0.0,0.7708333333333334,0.0,0.9393939393939394,0.0,0.0,1,4,2624,83968,2704,16,164,10824,,,264,1.0,8.268750941962935
diffarc_formal_dev_core_4f54aa4,arc,dev_low_mdl,4f54aa45d1e6328d96352028375718b7506d926a,ba97ae07,dl1_wide,1,trained,0.0,0.0,1.0,0.0,0.8333333333333334,0.0,0.5454545454545454,0.0,0.0,1,4,7744,247808,8376,42,484,31944,,,264,1.0,9.28245896298904
diffarc_formal_dev_core_4f54aa4,arc,dev_low_mdl,4f54aa45d1e6328d96352028375718b7506d926a,ba97ae07,dlc1,0,trained,0.0,0.0,1.0,0.0,0.9077380952380952,0.0,0.8787878787878788,0.0,0.0,1,4,7744,247808,8888,38,484,31944,,,264,1.0,9.468671708018519
diffarc_formal_dev_core_4f54aa4,arc,dev_low_mdl,4f54aa45d1e6328d96352028375718b7506d926a,ba97ae07,dlr,2,trained,0.0,0.0,1.0,0.0,0.9702380952380952,0.0,0.9393939393939394,0.0,0.0,1,12,4160,133120,4472,74,260,17160,,,792,1.0,18.15523074194789
diffarc_formal_probe_conflict_4f54aa4,arc,local_conflict,4f54aa45d1e6328d96352028375718b7506d926a,342ae2ed,sparse,-1,no_deterministic_local_rule,0.0,0.0,1.0,0.0,0.0,0.0,0.0,,,,,,,,,,,,,,,
diffarc_formal_probe_conflict_4f54aa4,arc,local_conflict,4f54aa45d1e6328d96352028375718b7506d926a,342ae2ed,d4_sparse,-1,no_deterministic_local_rule,0.0,0.0,1.0,0.0,0.0,0.0,0.0,,,,,,,,,,,,,,,
diffarc_formal_probe_conflict_4f54aa4,arc,local_conflict,4f54aa45d1e6328d96352028375718b7506d926a,342ae2ed,d4_bgpad_sparse,-1,no_deterministic_local_rule,0.0,0.0,1.0,0.0,0.0,0.0,0.0,,,,,,,,,,,,,,,
diffarc_formal_probe_conflict_4f54aa4,arc,local_conflict,4f54aa45d1e6328d96352028375718b7506d926a,342ae2ed,dlr,0,trained,0.0,0.0,1.0,0.0,0.7786458333333334,0.0,0.75,0.0,0.0,1,12,4160,133120,4472,94,260,66560,,,3072,1.0,20.380824933061376
diffarc_formal_probe_conflict_4f54aa4,arc,local_conflict,4f54aa45d1e6328d96352028375718b7506d926a,342ae2ed,dlo,2,trained,0.0,0.0,1.0,0.0,0.8463541666666666,0.0,0.78125,0.0,0.0,1,12,5440,174080,6536,99,340,87040,,,3072,1.0,17.867278437013738
diffarc_formal_probe_conflict_4f54aa4,arc,local_conflict,4f54aa45d1e6328d96352028375718b7506d926a,342ae2ed,mlp,2,trained,0.0,0.0,1.0,0.0,0.9166666666666666,0.0,0.8046875,0.0,0.0,2,12,57900,1852800,,0,,,57600,29491200,6144,,6.809636665973812
diffarc_formal_probe_conflict_4f54aa4,arc,local_conflict,4f54aa45d1e6328d96352028375718b7506d926a,465b7d93,sparse,-1,no_deterministic_local_rule,0.0,0.0,1.0,0.0,0.0,0.0,0.0,,,,,,,,,,,,,,,
diffarc_formal_probe_conflict_4f54aa4,arc,local_conflict,4f54aa45d1e6328d96352028375718b7506d926a,465b7d93,d4_sparse,-1,no_deterministic_local_rule,0.0,0.0,1.0,0.0,0.0,0.0,0.0,,,,,,,,,,,,,,,
diffarc_formal_probe_conflict_4f54aa4,arc,local_conflict,4f54aa45d1e6328d96352028375718b7506d926a,465b7d93,d4_bgpad_sparse,-1,no_deterministic_local_rule,0.0,0.0,1.0,0.0,0.0,0.0,0.0,,,,,,,,,,,,,,,
diffarc_formal_probe_conflict_4f54aa4,arc,local_conflict,4f54aa45d1e6328d96352028375718b7506d926a,465b7d93,dlr,2,trained,0.0,0.0,1.0,0.0,0.7966666666666666,0.0,0.61,0.0,0.0,1,12,4160,133120,4472,96,260,26000,,,1200,1.0,17.76002177398186
diffarc_formal_probe_conflict_4f54aa4,arc,local_conflict,4f54aa45d1e6328d96352028375718b7506d926a,465b7d93,dlo,2,trained,0.0,0.0,1.0,0.0,0.9166666666666666,0.0,0.86,0.0,0.0,1,12,5440,174080,6536,113,340,34000,,,1200,1.0,17.957487647072412
diffarc_formal_probe_conflict_4f54aa4,arc,local_conflict,4f54aa45d1e6328d96352028375718b7506d926a,465b7d93,mlp,0,trained,1.0,0.0,1.0,1.0,1.0,0.0,0.89,0.0,0.0,8,12,57900,1852800,,0,,,57600,46080000,9600,,6.432545506977476
diffarc_formal_probe_conflict_4f54aa4,arc,local_conflict,4f54aa45d1e6328d96352028375718b7506d926a,94be5b80,sparse,-1,no_deterministic_local_rule,0.0,0.0,1.0,0.0,0.0,0.0,0.0,,,,,,,,,,,,,,,
diffarc_formal_probe_conflict_4f54aa4,arc,local_conflict,4f54aa45d1e6328d96352028375718b7506d926a,94be5b80,d4_sparse,-1,no_deterministic_local_rule,0.0,0.0,1.0,0.0,0.0,0.0,0.0,,,,,,,,,,,,,,,
diffarc_formal_probe_conflict_4f54aa4,arc,local_conflict,4f54aa45d1e6328d96352028375718b7506d926a,94be5b80,d4_bgpad_sparse,-1,no_deterministic_local_rule,0.0,0.0,1.0,0.0,0.0,0.0,0.0,,,,,,,,,,,,,,,
diffarc_formal_probe_conflict_4f54aa4,arc,local_conflict,4f54aa45d1e6328d96352028375718b7506d926a,94be5b80,dlr,0,trained,0.0,0.0,1.0,0.0,0.7758985200845666,0.0,0.8148148148148148,0.0,0.0,1,12,4160,133120,4472,80,260,70200,,,3240,1.0,17.14463284390513
diffarc_formal_probe_conflict_4f54aa4,arc,local_conflict,4f54aa45d1e6328d96352028375718b7506d926a,94be5b80,dlo,1,trained,0.0,0.0,1.0,0.0,0.7991543340380549,0.0,0.7851851851851852,0.0,0.0,1,12,5440,174080,6536,92,340,91800,,,3240,1.0,16.838314877008088
diffarc_formal_probe_conflict_4f54aa4,arc,local_conflict,4f54aa45d1e6328d96352028375718b7506d926a,94be5b80,mlp,0,trained,0.0,0.0,1.0,0.0,0.985200845665962,0.0,0.7888888888888889,0.0,0.0,8,12,57900,1852800,,0,,,57600,124416000,25920,,6.024554055999033
diffarc_formal_probe_conflict_4f54aa4,arc,local_conflict,4f54aa45d1e6328d96352028375718b7506d926a,a3f84088,sparse,-1,no_deterministic_local_rule,0.0,0.0,1.0,0.0,0.0,0.0,0.0,,,,,,,,,,,,,,,
diffarc_formal_probe_conflict_4f54aa4,arc,local_conflict,4f54aa45d1e6328d96352028375718b7506d926a,a3f84088,d4_sparse,-1,no_deterministic_local_rule,0.0,0.0,1.0,0.0,0.0,0.0,0.0,,,,,,,,,,,,,,,
diffarc_formal_probe_conflict_4f54aa4,arc,local_conflict,4f54aa45d1e6328d96352028375718b7506d926a,a3f84088,d4_bgpad_sparse,-1,no_deterministic_local_rule,0.0,0.0,1.0,0.0,0.0,0.0,0.0,,,,,,,,,,,,,,,
diffarc_formal_probe_conflict_4f54aa4,arc,local_conflict,4f54aa45d1e6328d96352028375718b7506d926a,a3f84088,dlr,0,trained,0.0,0.0,1.0,0.0,0.4245742092457421,0.0,0.4388888888888889,0.0,0.0,1,12,4160,133120,4472,60,260,234000,,,10800,1.0,18.684547886950895
diffarc_formal_probe_conflict_4f54aa4,arc,local_conflict,4f54aa45d1e6328d96352028375718b7506d926a,a3f84088,dlo,1,trained,0.0,0.0,1.0,0.0,0.4245742092457421,0.0,0.4388888888888889,0.0,0.0,1,12,5440,174080,6536,75,340,306000,,,10800,1.0,17.424962677061558
diffarc_formal_probe_conflict_4f54aa4,arc,local_conflict,4f54aa45d1e6328d96352028375718b7506d926a,a3f84088,mlp,0,trained,0.0,0.0,1.0,0.0,0.8771289537712895,0.0,0.6033333333333334,0.0,0.0,8,12,57900,1852800,,0,,,57600,414720000,86400,,7.85281913599465
diffarc_formal_probe_positive_4f54aa4,arc,positive,4f54aa45d1e6328d96352028375718b7506d926a,84f2aca1,sparse,-1,selected,1.0,1.0,1.0,1.0,1.0,1.0,1.0,,,,,,,,,,,,,,,
diffarc_formal_probe_positive_4f54aa4,arc,positive,4f54aa45d1e6328d96352028375718b7506d926a,84f2aca1,d4_sparse,-1,selected,1.0,1.0,1.0,1.0,1.0,1.0,1.0,,,,,,,,,,,,,,,
diffarc_formal_probe_positive_4f54aa4,arc,positive,4f54aa45d1e6328d96352028375718b7506d926a,84f2aca1,d4_bgpad_sparse,-1,selected,1.0,1.0,1.0,1.0,1.0,1.0,1.0,,,,,,,,,,,,,,,
diffarc_formal_probe_positive_4f54aa4,arc,positive,4f54aa45d1e6328d96352028375718b7506d926a,84f2aca1,dl1,2,trained,0.0,0.0,1.0,0.0,0.7349884526558892,0.0,0.6666666666666666,0.0,0.0,1,4,2624,83968,2704,15,164,25584,,,624,1.0,10.312934614950791
diffarc_formal_probe_positive_4f54aa4,arc,positive,4f54aa45d1e6328d96352028375718b7506d926a,84f2aca1,dl1_wide,0,trained,0.0,0.0,1.0,0.0,0.7664549653579676,0.0,0.7115384615384616,0.0,0.0,1,4,7744,247808,8376,44,484,75504,,,624,1.0,12.494855067925528
diffarc_formal_probe_positive_4f54aa4,arc,positive,4f54aa45d1e6328d96352028375718b7506d926a,bb43febb,sparse,-1,selected,1.0,1.0,1.0,1.0,1.0,1.0,1.0,,,,,,,,,,,,,,,
diffarc_formal_probe_positive_4f54aa4,arc,positive,4f54aa45d1e6328d96352028375718b7506d926a,bb43febb,d4_sparse,-1,selected,1.0,1.0,1.0,1.0,1.0,1.0,1.0,,,,,,,,,,,,,,,
diffarc_formal_probe_positive_4f54aa4,arc,positive,4f54aa45d1e6328d96352028375718b7506d926a,bb43febb,d4_bgpad_sparse,-1,selected,1.0,0.0,1.0,1.0,1.0,0.0,0.84,,,,,,,,,,,,,,,
diffarc_formal_probe_positive_4f54aa4,arc,positive,4f54aa45d1e6328d96352028375718b7506d926a,bb43febb,dl1,0,trained,0.0,0.0,1.0,0.0,0.785,0.0,0.71,0.0,0.0,1,4,2624,83968,2704,11,164,16400,,,400,1.0,5.612588948104531
diffarc_formal_probe_positive_4f54aa4,arc,positive,4f54aa45d1e6328d96352028375718b7506d926a,bb43febb,dl1_wide,0,trained,0.0,0.0,1.0,0.0,0.87,0.0,0.76,0.0,0.0,1,4,7744,247808,8376,37,484,48400,,,400,1.0,6.3795253180433065
diffarc_formal_probe_positive_4f54aa4,arc,positive,4f54aa45d1e6328d96352028375718b7506d926a,c8f0f002,sparse,-1,selected,1.0,1.0,1.0,1.0,1.0,1.0,1.0,,,,,,,,,,,,,,,
diffarc_formal_probe_positive_4f54aa4,arc,positive,4f54aa45d1e6328d96352028375718b7506d926a,c8f0f002,d4_sparse,-1,selected,1.0,1.0,1.0,1.0,1.0,1.0,1.0,,,,,,,,,,,,,,,
diffarc_formal_probe_positive_4f54aa4,arc,positive,4f54aa45d1e6328d96352028375718b7506d926a,c8f0f002,d4_bgpad_sparse,-1,selected,1.0,0.0,1.0,1.0,1.0,0.0,0.9333333333333333,,,,,,,,,,,,,,,
diffarc_formal_probe_positive_4f54aa4,arc,positive,4f54aa45d1e6328d96352028375718b7506d926a,c8f0f002,dl1,1,trained,1.0,1.0,1.0,1.0,1.0,1.0,1.0,1.0,0.0,1,4,2624,83968,2704,20,164,2460,,,60,1.0,5.928442987031303
diffarc_formal_probe_positive_4f54aa4,arc,positive,4f54aa45d1e6328d96352028375718b7506d926a,c8f0f002,dl1_wide,2,trained,1.0,1.0,1.0,1.0,1.0,1.0,1.0,1.0,0.0,1,4,7744,247808,8376,58,484,7260,,,60,1.0,6.339056542958133
diffarc_formal_probe_positive_4f54aa4,arc,positive,4f54aa45d1e6328d96352028375718b7506d926a,dc1df850,sparse,-1,selected,1.0,1.0,1.0,1.0,1.0,1.0,1.0,,,,,,,,,,,,,,,
diffarc_formal_probe_positive_4f54aa4,arc,positive,4f54aa45d1e6328d96352028375718b7506d926a,dc1df850,d4_sparse,-1,selected,1.0,1.0,1.0,1.0,1.0,1.0,1.0,,,,,,,,,,,,,,,
diffarc_formal_probe_positive_4f54aa4,arc,positive,4f54aa45d1e6328d96352028375718b7506d926a,dc1df850,d4_bgpad_sparse,-1,selected,1.0,1.0,1.0,1.0,1.0,1.0,1.0,,,,,,,,,,,,,,,
diffarc_formal_probe_positive_4f54aa4,arc,positive,4f54aa45d1e6328d96352028375718b7506d926a,dc1df850,dl1,1,trained,0.0,0.0,1.0,0.0,0.7339449541284404,0.0,0.74,0.0,0.0,1,4,2624,83968,2704,10,164,16400,,,400,1.0,6.816563805099577
diffarc_formal_probe_positive_4f54aa4,arc,positive,4f54aa45d1e6328d96352028375718b7506d926a,dc1df850,dl1_wide,1,trained,0.0,0.0,1.0,0.0,0.3302752293577982,0.0,0.28,0.0,0.0,1,4,7744,247808,8376,34,484,48400,,,400,1.0,7.027178262942471
diffarc_formal_probe_representation_4f54aa4,arc,representation_gap,4f54aa45d1e6328d96352028375718b7506d926a,1b8318e3,sparse,-1,selected,1.0,0.0,1.0,1.0,1.0,0.0,0.9244444444444444,,,,,,,,,,,,,,,
diffarc_formal_probe_representation_4f54aa4,arc,representation_gap,4f54aa45d1e6328d96352028375718b7506d926a,1b8318e3,d4_sparse,-1,selected,1.0,0.0,1.0,1.0,1.0,0.0,0.9244444444444444,,,,,,,,,,,,,,,
diffarc_formal_probe_representation_4f54aa4,arc,representation_gap,4f54aa45d1e6328d96352028375718b7506d926a,1b8318e3,d4_bgpad_sparse,-1,no_deterministic_local_rule,0.0,0.0,1.0,0.0,0.0,0.0,0.0,,,,,,,,,,,,,,,
diffarc_formal_probe_representation_4f54aa4,arc,representation_gap,4f54aa45d1e6328d96352028375718b7506d926a,1b8318e3,dlo,0,trained,0.0,0.0,1.0,0.0,0.8618181818181818,0.0,0.8711111111111111,0.0,0.0,1,12,5440,174080,6536,107,340,76500,,,2700,1.0,20.74198141496163
diffarc_formal_probe_representation_4f54aa4,arc,representation_gap,4f54aa45d1e6328d96352028375718b7506d926a,1b8318e3,dlf,1,trained,0.0,0.0,1.0,0.0,0.8618181818181818,0.0,0.8711111111111111,0.0,0.0,1,12,5952,190464,7176,88,372,83700,,,2700,1.0,29.490267604007386
diffarc_formal_probe_representation_4f54aa4,arc,representation_gap,4f54aa45d1e6328d96352028375718b7506d926a,1b8318e3,mlp,1,trained,0.0,0.0,1.0,0.0,0.9927272727272727,0.0,0.9288888888888889,0.0,0.0,8,12,57900,1852800,,0,,,57600,103680000,21600,,6.302981065935455
diffarc_formal_probe_representation_4f54aa4,arc,representation_gap,4f54aa45d1e6328d96352028375718b7506d926a,6e82a1ae,sparse,-1,selected,1.0,0.0,1.0,1.0,1.0,0.0,0.86,,,,,,,,,,,,,,,
diffarc_formal_probe_representation_4f54aa4,arc,representation_gap,4f54aa45d1e6328d96352028375718b7506d926a,6e82a1ae,d4_sparse,-1,selected,1.0,0.0,1.0,1.0,1.0,0.0,0.93,,,,,,,,,,,,,,,
diffarc_formal_probe_representation_4f54aa4,arc,representation_gap,4f54aa45d1e6328d96352028375718b7506d926a,6e82a1ae,d4_bgpad_sparse,-1,selected,1.0,0.0,1.0,1.0,1.0,0.0,0.94,,,,,,,,,,,,,,,
diffarc_formal_probe_representation_4f54aa4,arc,representation_gap,4f54aa45d1e6328d96352028375718b7506d926a,6e82a1ae,dlo,2,trained,0.0,0.0,1.0,0.0,0.9,0.0,0.88,0.0,0.0,1,12,5440,174080,6536,88,340,34000,,,1200,1.0,18.4629899780266
diffarc_formal_probe_representation_4f54aa4,arc,representation_gap,4f54aa45d1e6328d96352028375718b7506d926a,6e82a1ae,dlf,0,trained,0.0,0.0,1.0,0.0,0.875,0.0,0.85,0.0,0.0,1,12,5952,190464,7176,85,372,37200,,,1200,1.0,30.36046419199556
diffarc_formal_probe_representation_4f54aa4,arc,representation_gap,4f54aa45d1e6328d96352028375718b7506d926a,6e82a1ae,mlp,2,trained,1.0,0.0,1.0,1.0,1.0,0.0,0.96,0.0,0.0,4,12,57900,1852800,,0,,,57600,23040000,4800,,8.093288666103035
diffarc_formal_probe_representation_4f54aa4,arc,representation_gap,4f54aa45d1e6328d96352028375718b7506d926a,e734a0e8,sparse,-1,selected,1.0,0.0,1.0,1.0,1.0,0.0,0.8373702422145328,,,,,,,,,,,,,,,
diffarc_formal_probe_representation_4f54aa4,arc,representation_gap,4f54aa45d1e6328d96352028375718b7506d926a,e734a0e8,d4_sparse,-1,selected,1.0,0.0,1.0,1.0,1.0,0.0,0.8373702422145328,,,,,,,,,,,,,,,
diffarc_formal_probe_representation_4f54aa4,arc,representation_gap,4f54aa45d1e6328d96352028375718b7506d926a,e734a0e8,d4_bgpad_sparse,-1,no_deterministic_local_rule,0.0,0.0,1.0,0.0,0.0,0.0,0.0,,,,,,,,,,,,,,,
diffarc_formal_probe_representation_4f54aa4,arc,representation_gap,4f54aa45d1e6328d96352028375718b7506d926a,e734a0e8,dlo,1,trained,0.0,0.0,1.0,0.0,0.8723076923076923,0.0,0.8269896193771626,0.0,0.0,1,12,5440,174080,6536,86,340,98260,,,3468,1.0,16.837931128917262
diffarc_formal_probe_representation_4f54aa4,arc,representation_gap,4f54aa45d1e6328d96352028375718b7506d926a,e734a0e8,dlf,1,trained,0.0,0.0,1.0,0.0,0.6430769230769231,0.0,0.6262975778546713,0.0,0.0,1,12,5952,190464,7176,87,372,107508,,,3468,1.0,29.055663212086074
diffarc_formal_probe_representation_4f54aa4,arc,representation_gap,4f54aa45d1e6328d96352028375718b7506d926a,e734a0e8,mlp,1,trained,0.0,0.0,1.0,0.0,0.9984615384615385,0.0,0.7750865051903114,0.0,0.0,4,12,57900,1852800,,0,,,57600,66585600,13872,,6.215086432988755
diffarc_formal_probe_representation_4f54aa4,arc,representation_gap,4f54aa45d1e6328d96352028375718b7506d926a,fc754716,sparse,-1,selected,1.0,0.0,1.0,1.0,1.0,0.0,0.5396825396825397,,,,,,,,,,,,,,,
diffarc_formal_probe_representation_4f54aa4,arc,representation_gap,4f54aa45d1e6328d96352028375718b7506d926a,fc754716,d4_sparse,-1,selected,1.0,0.0,1.0,1.0,1.0,0.0,0.5396825396825397,,,,,,,,,,,,,,,
diffarc_formal_probe_representation_4f54aa4,arc,representation_gap,4f54aa45d1e6328d96352028375718b7506d926a,fc754716,d4_bgpad_sparse,-1,selected,1.0,0.0,1.0,1.0,1.0,0.0,0.5396825396825397,,,,,,,,,,,,,,,
diffarc_formal_probe_representation_4f54aa4,arc,representation_gap,4f54aa45d1e6328d96352028375718b7506d926a,fc754716,dlo,1,trained,0.0,0.0,1.0,0.0,0.40476190476190477,0.0,0.12698412698412698,0.0,0.0,2,12,5440,174080,6536,77,340,42840,,,1512,1.0,17.09454730094876
diffarc_formal_probe_representation_4f54aa4,arc,representation_gap,4f54aa45d1e6328d96352028375718b7506d926a,fc754716,dlf,0,trained,0.0,0.0,1.0,0.0,0.42857142857142855,0.0,0.0,0.0,0.0,2,12,5952,190464,7176,87,372,46872,,,1512,1.0,29.186244397074915
diffarc_formal_probe_representation_4f54aa4,arc,representation_gap,4f54aa45d1e6328d96352028375718b7506d926a,fc754716,mlp,0,trained,1.0,0.0,1.0,1.0,1.0,0.0,0.5555555555555556,0.0,0.0,4,12,57900,1852800,,0,,,57600,14515200,3024,,5.150450507062487
diffarc_formal_probe_shape_4f54aa4,arc,shape_change,4f54aa45d1e6328d96352028375718b7506d926a,80214e03,sparse,-1,unsupported_shape_change,0.0,0.0,1.0,0.0,0.0,0.0,0.0,,,,,,,,,,,,,,,
diffarc_formal_probe_shape_4f54aa4,arc,shape_change,4f54aa45d1e6328d96352028375718b7506d926a,80214e03,d4_sparse,-1,unsupported_shape_change,0.0,0.0,1.0,0.0,0.0,0.0,0.0,,,,,,,,,,,,,,,
diffarc_formal_probe_shape_4f54aa4,arc,shape_change,4f54aa45d1e6328d96352028375718b7506d926a,80214e03,d4_bgpad_sparse,-1,unsupported_shape_change,0.0,0.0,1.0,0.0,0.0,0.0,0.0,,,,,,,,,,,,,,,
diffarc_formal_probe_shape_4f54aa4,arc,shape_change,4f54aa45d1e6328d96352028375718b7506d926a,80214e03,dlf,0,unsupported_shape_program,nan,nan,1.0,,,0.0,0.0,0.0,0.0,,,,,,,,,,,,,0.00015984196215867996
diffarc_formal_probe_shape_4f54aa4,arc,shape_change,4f54aa45d1e6328d96352028375718b7506d926a,80214e03,mlp,0,unsupported_shape_program,nan,nan,1.0,,,0.0,0.0,0.0,0.0,,,,,,,,,,,,,7.070507854223251e-05
diffarc_formal_probe_shape_4f54aa4,arc,shape_change,4f54aa45d1e6328d96352028375718b7506d926a,9110e3c5,sparse,-1,unsupported_shape_change,0.0,0.0,1.0,0.0,0.0,0.0,0.0,,,,,,,,,,,,,,,
diffarc_formal_probe_shape_4f54aa4,arc,shape_change,4f54aa45d1e6328d96352028375718b7506d926a,9110e3c5,d4_sparse,-1,unsupported_shape_change,0.0,0.0,1.0,0.0,0.0,0.0,0.0,,,,,,,,,,,,,,,
diffarc_formal_probe_shape_4f54aa4,arc,shape_change,4f54aa45d1e6328d96352028375718b7506d926a,9110e3c5,d4_bgpad_sparse,-1,unsupported_shape_change,0.0,0.0,1.0,0.0,0.0,0.0,0.0,,,,,,,,,,,,,,,
diffarc_formal_probe_shape_4f54aa4,arc,shape_change,4f54aa45d1e6328d96352028375718b7506d926a,9110e3c5,dlf,1,trained,0.0,0.0,1.0,0.0,0.6825396825396826,0.0,0.6111111111111112,0.0,0.0,2,12,5952,190464,7176,71,372,72912,,,2352,1.0,26.017017478006892
diffarc_formal_probe_shape_4f54aa4,arc,shape_change,4f54aa45d1e6328d96352028375718b7506d926a,9110e3c5,mlp,0,trained,1.0,0.0,1.0,1.0,1.0,0.0,0.6666666666666666,0.0,0.0,4,12,57900,1852800,,0,,,57600,22579200,4704,,5.623820764943957
diffarc_formal_probe_shape_4f54aa4,arc,shape_change,4f54aa45d1e6328d96352028375718b7506d926a,ae4f1146,sparse,-1,unsupported_shape_change,0.0,0.0,1.0,0.0,0.0,0.0,0.0,,,,,,,,,,,,,,,
diffarc_formal_probe_shape_4f54aa4,arc,shape_change,4f54aa45d1e6328d96352028375718b7506d926a,ae4f1146,d4_sparse,-1,unsupported_shape_change,0.0,0.0,1.0,0.0,0.0,0.0,0.0,,,,,,,,,,,,,,,
diffarc_formal_probe_shape_4f54aa4,arc,shape_change,4f54aa45d1e6328d96352028375718b7506d926a,ae4f1146,d4_bgpad_sparse,-1,unsupported_shape_change,0.0,0.0,1.0,0.0,0.0,0.0,0.0,,,,,,,,,,,,,,,
diffarc_formal_probe_shape_4f54aa4,arc,shape_change,4f54aa45d1e6328d96352028375718b7506d926a,ae4f1146,dlf,0,trained,0.0,0.0,1.0,0.0,0.5277777777777778,0.0,0.5555555555555556,0.0,0.0,4,12,5952,190464,7176,91,372,120528,,,3888,1.0,27.184462736011483
diffarc_formal_probe_shape_4f54aa4,arc,shape_change,4f54aa45d1e6328d96352028375718b7506d926a,ae4f1146,mlp,0,trained,1.0,0.0,1.0,1.0,1.0,0.0,0.4444444444444444,0.0,0.0,8,12,57900,1852800,,0,,,57600,37324800,7776,,6.3411289809737355
diffarc_formal_probe_shape_4f54aa4,arc,shape_change,4f54aa45d1e6328d96352028375718b7506d926a,ce602527,sparse,-1,unsupported_shape_change,0.0,0.0,1.0,0.0,0.0,0.0,0.0,,,,,,,,,,,,,,,
diffarc_formal_probe_shape_4f54aa4,arc,shape_change,4f54aa45d1e6328d96352028375718b7506d926a,ce602527,d4_sparse,-1,unsupported_shape_change,0.0,0.0,1.0,0.0,0.0,0.0,0.0,,,,,,,,,,,,,,,
diffarc_formal_probe_shape_4f54aa4,arc,shape_change,4f54aa45d1e6328d96352028375718b7506d926a,ce602527,d4_bgpad_sparse,-1,unsupported_shape_change,0.0,0.0,1.0,0.0,0.0,0.0,0.0,,,,,,,,,,,,,,,
diffarc_formal_probe_shape_4f54aa4,arc,shape_change,4f54aa45d1e6328d96352028375718b7506d926a,ce602527,dlf,0,unsupported_shape_program,nan,nan,1.0,,,0.0,0.0,0.0,0.0,,,,,,,,,,,,,0.00015319790691137314
diffarc_formal_probe_shape_4f54aa4,arc,shape_change,4f54aa45d1e6328d96352028375718b7506d926a,ce602527,mlp,0,unsupported_shape_program,nan,nan,1.0,,,0.0,0.0,0.0,0.0,,,,,,,,,,,,,6.0004997067153454e-05
diffarc_formal_syn_context_4f54aa4,synthetic,synthetic,4f54aa45d1e6328d96352028375718b7506d926a,syn_global_marker,sparse,-1,no_deterministic_local_rule,0.0,0.0,1.0,0.0,0.0,0.0,0.0,,,,,,,,,,,,,,,
diffarc_formal_syn_context_4f54aa4,synthetic,synthetic,4f54aa45d1e6328d96352028375718b7506d926a,syn_global_marker,d4_sparse,-1,no_deterministic_local_rule,0.0,0.0,1.0,0.0,0.0,0.0,0.0,,,,,,,,,,,,,,,
diffarc_formal_syn_context_4f54aa4,synthetic,synthetic,4f54aa45d1e6328d96352028375718b7506d926a,syn_global_marker,d4_bgpad_sparse,-1,no_deterministic_local_rule,0.0,0.0,1.0,0.0,0.0,0.0,0.0,,,,,,,,,,,,,,,
diffarc_formal_syn_context_4f54aa4,synthetic,synthetic,4f54aa45d1e6328d96352028375718b7506d926a,syn_global_marker,dl1,0,trained,0.0,0.0,1.0,0.0,0.9791666666666666,1.0,1.0,0.0,-1.0,1,4,2624,83968,2704,7,164,2624,,,64,1.0,8.457909480901435
diffarc_formal_syn_context_4f54aa4,synthetic,synthetic,4f54aa45d1e6328d96352028375718b7506d926a,syn_global_marker,dlc1,2,trained,0.0,0.0,1.0,0.0,0.8958333333333334,0.0,0.875,0.0,0.0,1,4,7744,247808,8888,23,484,7744,,,64,1.0,6.58878219104372
diffarc_formal_syn_local_not_4f54aa4,synthetic,synthetic,4f54aa45d1e6328d96352028375718b7506d926a,syn_local_not,sparse,-1,selected,1.0,1.0,1.0,1.0,1.0,1.0,1.0,,,,,,,,,,,,,,,
diffarc_formal_syn_local_not_4f54aa4,synthetic,synthetic,4f54aa45d1e6328d96352028375718b7506d926a,syn_local_not,d4_sparse,-1,selected,1.0,1.0,1.0,1.0,1.0,1.0,1.0,,,,,,,,,,,,,,,
diffarc_formal_syn_local_not_4f54aa4,synthetic,synthetic,4f54aa45d1e6328d96352028375718b7506d926a,syn_local_not,d4_bgpad_sparse,-1,selected,1.0,1.0,1.0,1.0,1.0,1.0,1.0,,,,,,,,,,,,,,,
diffarc_formal_syn_local_not_4f54aa4,synthetic,synthetic,4f54aa45d1e6328d96352028375718b7506d926a,syn_local_not,dl1,1,trained,1.0,1.0,1.0,1.0,1.0,1.0,1.0,1.0,0.0,1,4,2624,83968,2704,1,164,2460,,,60,1.0,4.213853747001849
diffarc_formal_syn_object_4f54aa4,synthetic,synthetic,4f54aa45d1e6328d96352028375718b7506d926a,syn_object_anchor,sparse,-1,selected,1.0,0.0,1.0,1.0,1.0,0.0,0.9428571428571428,,,,,,,,,,,,,,,
diffarc_formal_syn_object_4f54aa4,synthetic,synthetic,4f54aa45d1e6328d96352028375718b7506d926a,syn_object_anchor,d4_sparse,-1,selected,1.0,0.0,1.0,1.0,1.0,0.0,0.9428571428571428,,,,,,,,,,,,,,,
diffarc_formal_syn_object_4f54aa4,synthetic,synthetic,4f54aa45d1e6328d96352028375718b7506d926a,syn_object_anchor,d4_bgpad_sparse,-1,selected,1.0,0.0,1.0,1.0,1.0,0.0,0.9714285714285714,,,,,,,,,,,,,,,
diffarc_formal_syn_object_4f54aa4,synthetic,synthetic,4f54aa45d1e6328d96352028375718b7506d926a,syn_object_anchor,dl1,2,trained,0.0,0.0,1.0,0.0,0.9428571428571428,0.0,0.9428571428571428,0.0,0.0,1,4,2624,83968,2704,4,164,5740,,,140,1.0,5.402931355056353
diffarc_formal_syn_object_4f54aa4,synthetic,synthetic,4f54aa45d1e6328d96352028375718b7506d926a,syn_object_anchor,dlo1,0,trained,0.0,0.0,1.0,0.0,0.9428571428571428,0.0,0.9428571428571428,0.0,0.0,1,4,7744,247808,8888,35,484,16940,,,140,1.0,6.760602100053802
diffarc_formal_syn_object_4f54aa4,synthetic,synthetic,4f54aa45d1e6328d96352028375718b7506d926a,syn_object_anchor,mlpo1,0,trained,1.0,0.0,1.0,1.0,1.0,0.0,0.9714285714285714,0.0,0.0,1,4,65924,2109568,,0,,,65536,2293760,140,,2.5727324769832194
diffarc_formal_syn_recurrence_4f54aa4,synthetic,synthetic,4f54aa45d1e6328d96352028375718b7506d926a,syn_hidden_shift2,sparse,-1,selected,1.0,1.0,1.0,1.0,1.0,1.0,1.0,,,,,,,,,,,,,,,
diffarc_formal_syn_recurrence_4f54aa4,synthetic,synthetic,4f54aa45d1e6328d96352028375718b7506d926a,syn_hidden_shift2,d4_sparse,-1,selected,1.0,1.0,1.0,1.0,1.0,1.0,1.0,,,,,,,,,,,,,,,
diffarc_formal_syn_recurrence_4f54aa4,synthetic,synthetic,4f54aa45d1e6328d96352028375718b7506d926a,syn_hidden_shift2,d4_bgpad_sparse,-1,selected,1.0,0.0,1.0,1.0,1.0,0.0,0.6296296296296297,,,,,,,,,,,,,,,
diffarc_formal_syn_recurrence_4f54aa4,synthetic,synthetic,4f54aa45d1e6328d96352028375718b7506d926a,syn_hidden_shift2,dl1,2,trained,0.0,0.0,1.0,0.0,0.5555555555555556,0.0,0.6296296296296297,0.0,0.0,1,4,2624,83968,2704,3,164,4428,,,108,1.0,5.656674381927587
diffarc_formal_syn_recurrence_4f54aa4,synthetic,synthetic,4f54aa45d1e6328d96352028375718b7506d926a,syn_hidden_shift2,dlr2,0,trained,1.0,1.0,1.0,1.0,1.0,1.0,1.0,1.0,0.0,2,12,4160,133120,4472,75,260,14040,,,648,1.0,8.184391952003352
diffarc_formal_syn_recurrence_4f54aa4,synthetic,synthetic,4f54aa45d1e6328d96352028375718b7506d926a,syn_hidden_dilation2,sparse,-1,selected,1.0,0.0,1.0,1.0,1.0,0.0,0.4,,,,,,,,,,,,,,,
diffarc_formal_syn_recurrence_4f54aa4,synthetic,synthetic,4f54aa45d1e6328d96352028375718b7506d926a,syn_hidden_dilation2,d4_sparse,-1,selected,1.0,0.0,1.0,1.0,1.0,0.0,0.4,,,,,,,,,,,,,,,
diffarc_formal_syn_recurrence_4f54aa4,synthetic,synthetic,4f54aa45d1e6328d96352028375718b7506d926a,syn_hidden_dilation2,d4_bgpad_sparse,-1,selected,1.0,0.0,1.0,1.0,1.0,0.0,0.64,,,,,,,,,,,,,,,
diffarc_formal_syn_recurrence_4f54aa4,synthetic,synthetic,4f54aa45d1e6328d96352028375718b7506d926a,syn_hidden_dilation2,dl1,1,trained,0.0,0.0,1.0,0.0,0.68,0.0,0.64,0.0,0.0,1,4,2624,83968,2704,4,164,4100,,,100,1.0,5.682292750920169
diffarc_formal_syn_recurrence_4f54aa4,synthetic,synthetic,4f54aa45d1e6328d96352028375718b7506d926a,syn_hidden_dilation2,dlr2,0,trained,0.0,0.0,1.0,0.0,0.68,0.0,0.64,0.0,0.0,1,12,4160,133120,4472,83,260,6500,,,300,1.0,11.132902477052994
diffarc_formal_syn_shape_4f54aa4,synthetic,synthetic,4f54aa45d1e6328d96352028375718b7506d926a,syn_shape_constant,sparse,-1,unsupported_shape_change,0.0,0.0,1.0,0.0,0.0,0.0,0.0,,,,,,,,,,,,,,,
diffarc_formal_syn_shape_4f54aa4,synthetic,synthetic,4f54aa45d1e6328d96352028375718b7506d926a,syn_shape_constant,d4_sparse,-1,unsupported_shape_change,0.0,0.0,1.0,0.0,0.0,0.0,0.0,,,,,,,,,,,,,,,
diffarc_formal_syn_shape_4f54aa4,synthetic,synthetic,4f54aa45d1e6328d96352028375718b7506d926a,syn_shape_constant,d4_bgpad_sparse,-1,unsupported_shape_change,0.0,0.0,1.0,0.0,0.0,0.0,0.0,,,,,,,,,,,,,,,
diffarc_formal_syn_shape_4f54aa4,synthetic,synthetic,4f54aa45d1e6328d96352028375718b7506d926a,syn_shape_constant,dlf,1,trained,1.0,1.0,1.0,1.0,1.0,1.0,1.0,1.0,0.0,1,12,5952,190464,7176,75,372,2976,,,96,1.0,18.205937295919284
diffarc_formal_syn_shape_4f54aa4,synthetic,synthetic,4f54aa45d1e6328d96352028375718b7506d926a,syn_shape_constant,mlp,0,trained,1.0,1.0,1.0,1.0,1.0,1.0,1.0,1.0,0.0,1,12,57900,1852800,,0,,,57600,460800,96,,5.868469948065467
diffarc_formal_syn_shape_4f54aa4,synthetic,synthetic,4f54aa45d1e6328d96352028375718b7506d926a,syn_shape_scale2,sparse,-1,unsupported_shape_change,0.0,0.0,1.0,0.0,0.0,0.0,0.0,,,,,,,,,,,,,,,
diffarc_formal_syn_shape_4f54aa4,synthetic,synthetic,4f54aa45d1e6328d96352028375718b7506d926a,syn_shape_scale2,d4_sparse,-1,unsupported_shape_change,0.0,0.0,1.0,0.0,0.0,0.0,0.0,,,,,,,,,,,,,,,
diffarc_formal_syn_shape_4f54aa4,synthetic,synthetic,4f54aa45d1e6328d96352028375718b7506d926a,syn_shape_scale2,d4_bgpad_sparse,-1,unsupported_shape_change,0.0,0.0,1.0,0.0,0.0,0.0,0.0,,,,,,,,,,,,,,,
diffarc_formal_syn_shape_4f54aa4,synthetic,synthetic,4f54aa45d1e6328d96352028375718b7506d926a,syn_shape_scale2,dlf,2,trained,0.0,0.0,1.0,0.0,0.375,0.0,0.16666666666666666,0.0,0.0,4,12,5952,190464,7176,74,372,35712,,,1152,1.0,24.167917015962303
diffarc_formal_syn_shape_4f54aa4,synthetic,synthetic,4f54aa45d1e6328d96352028375718b7506d926a,syn_shape_scale2,mlp,0,trained,1.0,0.0,1.0,1.0,1.0,0.0,0.25,0.0,0.0,4,12,57900,1852800,,0,,,57600,5529600,1152,,6.332630058052018
