experiment,task,case,method,seed,width,samples,steps,horizon_policy,accuracy,successes,unresolved_rate,mean_final_density_error,runtime_seconds,published_accuracy,rule_lut_bits,anf_description_bits,output_ones,local_semantics_source,decision_horizon,validation_steps,truth_reachable,predicted_reachable,truth_distance,predicted_distance,distance_exact
E20,density_classification,iid_bernoulli_half,majority,0,149,1000,298,exact_2N,0.0,0.0,1.0,0.41472483221476514,3.90770240011625,0.0,128.0,115.0,64.0,published_rule_replay,,,,,,,
E20,density_classification,iid_bernoulli_half,block_expand,0,149,1000,298,exact_2N,0.646,646.0,0.0,0.354,3.5152606000192463,0.652,128.0,128.0,51.0,published_rule_replay,,,,,,,
E20,density_classification,iid_bernoulli_half,particle,0,149,1000,298,exact_2N,0.796,796.0,0.0,0.204,2.834771699970588,0.769,128.0,125.0,63.0,published_rule_replay,,,,,,,
E20,density_classification,iid_bernoulli_half,gkl,0,149,1000,298,exact_2N,0.815,815.0,0.001,0.18408053691275167,3.0173941999673843,,128.0,33.0,64.0,published_structural_rule,,,,,,,
E20,global_synchronization,iid_bernoulli_half,phi_sync,0,149,1000,299,exact_2N_plus_one_validation_step,1.0,1000.0,0.0,,3.1100526999216527,1.0,128.0,135.0,59.0,published_rule_replay,298.0,1.0,,,,,
E20,global_synchronization,iid_bernoulli_half,naive_oscillator,0,149,1000,299,exact_2N_plus_one_validation_step,0.539,539.0,0.461,,3.7412573997862637,0.54,128.0,14.0,1.0,published_rule_replay,298.0,1.0,,,,,
E20,density_classification,iid_bernoulli_half,majority,1,149,1000,298,exact_2N,0.0,0.0,1.0,0.4156979865771812,2.921669399831444,0.0,128.0,115.0,64.0,published_rule_replay,,,,,,,
E20,density_classification,iid_bernoulli_half,block_expand,1,149,1000,298,exact_2N,0.671,671.0,0.0,0.329,2.7951285999733955,0.652,128.0,128.0,51.0,published_rule_replay,,,,,,,
E20,density_classification,iid_bernoulli_half,particle,1,149,1000,298,exact_2N,0.762,762.0,0.0,0.238,2.8878053000662476,0.769,128.0,125.0,63.0,published_rule_replay,,,,,,,
E20,density_classification,iid_bernoulli_half,gkl,1,149,1000,298,exact_2N,0.809,809.0,0.0,0.191,2.963788199936971,,128.0,33.0,64.0,published_structural_rule,,,,,,,
E20,global_synchronization,iid_bernoulli_half,phi_sync,1,149,1000,299,exact_2N_plus_one_validation_step,1.0,1000.0,0.0,,3.508594600018114,1.0,128.0,135.0,59.0,published_rule_replay,298.0,1.0,,,,,
E20,global_synchronization,iid_bernoulli_half,naive_oscillator,1,149,1000,299,exact_2N_plus_one_validation_step,0.559,559.0,0.441,,3.6985740000382066,0.54,128.0,14.0,1.0,published_rule_replay,298.0,1.0,,,,,
E20,density_classification,iid_bernoulli_half,majority,2,149,1000,298,exact_2N,0.0,0.0,1.0,0.41848322147651,2.8484040000475943,0.0,128.0,115.0,64.0,published_rule_replay,,,,,,,
E20,density_classification,iid_bernoulli_half,block_expand,2,149,1000,298,exact_2N,0.651,651.0,0.0,0.349,3.153334899805486,0.652,128.0,128.0,51.0,published_rule_replay,,,,,,,
E20,density_classification,iid_bernoulli_half,particle,2,149,1000,298,exact_2N,0.768,768.0,0.0,0.232,3.126185500063002,0.769,128.0,125.0,63.0,published_rule_replay,,,,,,,
E20,density_classification,iid_bernoulli_half,gkl,2,149,1000,298,exact_2N,0.822,822.0,0.001,0.17791275167785237,2.86770679987967,,128.0,33.0,64.0,published_structural_rule,,,,,,,
E20,global_synchronization,iid_bernoulli_half,phi_sync,2,149,1000,299,exact_2N_plus_one_validation_step,1.0,1000.0,0.0,,2.926592299947515,1.0,128.0,135.0,59.0,published_rule_replay,298.0,1.0,,,,,
E20,global_synchronization,iid_bernoulli_half,naive_oscillator,2,149,1000,299,exact_2N_plus_one_validation_step,0.567,567.0,0.433,,3.4491050001233816,0.54,128.0,14.0,1.0,published_rule_replay,298.0,1.0,,,,,
E20,density_classification,iid_bernoulli_half,majority,0,599,256,1198,exact_2N,0.0,0.0,1.0,0.4557335141903172,12.773330399999395,0.0,128.0,115.0,64.0,published_rule_replay,,,,,,,
E20,density_classification,iid_bernoulli_half,block_expand,0,599,256,1198,exact_2N,0.53515625,137.0,0.0,0.46484375,12.897746899863705,0.515,128.0,128.0,51.0,published_rule_replay,,,,,,,
E20,density_classification,iid_bernoulli_half,particle,0,599,256,1198,exact_2N,0.72265625,185.0,0.0,0.27734375,13.429481599945575,0.725,128.0,125.0,63.0,published_rule_replay,,,,,,,
E20,density_classification,iid_bernoulli_half,gkl,0,599,256,1198,exact_2N,0.7578125,194.0,0.0,0.2421875,16.133353000041097,,128.0,33.0,64.0,published_structural_rule,,,,,,,
E20,global_synchronization,iid_bernoulli_half,phi_sync,0,599,256,1199,exact_2N_plus_one_validation_step,0.98828125,253.0,0.01171875,,13.837289900053293,1.0,128.0,135.0,59.0,published_rule_replay,1198.0,1.0,,,,,
E20,global_synchronization,iid_bernoulli_half,naive_oscillator,0,599,256,1199,exact_2N_plus_one_validation_step,0.12890625,33.0,0.87109375,,14.259795000078157,0.09,128.0,14.0,1.0,published_rule_replay,1198.0,1.0,,,,,
E20,density_classification,iid_bernoulli_half,majority,1,599,256,1198,exact_2N,0.0,0.0,1.0,0.4563921640233723,12.707926100119948,0.0,128.0,115.0,64.0,published_rule_replay,,,,,,,
E20,density_classification,iid_bernoulli_half,block_expand,1,599,256,1198,exact_2N,0.5078125,130.0,0.0,0.4921875,14.400178299983963,0.515,128.0,128.0,51.0,published_rule_replay,,,,,,,
E20,density_classification,iid_bernoulli_half,particle,1,599,256,1198,exact_2N,0.73046875,187.0,0.0,0.26953125,19.558021700009704,0.725,128.0,125.0,63.0,published_rule_replay,,,,,,,
E20,density_classification,iid_bernoulli_half,gkl,1,599,256,1198,exact_2N,0.75,192.0,0.0,0.25,18.835913499817252,,128.0,33.0,64.0,published_structural_rule,,,,,,,
E20,global_synchronization,iid_bernoulli_half,phi_sync,1,599,256,1199,exact_2N_plus_one_validation_step,0.9921875,254.0,0.0078125,,17.675251400098205,1.0,128.0,135.0,59.0,published_rule_replay,1198.0,1.0,,,,,
E20,global_synchronization,iid_bernoulli_half,naive_oscillator,1,599,256,1199,exact_2N_plus_one_validation_step,0.09765625,25.0,0.90234375,,18.466435299953446,0.09,128.0,14.0,1.0,published_rule_replay,1198.0,1.0,,,,,
E20,density_classification,iid_bernoulli_half,majority,0,999,128,1998,exact_2N,0.0,0.0,1.0,0.4723238863863864,25.43780230008997,0.0,128.0,115.0,64.0,published_rule_replay,,,,,,,
E20,density_classification,iid_bernoulli_half,block_expand,0,999,128,1998,exact_2N,0.5234375,67.0,0.0,0.4765625,26.244056600145996,0.503,128.0,128.0,51.0,published_rule_replay,,,,,,,
E20,density_classification,iid_bernoulli_half,particle,0,999,128,1998,exact_2N,0.6796875,87.0,0.0,0.3203125,26.882206400157884,0.714,128.0,125.0,63.0,published_rule_replay,,,,,,,
E20,density_classification,iid_bernoulli_half,gkl,0,999,128,1998,exact_2N,0.7578125,97.0,0.0,0.2421875,23.675490699941292,,128.0,33.0,64.0,published_structural_rule,,,,,,,
E20,global_synchronization,iid_bernoulli_half,phi_sync,0,999,128,1999,exact_2N_plus_one_validation_step,0.984375,126.0,0.015625,,23.346733100013807,1.0,128.0,135.0,59.0,published_rule_replay,1998.0,1.0,,,,,
E20,global_synchronization,iid_bernoulli_half,naive_oscillator,0,999,128,1999,exact_2N_plus_one_validation_step,0.015625,2.0,0.984375,,24.4670851000119,0.02,128.0,14.0,1.0,published_rule_replay,1998.0,1.0,,,,,
E20,density_classification,iid_bernoulli_half,majority,1,999,128,1998,exact_2N,0.0,0.0,1.0,0.46824167917917914,23.66495699994266,0.0,128.0,115.0,64.0,published_rule_replay,,,,,,,
E20,density_classification,iid_bernoulli_half,block_expand,1,999,128,1998,exact_2N,0.390625,50.0,0.0,0.609375,27.06969360006042,0.503,128.0,128.0,51.0,published_rule_replay,,,,,,,
E20,density_classification,iid_bernoulli_half,particle,1,999,128,1998,exact_2N,0.703125,90.0,0.0,0.296875,25.74196600005962,0.714,128.0,125.0,63.0,published_rule_replay,,,,,,,
E20,density_classification,iid_bernoulli_half,gkl,1,999,128,1998,exact_2N,0.765625,98.0,0.0,0.234375,25.992831300012767,,128.0,33.0,64.0,published_structural_rule,,,,,,,
E20,global_synchronization,iid_bernoulli_half,phi_sync,1,999,128,1999,exact_2N_plus_one_validation_step,0.96875,124.0,0.03125,,25.45086509990506,1.0,128.0,135.0,59.0,published_rule_replay,1998.0,1.0,,,,,
E20,global_synchronization,iid_bernoulli_half,naive_oscillator,1,999,128,1999,exact_2N_plus_one_validation_step,0.046875,6.0,0.953125,,29.855312600033358,0.02,128.0,14.0,1.0,published_rule_replay,1998.0,1.0,,,,,
E21,boolean_pathfinding,long_snake_reachable,OracleBFS,0,16,1,134,until_target_or_fixed_grid_bound,1.0,,0.0,,0.0005045998841524124,,,,,independent_queue_oracle,,,1.0,1.0,134.0,134.0,1.0
E21,boolean_pathfinding,long_snake_reachable,BooleanWavefrontFull,0,16,1,134,until_target_or_fixed_grid_bound,1.0,,0.0,,0.017719399882480502,,,,,hand_coded_boolean_recurrence,,,1.0,1.0,134.0,134.0,1.0
E21,boolean_pathfinding,long_snake_reachable,FixedK16Wavefront,0,16,1,16,fixed_16,0.0,,1.0,,0.0019272998906672,,,,,hand_coded_boolean_recurrence,,,1.0,0.0,134.0,-1.0,0.0
E21,boolean_pathfinding,long_snake_blocked,OracleBFS,1,16,1,0,until_target_or_fixed_grid_bound,1.0,,0.0,,0.00027309986762702465,,,,,independent_queue_oracle,,,0.0,0.0,-1.0,-1.0,1.0
E21,boolean_pathfinding,long_snake_blocked,BooleanWavefrontFull,1,16,1,76,until_target_or_fixed_grid_bound,1.0,,0.0,,0.00945249991491437,,,,,hand_coded_boolean_recurrence,,,0.0,0.0,-1.0,-1.0,1.0
E21,boolean_pathfinding,long_snake_blocked,FixedK16Wavefront,1,16,1,16,fixed_16,1.0,,0.0,,0.0019666000735014677,,,,,hand_coded_boolean_recurrence,,,0.0,0.0,-1.0,-1.0,1.0
E21,boolean_pathfinding,random_carved_reachable,OracleBFS,2,16,1,30,until_target_or_fixed_grid_bound,1.0,,0.0,,0.0007364999037235975,,,,,independent_queue_oracle,,,1.0,1.0,30.0,30.0,1.0
E21,boolean_pathfinding,random_carved_reachable,BooleanWavefrontFull,2,16,1,30,until_target_or_fixed_grid_bound,1.0,,0.0,,0.003931500017642975,,,,,hand_coded_boolean_recurrence,,,1.0,1.0,30.0,30.0,1.0
E21,boolean_pathfinding,random_carved_reachable,FixedK16Wavefront,2,16,1,16,fixed_16,0.0,,1.0,,0.0018563000485301018,,,,,hand_coded_boolean_recurrence,,,1.0,0.0,30.0,-1.0,0.0
E21,boolean_pathfinding,random_isolated_target,OracleBFS,3,16,1,0,until_target_or_fixed_grid_bound,1.0,,0.0,,0.0006432998925447464,,,,,independent_queue_oracle,,,0.0,0.0,-1.0,-1.0,1.0
E21,boolean_pathfinding,random_isolated_target,BooleanWavefrontFull,3,16,1,38,until_target_or_fixed_grid_bound,1.0,,0.0,,0.004904999863356352,,,,,hand_coded_boolean_recurrence,,,0.0,0.0,-1.0,-1.0,1.0
E21,boolean_pathfinding,random_isolated_target,FixedK16Wavefront,3,16,1,16,fixed_16,1.0,,0.0,,0.0022670000325888395,,,,,hand_coded_boolean_recurrence,,,0.0,0.0,-1.0,-1.0,1.0
E21,boolean_pathfinding,long_snake_reachable,OracleBFS,4,16,1,134,until_target_or_fixed_grid_bound,1.0,,0.0,,0.0004746001213788986,,,,,independent_queue_oracle,,,1.0,1.0,134.0,134.0,1.0
E21,boolean_pathfinding,long_snake_reachable,BooleanWavefrontFull,4,16,1,134,until_target_or_fixed_grid_bound,1.0,,0.0,,0.016941700130701065,,,,,hand_coded_boolean_recurrence,,,1.0,1.0,134.0,134.0,1.0
E21,boolean_pathfinding,long_snake_reachable,FixedK16Wavefront,4,16,1,16,fixed_16,0.0,,1.0,,0.0019187999423593283,,,,,hand_coded_boolean_recurrence,,,1.0,0.0,134.0,-1.0,0.0
E21,boolean_pathfinding,long_snake_blocked,OracleBFS,5,16,1,0,until_target_or_fixed_grid_bound,1.0,,0.0,,0.0002715000882744789,,,,,independent_queue_oracle,,,0.0,0.0,-1.0,-1.0,1.0
E21,boolean_pathfinding,long_snake_blocked,BooleanWavefrontFull,5,16,1,76,until_target_or_fixed_grid_bound,1.0,,0.0,,0.008700500009581447,,,,,hand_coded_boolean_recurrence,,,0.0,0.0,-1.0,-1.0,1.0
E21,boolean_pathfinding,long_snake_blocked,FixedK16Wavefront,5,16,1,16,fixed_16,1.0,,0.0,,0.0038412001449614763,,,,,hand_coded_boolean_recurrence,,,0.0,0.0,-1.0,-1.0,1.0
E21,boolean_pathfinding,random_carved_reachable,OracleBFS,6,16,1,30,until_target_or_fixed_grid_bound,1.0,,0.0,,0.0006163001526147127,,,,,independent_queue_oracle,,,1.0,1.0,30.0,30.0,1.0
E21,boolean_pathfinding,random_carved_reachable,BooleanWavefrontFull,6,16,1,30,until_target_or_fixed_grid_bound,1.0,,0.0,,0.0036518999841064215,,,,,hand_coded_boolean_recurrence,,,1.0,1.0,30.0,30.0,1.0
E21,boolean_pathfinding,random_carved_reachable,FixedK16Wavefront,6,16,1,16,fixed_16,0.0,,1.0,,0.0018939999863505363,,,,,hand_coded_boolean_recurrence,,,1.0,0.0,30.0,-1.0,0.0
E21,boolean_pathfinding,random_isolated_target,OracleBFS,7,16,1,0,until_target_or_fixed_grid_bound,1.0,,0.0,,2.550007775425911e-05,,,,,independent_queue_oracle,,,0.0,0.0,-1.0,-1.0,1.0
E21,boolean_pathfinding,random_isolated_target,BooleanWavefrontFull,7,16,1,3,until_target_or_fixed_grid_bound,1.0,,0.0,,0.0003883000463247299,,,,,hand_coded_boolean_recurrence,,,0.0,0.0,-1.0,-1.0,1.0
E21,boolean_pathfinding,random_isolated_target,FixedK16Wavefront,7,16,1,3,fixed_16,1.0,,0.0,,0.0003545999061316252,,,,,hand_coded_boolean_recurrence,,,0.0,0.0,-1.0,-1.0,1.0
E21,boolean_pathfinding,long_snake_reachable,OracleBFS,8,16,1,134,until_target_or_fixed_grid_bound,1.0,,0.0,,0.0004763000179082155,,,,,independent_queue_oracle,,,1.0,1.0,134.0,134.0,1.0
E21,boolean_pathfinding,long_snake_reachable,BooleanWavefrontFull,8,16,1,134,until_target_or_fixed_grid_bound,1.0,,0.0,,0.01765789999626577,,,,,hand_coded_boolean_recurrence,,,1.0,1.0,134.0,134.0,1.0
E21,boolean_pathfinding,long_snake_reachable,FixedK16Wavefront,8,16,1,16,fixed_16,0.0,,1.0,,0.0020216999109834433,,,,,hand_coded_boolean_recurrence,,,1.0,0.0,134.0,-1.0,0.0
E21,boolean_pathfinding,long_snake_blocked,OracleBFS,9,16,1,0,until_target_or_fixed_grid_bound,1.0,,0.0,,0.00027769990265369415,,,,,independent_queue_oracle,,,0.0,0.0,-1.0,-1.0,1.0
E21,boolean_pathfinding,long_snake_blocked,BooleanWavefrontFull,9,16,1,76,until_target_or_fixed_grid_bound,1.0,,0.0,,0.009503500070422888,,,,,hand_coded_boolean_recurrence,,,0.0,0.0,-1.0,-1.0,1.0
E21,boolean_pathfinding,long_snake_blocked,FixedK16Wavefront,9,16,1,16,fixed_16,1.0,,0.0,,0.0021889000199735165,,,,,hand_coded_boolean_recurrence,,,0.0,0.0,-1.0,-1.0,1.0
E21,boolean_pathfinding,random_carved_reachable,OracleBFS,10,16,1,30,until_target_or_fixed_grid_bound,1.0,,0.0,,0.0006154999136924744,,,,,independent_queue_oracle,,,1.0,1.0,30.0,30.0,1.0
E21,boolean_pathfinding,random_carved_reachable,BooleanWavefrontFull,10,16,1,30,until_target_or_fixed_grid_bound,1.0,,0.0,,0.004130699904635549,,,,,hand_coded_boolean_recurrence,,,1.0,1.0,30.0,30.0,1.0
E21,boolean_pathfinding,random_carved_reachable,FixedK16Wavefront,10,16,1,16,fixed_16,0.0,,1.0,,0.0021151001565158367,,,,,hand_coded_boolean_recurrence,,,1.0,0.0,30.0,-1.0,0.0
E21,boolean_pathfinding,random_isolated_target,OracleBFS,11,16,1,0,until_target_or_fixed_grid_bound,1.0,,0.0,,0.0006228999700397253,,,,,independent_queue_oracle,,,0.0,0.0,-1.0,-1.0,1.0
E21,boolean_pathfinding,random_isolated_target,BooleanWavefrontFull,11,16,1,29,until_target_or_fixed_grid_bound,1.0,,0.0,,0.0034845001064240932,,,,,hand_coded_boolean_recurrence,,,0.0,0.0,-1.0,-1.0,1.0
E21,boolean_pathfinding,random_isolated_target,FixedK16Wavefront,11,16,1,16,fixed_16,1.0,,0.0,,0.0019292999058961868,,,,,hand_coded_boolean_recurrence,,,0.0,0.0,-1.0,-1.0,1.0
E21,boolean_pathfinding,long_snake_reachable,OracleBFS,12,16,1,134,until_target_or_fixed_grid_bound,1.0,,0.0,,0.0005350001156330109,,,,,independent_queue_oracle,,,1.0,1.0,134.0,134.0,1.0
E21,boolean_pathfinding,long_snake_reachable,BooleanWavefrontFull,12,16,1,134,until_target_or_fixed_grid_bound,1.0,,0.0,,0.01665899995714426,,,,,hand_coded_boolean_recurrence,,,1.0,1.0,134.0,134.0,1.0
E21,boolean_pathfinding,long_snake_reachable,FixedK16Wavefront,12,16,1,16,fixed_16,0.0,,1.0,,0.0018671001307666302,,,,,hand_coded_boolean_recurrence,,,1.0,0.0,134.0,-1.0,0.0
E21,boolean_pathfinding,long_snake_blocked,OracleBFS,13,16,1,0,until_target_or_fixed_grid_bound,1.0,,0.0,,0.0002763001248240471,,,,,independent_queue_oracle,,,0.0,0.0,-1.0,-1.0,1.0
E21,boolean_pathfinding,long_snake_blocked,BooleanWavefrontFull,13,16,1,76,until_target_or_fixed_grid_bound,1.0,,0.0,,0.009728499921038747,,,,,hand_coded_boolean_recurrence,,,0.0,0.0,-1.0,-1.0,1.0
E21,boolean_pathfinding,long_snake_blocked,FixedK16Wavefront,13,16,1,16,fixed_16,1.0,,0.0,,0.001850999891757965,,,,,hand_coded_boolean_recurrence,,,0.0,0.0,-1.0,-1.0,1.0
E21,boolean_pathfinding,random_carved_reachable,OracleBFS,14,16,1,30,until_target_or_fixed_grid_bound,1.0,,0.0,,0.0008020000532269478,,,,,independent_queue_oracle,,,1.0,1.0,30.0,30.0,1.0
E21,boolean_pathfinding,random_carved_reachable,BooleanWavefrontFull,14,16,1,30,until_target_or_fixed_grid_bound,1.0,,0.0,,0.0037134999874979258,,,,,hand_coded_boolean_recurrence,,,1.0,1.0,30.0,30.0,1.0
E21,boolean_pathfinding,random_carved_reachable,FixedK16Wavefront,14,16,1,16,fixed_16,0.0,,1.0,,0.0019966999534517527,,,,,hand_coded_boolean_recurrence,,,1.0,0.0,30.0,-1.0,0.0
E21,boolean_pathfinding,random_isolated_target,OracleBFS,15,16,1,0,until_target_or_fixed_grid_bound,1.0,,0.0,,0.0005820998921990395,,,,,independent_queue_oracle,,,0.0,0.0,-1.0,-1.0,1.0
E21,boolean_pathfinding,random_isolated_target,BooleanWavefrontFull,15,16,1,34,until_target_or_fixed_grid_bound,1.0,,0.0,,0.004515199922025204,,,,,hand_coded_boolean_recurrence,,,0.0,0.0,-1.0,-1.0,1.0
E21,boolean_pathfinding,random_isolated_target,FixedK16Wavefront,15,16,1,16,fixed_16,1.0,,0.0,,0.0018478999845683575,,,,,hand_coded_boolean_recurrence,,,0.0,0.0,-1.0,-1.0,1.0
E21,boolean_pathfinding,long_snake_reachable,OracleBFS,16,16,1,134,until_target_or_fixed_grid_bound,1.0,,0.0,,0.0004741000011563301,,,,,independent_queue_oracle,,,1.0,1.0,134.0,134.0,1.0
E21,boolean_pathfinding,long_snake_reachable,BooleanWavefrontFull,16,16,1,134,until_target_or_fixed_grid_bound,1.0,,0.0,,0.016898300033062696,,,,,hand_coded_boolean_recurrence,,,1.0,1.0,134.0,134.0,1.0
E21,boolean_pathfinding,long_snake_reachable,FixedK16Wavefront,16,16,1,16,fixed_16,0.0,,1.0,,0.00199709995649755,,,,,hand_coded_boolean_recurrence,,,1.0,0.0,134.0,-1.0,0.0
E21,boolean_pathfinding,long_snake_blocked,OracleBFS,17,16,1,0,until_target_or_fixed_grid_bound,1.0,,0.0,,0.00028069992549717426,,,,,independent_queue_oracle,,,0.0,0.0,-1.0,-1.0,1.0
E21,boolean_pathfinding,long_snake_blocked,BooleanWavefrontFull,17,16,1,76,until_target_or_fixed_grid_bound,1.0,,0.0,,0.009122200077399611,,,,,hand_coded_boolean_recurrence,,,0.0,0.0,-1.0,-1.0,1.0
E21,boolean_pathfinding,long_snake_blocked,FixedK16Wavefront,17,16,1,16,fixed_16,1.0,,0.0,,0.0028059999458491802,,,,,hand_coded_boolean_recurrence,,,0.0,0.0,-1.0,-1.0,1.0
E21,boolean_pathfinding,random_carved_reachable,OracleBFS,18,16,1,30,until_target_or_fixed_grid_bound,1.0,,0.0,,0.000637599965557456,,,,,independent_queue_oracle,,,1.0,1.0,30.0,30.0,1.0
E21,boolean_pathfinding,random_carved_reachable,BooleanWavefrontFull,18,16,1,30,until_target_or_fixed_grid_bound,1.0,,0.0,,0.0036536999978125095,,,,,hand_coded_boolean_recurrence,,,1.0,1.0,30.0,30.0,1.0
E21,boolean_pathfinding,random_carved_reachable,FixedK16Wavefront,18,16,1,16,fixed_16,0.0,,1.0,,0.0018341001123189926,,,,,hand_coded_boolean_recurrence,,,1.0,0.0,30.0,-1.0,0.0
E21,boolean_pathfinding,random_isolated_target,OracleBFS,19,16,1,0,until_target_or_fixed_grid_bound,1.0,,0.0,,0.0006658998318016529,,,,,independent_queue_oracle,,,0.0,0.0,-1.0,-1.0,1.0
E21,boolean_pathfinding,random_isolated_target,BooleanWavefrontFull,19,16,1,31,until_target_or_fixed_grid_bound,1.0,,0.0,,0.0035206000320613384,,,,,hand_coded_boolean_recurrence,,,0.0,0.0,-1.0,-1.0,1.0
E21,boolean_pathfinding,random_isolated_target,FixedK16Wavefront,19,16,1,16,fixed_16,1.0,,0.0,,0.0018361001275479794,,,,,hand_coded_boolean_recurrence,,,0.0,0.0,-1.0,-1.0,1.0
E21,boolean_pathfinding,long_snake_reachable,OracleBFS,20,16,1,134,until_target_or_fixed_grid_bound,1.0,,0.0,,0.00047229998745024204,,,,,independent_queue_oracle,,,1.0,1.0,134.0,134.0,1.0
E21,boolean_pathfinding,long_snake_reachable,BooleanWavefrontFull,20,16,1,134,until_target_or_fixed_grid_bound,1.0,,0.0,,0.01690909988246858,,,,,hand_coded_boolean_recurrence,,,1.0,1.0,134.0,134.0,1.0
E21,boolean_pathfinding,long_snake_reachable,FixedK16Wavefront,20,16,1,16,fixed_16,0.0,,1.0,,0.002290799980983138,,,,,hand_coded_boolean_recurrence,,,1.0,0.0,134.0,-1.0,0.0
E21,boolean_pathfinding,long_snake_blocked,OracleBFS,21,16,1,0,until_target_or_fixed_grid_bound,1.0,,0.0,,0.000273300101980567,,,,,independent_queue_oracle,,,0.0,0.0,-1.0,-1.0,1.0
E21,boolean_pathfinding,long_snake_blocked,BooleanWavefrontFull,21,16,1,76,until_target_or_fixed_grid_bound,1.0,,0.0,,0.009348300052806735,,,,,hand_coded_boolean_recurrence,,,0.0,0.0,-1.0,-1.0,1.0
E21,boolean_pathfinding,long_snake_blocked,FixedK16Wavefront,21,16,1,16,fixed_16,1.0,,0.0,,0.0018712999299168587,,,,,hand_coded_boolean_recurrence,,,0.0,0.0,-1.0,-1.0,1.0
E21,boolean_pathfinding,random_carved_reachable,OracleBFS,22,16,1,30,until_target_or_fixed_grid_bound,1.0,,0.0,,0.0005413999315351248,,,,,independent_queue_oracle,,,1.0,1.0,30.0,30.0,1.0
E21,boolean_pathfinding,random_carved_reachable,BooleanWavefrontFull,22,16,1,30,until_target_or_fixed_grid_bound,1.0,,0.0,,0.004106199834495783,,,,,hand_coded_boolean_recurrence,,,1.0,1.0,30.0,30.0,1.0
E21,boolean_pathfinding,random_carved_reachable,FixedK16Wavefront,22,16,1,16,fixed_16,0.0,,1.0,,0.0020810000132769346,,,,,hand_coded_boolean_recurrence,,,1.0,0.0,30.0,-1.0,0.0
E21,boolean_pathfinding,random_isolated_target,OracleBFS,23,16,1,0,until_target_or_fixed_grid_bound,1.0,,0.0,,0.0006760000251233578,,,,,independent_queue_oracle,,,0.0,0.0,-1.0,-1.0,1.0
E21,boolean_pathfinding,random_isolated_target,BooleanWavefrontFull,23,16,1,44,until_target_or_fixed_grid_bound,1.0,,0.0,,0.005367900012061,,,,,hand_coded_boolean_recurrence,,,0.0,0.0,-1.0,-1.0,1.0
E21,boolean_pathfinding,random_isolated_target,FixedK16Wavefront,23,16,1,16,fixed_16,1.0,,0.0,,0.0018144999630749226,,,,,hand_coded_boolean_recurrence,,,0.0,0.0,-1.0,-1.0,1.0
E21,boolean_pathfinding,long_snake_reachable,OracleBFS,24,16,1,134,until_target_or_fixed_grid_bound,1.0,,0.0,,0.00047389999963343143,,,,,independent_queue_oracle,,,1.0,1.0,134.0,134.0,1.0
E21,boolean_pathfinding,long_snake_reachable,BooleanWavefrontFull,24,16,1,134,until_target_or_fixed_grid_bound,1.0,,0.0,,0.01696599996648729,,,,,hand_coded_boolean_recurrence,,,1.0,1.0,134.0,134.0,1.0
E21,boolean_pathfinding,long_snake_reachable,FixedK16Wavefront,24,16,1,16,fixed_16,0.0,,1.0,,0.00190400006249547,,,,,hand_coded_boolean_recurrence,,,1.0,0.0,134.0,-1.0,0.0
E21,boolean_pathfinding,long_snake_blocked,OracleBFS,25,16,1,0,until_target_or_fixed_grid_bound,1.0,,0.0,,0.0002631999086588621,,,,,independent_queue_oracle,,,0.0,0.0,-1.0,-1.0,1.0
E21,boolean_pathfinding,long_snake_blocked,BooleanWavefrontFull,25,16,1,76,until_target_or_fixed_grid_bound,1.0,,0.0,,0.011113299988210201,,,,,hand_coded_boolean_recurrence,,,0.0,0.0,-1.0,-1.0,1.0
E21,boolean_pathfinding,long_snake_blocked,FixedK16Wavefront,25,16,1,16,fixed_16,1.0,,0.0,,0.0018794001080095768,,,,,hand_coded_boolean_recurrence,,,0.0,0.0,-1.0,-1.0,1.0
E21,boolean_pathfinding,random_carved_reachable,OracleBFS,26,16,1,30,until_target_or_fixed_grid_bound,1.0,,0.0,,0.0006007000338286161,,,,,independent_queue_oracle,,,1.0,1.0,30.0,30.0,1.0
E21,boolean_pathfinding,random_carved_reachable,BooleanWavefrontFull,26,16,1,30,until_target_or_fixed_grid_bound,1.0,,0.0,,0.003700000001117587,,,,,hand_coded_boolean_recurrence,,,1.0,1.0,30.0,30.0,1.0
E21,boolean_pathfinding,random_carved_reachable,FixedK16Wavefront,26,16,1,16,fixed_16,0.0,,1.0,,0.007044800091534853,,,,,hand_coded_boolean_recurrence,,,1.0,0.0,30.0,-1.0,0.0
E21,boolean_pathfinding,random_isolated_target,OracleBFS,27,16,1,0,until_target_or_fixed_grid_bound,1.0,,0.0,,0.000614900141954422,,,,,independent_queue_oracle,,,0.0,0.0,-1.0,-1.0,1.0
E21,boolean_pathfinding,random_isolated_target,BooleanWavefrontFull,27,16,1,36,until_target_or_fixed_grid_bound,1.0,,0.0,,0.004191400017589331,,,,,hand_coded_boolean_recurrence,,,0.0,0.0,-1.0,-1.0,1.0
E21,boolean_pathfinding,random_isolated_target,FixedK16Wavefront,27,16,1,16,fixed_16,1.0,,0.0,,0.0018362000118941069,,,,,hand_coded_boolean_recurrence,,,0.0,0.0,-1.0,-1.0,1.0
E21,boolean_pathfinding,long_snake_reachable,OracleBFS,28,16,1,134,until_target_or_fixed_grid_bound,1.0,,0.0,,0.00046009989455342293,,,,,independent_queue_oracle,,,1.0,1.0,134.0,134.0,1.0
E21,boolean_pathfinding,long_snake_reachable,BooleanWavefrontFull,28,16,1,134,until_target_or_fixed_grid_bound,1.0,,0.0,,0.016957599902525544,,,,,hand_coded_boolean_recurrence,,,1.0,1.0,134.0,134.0,1.0
E21,boolean_pathfinding,long_snake_reachable,FixedK16Wavefront,28,16,1,16,fixed_16,0.0,,1.0,,0.0021269998978823423,,,,,hand_coded_boolean_recurrence,,,1.0,0.0,134.0,-1.0,0.0
E21,boolean_pathfinding,long_snake_blocked,OracleBFS,29,16,1,0,until_target_or_fixed_grid_bound,1.0,,0.0,,0.00025569996796548367,,,,,independent_queue_oracle,,,0.0,0.0,-1.0,-1.0,1.0
E21,boolean_pathfinding,long_snake_blocked,BooleanWavefrontFull,29,16,1,76,until_target_or_fixed_grid_bound,1.0,,0.0,,0.010289900004863739,,,,,hand_coded_boolean_recurrence,,,0.0,0.0,-1.0,-1.0,1.0
E21,boolean_pathfinding,long_snake_blocked,FixedK16Wavefront,29,16,1,16,fixed_16,1.0,,0.0,,0.001861899858340621,,,,,hand_coded_boolean_recurrence,,,0.0,0.0,-1.0,-1.0,1.0
E21,boolean_pathfinding,random_carved_reachable,OracleBFS,30,16,1,30,until_target_or_fixed_grid_bound,1.0,,0.0,,0.0006521998438984156,,,,,independent_queue_oracle,,,1.0,1.0,30.0,30.0,1.0
E21,boolean_pathfinding,random_carved_reachable,BooleanWavefrontFull,30,16,1,30,until_target_or_fixed_grid_bound,1.0,,0.0,,0.003918800037354231,,,,,hand_coded_boolean_recurrence,,,1.0,1.0,30.0,30.0,1.0
E21,boolean_pathfinding,random_carved_reachable,FixedK16Wavefront,30,16,1,16,fixed_16,0.0,,1.0,,0.0025702998973429203,,,,,hand_coded_boolean_recurrence,,,1.0,0.0,30.0,-1.0,0.0
E21,boolean_pathfinding,random_isolated_target,OracleBFS,31,16,1,0,until_target_or_fixed_grid_bound,1.0,,0.0,,0.0006232000887393951,,,,,independent_queue_oracle,,,0.0,0.0,-1.0,-1.0,1.0
E21,boolean_pathfinding,random_isolated_target,BooleanWavefrontFull,31,16,1,33,until_target_or_fixed_grid_bound,1.0,,0.0,,0.0038303998298943043,,,,,hand_coded_boolean_recurrence,,,0.0,0.0,-1.0,-1.0,1.0
E21,boolean_pathfinding,random_isolated_target,FixedK16Wavefront,31,16,1,16,fixed_16,1.0,,0.0,,0.0018178001046180725,,,,,hand_coded_boolean_recurrence,,,0.0,0.0,-1.0,-1.0,1.0
E21,boolean_pathfinding,long_snake_reachable,OracleBFS,32,16,1,134,until_target_or_fixed_grid_bound,1.0,,0.0,,0.00047500012442469597,,,,,independent_queue_oracle,,,1.0,1.0,134.0,134.0,1.0
E21,boolean_pathfinding,long_snake_reachable,BooleanWavefrontFull,32,16,1,134,until_target_or_fixed_grid_bound,1.0,,0.0,,0.016463400097563863,,,,,hand_coded_boolean_recurrence,,,1.0,1.0,134.0,134.0,1.0
E21,boolean_pathfinding,long_snake_reachable,FixedK16Wavefront,32,16,1,16,fixed_16,0.0,,1.0,,0.0018137998413294554,,,,,hand_coded_boolean_recurrence,,,1.0,0.0,134.0,-1.0,0.0
E21,boolean_pathfinding,long_snake_blocked,OracleBFS,33,16,1,0,until_target_or_fixed_grid_bound,1.0,,0.0,,0.00026929983869194984,,,,,independent_queue_oracle,,,0.0,0.0,-1.0,-1.0,1.0
E21,boolean_pathfinding,long_snake_blocked,BooleanWavefrontFull,33,16,1,76,until_target_or_fixed_grid_bound,1.0,,0.0,,0.009647099999710917,,,,,hand_coded_boolean_recurrence,,,0.0,0.0,-1.0,-1.0,1.0
E21,boolean_pathfinding,long_snake_blocked,FixedK16Wavefront,33,16,1,16,fixed_16,1.0,,0.0,,0.0018849000334739685,,,,,hand_coded_boolean_recurrence,,,0.0,0.0,-1.0,-1.0,1.0
E21,boolean_pathfinding,random_carved_reachable,OracleBFS,34,16,1,30,until_target_or_fixed_grid_bound,1.0,,0.0,,0.0006442999001592398,,,,,independent_queue_oracle,,,1.0,1.0,30.0,30.0,1.0
E21,boolean_pathfinding,random_carved_reachable,BooleanWavefrontFull,34,16,1,30,until_target_or_fixed_grid_bound,1.0,,0.0,,0.0035508000291883945,,,,,hand_coded_boolean_recurrence,,,1.0,1.0,30.0,30.0,1.0
E21,boolean_pathfinding,random_carved_reachable,FixedK16Wavefront,34,16,1,16,fixed_16,0.0,,1.0,,0.001988800009712577,,,,,hand_coded_boolean_recurrence,,,1.0,0.0,30.0,-1.0,0.0
E21,boolean_pathfinding,random_isolated_target,OracleBFS,35,16,1,0,until_target_or_fixed_grid_bound,1.0,,0.0,,0.0005041998811066151,,,,,independent_queue_oracle,,,0.0,0.0,-1.0,-1.0,1.0
E21,boolean_pathfinding,random_isolated_target,BooleanWavefrontFull,35,16,1,32,until_target_or_fixed_grid_bound,1.0,,0.0,,0.003860499942675233,,,,,hand_coded_boolean_recurrence,,,0.0,0.0,-1.0,-1.0,1.0
E21,boolean_pathfinding,random_isolated_target,FixedK16Wavefront,35,16,1,16,fixed_16,1.0,,0.0,,0.002838699845597148,,,,,hand_coded_boolean_recurrence,,,0.0,0.0,-1.0,-1.0,1.0
E21,boolean_pathfinding,long_snake_reachable,OracleBFS,36,16,1,134,until_target_or_fixed_grid_bound,1.0,,0.0,,0.0004908000119030476,,,,,independent_queue_oracle,,,1.0,1.0,134.0,134.0,1.0
E21,boolean_pathfinding,long_snake_reachable,BooleanWavefrontFull,36,16,1,134,until_target_or_fixed_grid_bound,1.0,,0.0,,0.01658809999935329,,,,,hand_coded_boolean_recurrence,,,1.0,1.0,134.0,134.0,1.0
E21,boolean_pathfinding,long_snake_reachable,FixedK16Wavefront,36,16,1,16,fixed_16,0.0,,1.0,,0.0019431000109761953,,,,,hand_coded_boolean_recurrence,,,1.0,0.0,134.0,-1.0,0.0
E21,boolean_pathfinding,long_snake_blocked,OracleBFS,37,16,1,0,until_target_or_fixed_grid_bound,1.0,,0.0,,0.0002679999452084303,,,,,independent_queue_oracle,,,0.0,0.0,-1.0,-1.0,1.0
E21,boolean_pathfinding,long_snake_blocked,BooleanWavefrontFull,37,16,1,76,until_target_or_fixed_grid_bound,1.0,,0.0,,0.008853800129145384,,,,,hand_coded_boolean_recurrence,,,0.0,0.0,-1.0,-1.0,1.0
E21,boolean_pathfinding,long_snake_blocked,FixedK16Wavefront,37,16,1,16,fixed_16,1.0,,0.0,,0.0019394999835640192,,,,,hand_coded_boolean_recurrence,,,0.0,0.0,-1.0,-1.0,1.0
E21,boolean_pathfinding,random_carved_reachable,OracleBFS,38,16,1,30,until_target_or_fixed_grid_bound,1.0,,0.0,,0.000689599895849824,,,,,independent_queue_oracle,,,1.0,1.0,30.0,30.0,1.0
E21,boolean_pathfinding,random_carved_reachable,BooleanWavefrontFull,38,16,1,30,until_target_or_fixed_grid_bound,1.0,,0.0,,0.00367569993250072,,,,,hand_coded_boolean_recurrence,,,1.0,1.0,30.0,30.0,1.0
E21,boolean_pathfinding,random_carved_reachable,FixedK16Wavefront,38,16,1,16,fixed_16,0.0,,1.0,,0.0018313999753445387,,,,,hand_coded_boolean_recurrence,,,1.0,0.0,30.0,-1.0,0.0
E21,boolean_pathfinding,random_isolated_target,OracleBFS,39,16,1,0,until_target_or_fixed_grid_bound,1.0,,0.0,,0.0006655999459326267,,,,,independent_queue_oracle,,,0.0,0.0,-1.0,-1.0,1.0
E21,boolean_pathfinding,random_isolated_target,BooleanWavefrontFull,39,16,1,31,until_target_or_fixed_grid_bound,1.0,,0.0,,0.0038807999808341265,,,,,hand_coded_boolean_recurrence,,,0.0,0.0,-1.0,-1.0,1.0
E21,boolean_pathfinding,random_isolated_target,FixedK16Wavefront,39,16,1,16,fixed_16,1.0,,0.0,,0.0018839000258594751,,,,,hand_coded_boolean_recurrence,,,0.0,0.0,-1.0,-1.0,1.0
E21,boolean_pathfinding,long_snake_reachable,OracleBFS,0,32,1,526,until_target_or_fixed_grid_bound,1.0,,0.0,,0.0019153000321239233,,,,,independent_queue_oracle,,,1.0,1.0,526.0,526.0,1.0
E21,boolean_pathfinding,long_snake_reachable,BooleanWavefrontFull,0,32,1,526,until_target_or_fixed_grid_bound,1.0,,0.0,,0.07215410005301237,,,,,hand_coded_boolean_recurrence,,,1.0,1.0,526.0,526.0,1.0
E21,boolean_pathfinding,long_snake_reachable,FixedK16Wavefront,0,32,1,16,fixed_16,0.0,,1.0,,0.0027821999974548817,,,,,hand_coded_boolean_recurrence,,,1.0,0.0,526.0,-1.0,0.0
E21,boolean_pathfinding,long_snake_blocked,OracleBFS,1,32,1,0,until_target_or_fixed_grid_bound,1.0,,0.0,,0.0009852999355643988,,,,,independent_queue_oracle,,,0.0,0.0,-1.0,-1.0,1.0
E21,boolean_pathfinding,long_snake_blocked,BooleanWavefrontFull,1,32,1,280,until_target_or_fixed_grid_bound,1.0,,0.0,,0.0388758999761194,,,,,hand_coded_boolean_recurrence,,,0.0,0.0,-1.0,-1.0,1.0
E21,boolean_pathfinding,long_snake_blocked,FixedK16Wavefront,1,32,1,16,fixed_16,1.0,,0.0,,0.002660800004377961,,,,,hand_coded_boolean_recurrence,,,0.0,0.0,-1.0,-1.0,1.0
E21,boolean_pathfinding,random_carved_reachable,OracleBFS,2,32,1,62,until_target_or_fixed_grid_bound,1.0,,0.0,,0.00265670008957386,,,,,independent_queue_oracle,,,1.0,1.0,62.0,62.0,1.0
E21,boolean_pathfinding,random_carved_reachable,BooleanWavefrontFull,2,32,1,62,until_target_or_fixed_grid_bound,1.0,,0.0,,0.009627500083297491,,,,,hand_coded_boolean_recurrence,,,1.0,1.0,62.0,62.0,1.0
E21,boolean_pathfinding,random_carved_reachable,FixedK16Wavefront,2,32,1,16,fixed_16,0.0,,1.0,,0.00230260007083416,,,,,hand_coded_boolean_recurrence,,,1.0,0.0,62.0,-1.0,0.0
E21,boolean_pathfinding,random_isolated_target,OracleBFS,3,32,1,0,until_target_or_fixed_grid_bound,1.0,,0.0,,0.0026347998064011335,,,,,independent_queue_oracle,,,0.0,0.0,-1.0,-1.0,1.0
E21,boolean_pathfinding,random_isolated_target,BooleanWavefrontFull,3,32,1,63,until_target_or_fixed_grid_bound,1.0,,0.0,,0.008304100017994642,,,,,hand_coded_boolean_recurrence,,,0.0,0.0,-1.0,-1.0,1.0
E21,boolean_pathfinding,random_isolated_target,FixedK16Wavefront,3,32,1,16,fixed_16,1.0,,0.0,,0.0020125999581068754,,,,,hand_coded_boolean_recurrence,,,0.0,0.0,-1.0,-1.0,1.0
E21,boolean_pathfinding,long_snake_reachable,OracleBFS,4,32,1,526,until_target_or_fixed_grid_bound,1.0,,0.0,,0.0018566001672297716,,,,,independent_queue_oracle,,,1.0,1.0,526.0,526.0,1.0
E21,boolean_pathfinding,long_snake_reachable,BooleanWavefrontFull,4,32,1,526,until_target_or_fixed_grid_bound,1.0,,0.0,,0.0729201000649482,,,,,hand_coded_boolean_recurrence,,,1.0,1.0,526.0,526.0,1.0
E21,boolean_pathfinding,long_snake_reachable,FixedK16Wavefront,4,32,1,16,fixed_16,0.0,,1.0,,0.002072500064969063,,,,,hand_coded_boolean_recurrence,,,1.0,0.0,526.0,-1.0,0.0
E21,boolean_pathfinding,long_snake_blocked,OracleBFS,5,32,1,0,until_target_or_fixed_grid_bound,1.0,,0.0,,0.0007493000011891127,,,,,independent_queue_oracle,,,0.0,0.0,-1.0,-1.0,1.0
E21,boolean_pathfinding,long_snake_blocked,BooleanWavefrontFull,5,32,1,280,until_target_or_fixed_grid_bound,1.0,,0.0,,0.03777189995162189,,,,,hand_coded_boolean_recurrence,,,0.0,0.0,-1.0,-1.0,1.0
E21,boolean_pathfinding,long_snake_blocked,FixedK16Wavefront,5,32,1,16,fixed_16,1.0,,0.0,,0.003301700111478567,,,,,hand_coded_boolean_recurrence,,,0.0,0.0,-1.0,-1.0,1.0
E21,boolean_pathfinding,random_carved_reachable,OracleBFS,6,32,1,62,until_target_or_fixed_grid_bound,1.0,,0.0,,0.00272749993018806,,,,,independent_queue_oracle,,,1.0,1.0,62.0,62.0,1.0
E21,boolean_pathfinding,random_carved_reachable,BooleanWavefrontFull,6,32,1,62,until_target_or_fixed_grid_bound,1.0,,0.0,,0.017736600013449788,,,,,hand_coded_boolean_recurrence,,,1.0,1.0,62.0,62.0,1.0
E21,boolean_pathfinding,random_carved_reachable,FixedK16Wavefront,6,32,1,16,fixed_16,0.0,,1.0,,0.00238140020519495,,,,,hand_coded_boolean_recurrence,,,1.0,0.0,62.0,-1.0,0.0
E21,boolean_pathfinding,random_isolated_target,OracleBFS,7,32,1,0,until_target_or_fixed_grid_bound,1.0,,0.0,,1.6800127923488617e-05,,,,,independent_queue_oracle,,,0.0,0.0,-1.0,-1.0,1.0
E21,boolean_pathfinding,random_isolated_target,BooleanWavefrontFull,7,32,1,1,until_target_or_fixed_grid_bound,1.0,,0.0,,0.00023429980501532555,,,,,hand_coded_boolean_recurrence,,,0.0,0.0,-1.0,-1.0,1.0
E21,boolean_pathfinding,random_isolated_target,FixedK16Wavefront,7,32,1,1,fixed_16,1.0,,0.0,,0.00021950015798211098,,,,,hand_coded_boolean_recurrence,,,0.0,0.0,-1.0,-1.0,1.0
E21,boolean_pathfinding,long_snake_reachable,OracleBFS,8,32,1,526,until_target_or_fixed_grid_bound,1.0,,0.0,,0.002902599982917309,,,,,independent_queue_oracle,,,1.0,1.0,526.0,526.0,1.0
E21,boolean_pathfinding,long_snake_reachable,BooleanWavefrontFull,8,32,1,526,until_target_or_fixed_grid_bound,1.0,,0.0,,0.11995039996691048,,,,,hand_coded_boolean_recurrence,,,1.0,1.0,526.0,526.0,1.0
E21,boolean_pathfinding,long_snake_reachable,FixedK16Wavefront,8,32,1,16,fixed_16,0.0,,1.0,,0.00786869996227324,,,,,hand_coded_boolean_recurrence,,,1.0,0.0,526.0,-1.0,0.0
E21,boolean_pathfinding,long_snake_blocked,OracleBFS,9,32,1,0,until_target_or_fixed_grid_bound,1.0,,0.0,,0.0009980001486837864,,,,,independent_queue_oracle,,,0.0,0.0,-1.0,-1.0,1.0
E21,boolean_pathfinding,long_snake_blocked,BooleanWavefrontFull,9,32,1,280,until_target_or_fixed_grid_bound,1.0,,0.0,,0.04715690016746521,,,,,hand_coded_boolean_recurrence,,,0.0,0.0,-1.0,-1.0,1.0
E21,boolean_pathfinding,long_snake_blocked,FixedK16Wavefront,9,32,1,16,fixed_16,1.0,,0.0,,0.0021097999997437,,,,,hand_coded_boolean_recurrence,,,0.0,0.0,-1.0,-1.0,1.0
E21,boolean_pathfinding,random_carved_reachable,OracleBFS,10,32,1,62,until_target_or_fixed_grid_bound,1.0,,0.0,,0.0026390000712126493,,,,,independent_queue_oracle,,,1.0,1.0,62.0,62.0,1.0
E21,boolean_pathfinding,random_carved_reachable,BooleanWavefrontFull,10,32,1,62,until_target_or_fixed_grid_bound,1.0,,0.0,,0.012993600219488144,,,,,hand_coded_boolean_recurrence,,,1.0,1.0,62.0,62.0,1.0
E21,boolean_pathfinding,random_carved_reachable,FixedK16Wavefront,10,32,1,16,fixed_16,0.0,,1.0,,0.002360299928113818,,,,,hand_coded_boolean_recurrence,,,1.0,0.0,62.0,-1.0,0.0
E21,boolean_pathfinding,random_isolated_target,OracleBFS,11,32,1,0,until_target_or_fixed_grid_bound,1.0,,0.0,,0.003039199858903885,,,,,independent_queue_oracle,,,0.0,0.0,-1.0,-1.0,1.0
E21,boolean_pathfinding,random_isolated_target,BooleanWavefrontFull,11,32,1,60,until_target_or_fixed_grid_bound,1.0,,0.0,,0.014423399930819869,,,,,hand_coded_boolean_recurrence,,,0.0,0.0,-1.0,-1.0,1.0
E21,boolean_pathfinding,random_isolated_target,FixedK16Wavefront,11,32,1,16,fixed_16,1.0,,0.0,,0.002315100049600005,,,,,hand_coded_boolean_recurrence,,,0.0,0.0,-1.0,-1.0,1.0
E21,boolean_pathfinding,long_snake_reachable,OracleBFS,12,32,1,526,until_target_or_fixed_grid_bound,1.0,,0.0,,0.001922900089994073,,,,,independent_queue_oracle,,,1.0,1.0,526.0,526.0,1.0
E21,boolean_pathfinding,long_snake_reachable,BooleanWavefrontFull,12,32,1,526,until_target_or_fixed_grid_bound,1.0,,0.0,,0.08823270001448691,,,,,hand_coded_boolean_recurrence,,,1.0,1.0,526.0,526.0,1.0
E21,boolean_pathfinding,long_snake_reachable,FixedK16Wavefront,12,32,1,16,fixed_16,0.0,,1.0,,0.002697699936106801,,,,,hand_coded_boolean_recurrence,,,1.0,0.0,526.0,-1.0,0.0
E21,boolean_pathfinding,long_snake_blocked,OracleBFS,13,32,1,0,until_target_or_fixed_grid_bound,1.0,,0.0,,0.0009895998518913984,,,,,independent_queue_oracle,,,0.0,0.0,-1.0,-1.0,1.0
E21,boolean_pathfinding,long_snake_blocked,BooleanWavefrontFull,13,32,1,280,until_target_or_fixed_grid_bound,1.0,,0.0,,0.048603100003674626,,,,,hand_coded_boolean_recurrence,,,0.0,0.0,-1.0,-1.0,1.0
E21,boolean_pathfinding,long_snake_blocked,FixedK16Wavefront,13,32,1,16,fixed_16,1.0,,0.0,,0.0032242999877780676,,,,,hand_coded_boolean_recurrence,,,0.0,0.0,-1.0,-1.0,1.0
E21,boolean_pathfinding,random_carved_reachable,OracleBFS,14,32,1,62,until_target_or_fixed_grid_bound,1.0,,0.0,,0.0033231000415980816,,,,,independent_queue_oracle,,,1.0,1.0,62.0,62.0,1.0
E21,boolean_pathfinding,random_carved_reachable,BooleanWavefrontFull,14,32,1,62,until_target_or_fixed_grid_bound,1.0,,0.0,,0.01571379997767508,,,,,hand_coded_boolean_recurrence,,,1.0,1.0,62.0,62.0,1.0
E21,boolean_pathfinding,random_carved_reachable,FixedK16Wavefront,14,32,1,16,fixed_16,0.0,,1.0,,0.008613100042566657,,,,,hand_coded_boolean_recurrence,,,1.0,0.0,62.0,-1.0,0.0
E21,boolean_pathfinding,random_isolated_target,OracleBFS,15,32,1,0,until_target_or_fixed_grid_bound,1.0,,0.0,,1.6399892047047615e-05,,,,,independent_queue_oracle,,,0.0,0.0,-1.0,-1.0,1.0
E21,boolean_pathfinding,random_isolated_target,BooleanWavefrontFull,15,32,1,1,until_target_or_fixed_grid_bound,1.0,,0.0,,0.00020039989612996578,,,,,hand_coded_boolean_recurrence,,,0.0,0.0,-1.0,-1.0,1.0
E21,boolean_pathfinding,random_isolated_target,FixedK16Wavefront,15,32,1,1,fixed_16,1.0,,0.0,,0.00015820004045963287,,,,,hand_coded_boolean_recurrence,,,0.0,0.0,-1.0,-1.0,1.0
E21,boolean_pathfinding,long_snake_reachable,OracleBFS,16,32,1,526,until_target_or_fixed_grid_bound,1.0,,0.0,,0.0019069998525083065,,,,,independent_queue_oracle,,,1.0,1.0,526.0,526.0,1.0
E21,boolean_pathfinding,long_snake_reachable,BooleanWavefrontFull,16,32,1,526,until_target_or_fixed_grid_bound,1.0,,0.0,,0.13820879999548197,,,,,hand_coded_boolean_recurrence,,,1.0,1.0,526.0,526.0,1.0
E21,boolean_pathfinding,long_snake_reachable,FixedK16Wavefront,16,32,1,16,fixed_16,0.0,,1.0,,0.0022574998438358307,,,,,hand_coded_boolean_recurrence,,,1.0,0.0,526.0,-1.0,0.0
E21,boolean_pathfinding,long_snake_blocked,OracleBFS,17,32,1,0,until_target_or_fixed_grid_bound,1.0,,0.0,,0.000993099994957447,,,,,independent_queue_oracle,,,0.0,0.0,-1.0,-1.0,1.0
E21,boolean_pathfinding,long_snake_blocked,BooleanWavefrontFull,17,32,1,280,until_target_or_fixed_grid_bound,1.0,,0.0,,0.04981529992073774,,,,,hand_coded_boolean_recurrence,,,0.0,0.0,-1.0,-1.0,1.0
E21,boolean_pathfinding,long_snake_blocked,FixedK16Wavefront,17,32,1,16,fixed_16,1.0,,0.0,,0.002244400093331933,,,,,hand_coded_boolean_recurrence,,,0.0,0.0,-1.0,-1.0,1.0
E21,boolean_pathfinding,random_carved_reachable,OracleBFS,18,32,1,62,until_target_or_fixed_grid_bound,1.0,,0.0,,0.012420699931681156,,,,,independent_queue_oracle,,,1.0,1.0,62.0,62.0,1.0
E21,boolean_pathfinding,random_carved_reachable,BooleanWavefrontFull,18,32,1,62,until_target_or_fixed_grid_bound,1.0,,0.0,,0.03316580015234649,,,,,hand_coded_boolean_recurrence,,,1.0,1.0,62.0,62.0,1.0
E21,boolean_pathfinding,random_carved_reachable,FixedK16Wavefront,18,32,1,16,fixed_16,0.0,,1.0,,0.004325399873778224,,,,,hand_coded_boolean_recurrence,,,1.0,0.0,62.0,-1.0,0.0
E21,boolean_pathfinding,random_isolated_target,OracleBFS,19,32,1,0,until_target_or_fixed_grid_bound,1.0,,0.0,,0.008323700167238712,,,,,independent_queue_oracle,,,0.0,0.0,-1.0,-1.0,1.0
E21,boolean_pathfinding,random_isolated_target,BooleanWavefrontFull,19,32,1,70,until_target_or_fixed_grid_bound,1.0,,0.0,,0.024009100161492825,,,,,hand_coded_boolean_recurrence,,,0.0,0.0,-1.0,-1.0,1.0
E21,boolean_pathfinding,random_isolated_target,FixedK16Wavefront,19,32,1,16,fixed_16,1.0,,0.0,,0.0027628999669104815,,,,,hand_coded_boolean_recurrence,,,0.0,0.0,-1.0,-1.0,1.0
E21,boolean_pathfinding,long_snake_reachable,OracleBFS,20,32,1,526,until_target_or_fixed_grid_bound,1.0,,0.0,,0.0021722998935729265,,,,,independent_queue_oracle,,,1.0,1.0,526.0,526.0,1.0
E21,boolean_pathfinding,long_snake_reachable,BooleanWavefrontFull,20,32,1,526,until_target_or_fixed_grid_bound,1.0,,0.0,,0.3215252000372857,,,,,hand_coded_boolean_recurrence,,,1.0,1.0,526.0,526.0,1.0
E21,boolean_pathfinding,long_snake_reachable,FixedK16Wavefront,20,32,1,16,fixed_16,0.0,,1.0,,0.00838000001385808,,,,,hand_coded_boolean_recurrence,,,1.0,0.0,526.0,-1.0,0.0
E21,boolean_pathfinding,long_snake_blocked,OracleBFS,21,32,1,0,until_target_or_fixed_grid_bound,1.0,,0.0,,0.0008010000456124544,,,,,independent_queue_oracle,,,0.0,0.0,-1.0,-1.0,1.0
E21,boolean_pathfinding,long_snake_blocked,BooleanWavefrontFull,21,32,1,280,until_target_or_fixed_grid_bound,1.0,,0.0,,0.04321459983475506,,,,,hand_coded_boolean_recurrence,,,0.0,0.0,-1.0,-1.0,1.0
E21,boolean_pathfinding,long_snake_blocked,FixedK16Wavefront,21,32,1,16,fixed_16,1.0,,0.0,,0.0023713000118732452,,,,,hand_coded_boolean_recurrence,,,0.0,0.0,-1.0,-1.0,1.0
E21,boolean_pathfinding,random_carved_reachable,OracleBFS,22,32,1,62,until_target_or_fixed_grid_bound,1.0,,0.0,,0.0025296001695096493,,,,,independent_queue_oracle,,,1.0,1.0,62.0,62.0,1.0
E21,boolean_pathfinding,random_carved_reachable,BooleanWavefrontFull,22,32,1,62,until_target_or_fixed_grid_bound,1.0,,0.0,,0.008272199891507626,,,,,hand_coded_boolean_recurrence,,,1.0,1.0,62.0,62.0,1.0
E21,boolean_pathfinding,random_carved_reachable,FixedK16Wavefront,22,32,1,16,fixed_16,0.0,,1.0,,0.002027299953624606,,,,,hand_coded_boolean_recurrence,,,1.0,0.0,62.0,-1.0,0.0
E21,boolean_pathfinding,random_isolated_target,OracleBFS,23,32,1,0,until_target_or_fixed_grid_bound,1.0,,0.0,,0.0026342999190092087,,,,,independent_queue_oracle,,,0.0,0.0,-1.0,-1.0,1.0
E21,boolean_pathfinding,random_isolated_target,BooleanWavefrontFull,23,32,1,66,until_target_or_fixed_grid_bound,1.0,,0.0,,0.008923799963667989,,,,,hand_coded_boolean_recurrence,,,0.0,0.0,-1.0,-1.0,1.0
E21,boolean_pathfinding,random_isolated_target,FixedK16Wavefront,23,32,1,16,fixed_16,1.0,,0.0,,0.0020961000118404627,,,,,hand_coded_boolean_recurrence,,,0.0,0.0,-1.0,-1.0,1.0
E21,boolean_pathfinding,long_snake_reachable,OracleBFS,24,32,1,526,until_target_or_fixed_grid_bound,1.0,,0.0,,0.0018634998705238104,,,,,independent_queue_oracle,,,1.0,1.0,526.0,526.0,1.0
E21,boolean_pathfinding,long_snake_reachable,BooleanWavefrontFull,24,32,1,526,until_target_or_fixed_grid_bound,1.0,,0.0,,0.07197130005806684,,,,,hand_coded_boolean_recurrence,,,1.0,1.0,526.0,526.0,1.0
E21,boolean_pathfinding,long_snake_reachable,FixedK16Wavefront,24,32,1,16,fixed_16,0.0,,1.0,,0.0023113000206649303,,,,,hand_coded_boolean_recurrence,,,1.0,0.0,526.0,-1.0,0.0
E21,boolean_pathfinding,long_snake_blocked,OracleBFS,25,32,1,0,until_target_or_fixed_grid_bound,1.0,,0.0,,0.0010218999814242125,,,,,independent_queue_oracle,,,0.0,0.0,-1.0,-1.0,1.0
E21,boolean_pathfinding,long_snake_blocked,BooleanWavefrontFull,25,32,1,280,until_target_or_fixed_grid_bound,1.0,,0.0,,0.03810679982416332,,,,,hand_coded_boolean_recurrence,,,0.0,0.0,-1.0,-1.0,1.0
E21,boolean_pathfinding,long_snake_blocked,FixedK16Wavefront,25,32,1,16,fixed_16,1.0,,0.0,,0.0021940998267382383,,,,,hand_coded_boolean_recurrence,,,0.0,0.0,-1.0,-1.0,1.0
E21,boolean_pathfinding,random_carved_reachable,OracleBFS,26,32,1,62,until_target_or_fixed_grid_bound,1.0,,0.0,,0.0028955000452697277,,,,,independent_queue_oracle,,,1.0,1.0,62.0,62.0,1.0
E21,boolean_pathfinding,random_carved_reachable,BooleanWavefrontFull,26,32,1,62,until_target_or_fixed_grid_bound,1.0,,0.0,,0.008910499978810549,,,,,hand_coded_boolean_recurrence,,,1.0,1.0,62.0,62.0,1.0
E21,boolean_pathfinding,random_carved_reachable,FixedK16Wavefront,26,32,1,16,fixed_16,0.0,,1.0,,0.0022203000262379646,,,,,hand_coded_boolean_recurrence,,,1.0,0.0,62.0,-1.0,0.0
E21,boolean_pathfinding,random_isolated_target,OracleBFS,27,32,1,0,until_target_or_fixed_grid_bound,1.0,,0.0,,0.003698500106111169,,,,,independent_queue_oracle,,,0.0,0.0,-1.0,-1.0,1.0
E21,boolean_pathfinding,random_isolated_target,BooleanWavefrontFull,27,32,1,61,until_target_or_fixed_grid_bound,1.0,,0.0,,0.008361099986359477,,,,,hand_coded_boolean_recurrence,,,0.0,0.0,-1.0,-1.0,1.0
E21,boolean_pathfinding,random_isolated_target,FixedK16Wavefront,27,32,1,16,fixed_16,1.0,,0.0,,0.0021807001903653145,,,,,hand_coded_boolean_recurrence,,,0.0,0.0,-1.0,-1.0,1.0
E21,boolean_pathfinding,long_snake_reachable,OracleBFS,28,32,1,526,until_target_or_fixed_grid_bound,1.0,,0.0,,0.005371300037950277,,,,,independent_queue_oracle,,,1.0,1.0,526.0,526.0,1.0
E21,boolean_pathfinding,long_snake_reachable,BooleanWavefrontFull,28,32,1,526,until_target_or_fixed_grid_bound,1.0,,0.0,,0.0768240001052618,,,,,hand_coded_boolean_recurrence,,,1.0,1.0,526.0,526.0,1.0
E21,boolean_pathfinding,long_snake_reachable,FixedK16Wavefront,28,32,1,16,fixed_16,0.0,,1.0,,0.002498399931937456,,,,,hand_coded_boolean_recurrence,,,1.0,0.0,526.0,-1.0,0.0
E21,boolean_pathfinding,long_snake_blocked,OracleBFS,29,32,1,0,until_target_or_fixed_grid_bound,1.0,,0.0,,0.001026500016450882,,,,,independent_queue_oracle,,,0.0,0.0,-1.0,-1.0,1.0
E21,boolean_pathfinding,long_snake_blocked,BooleanWavefrontFull,29,32,1,280,until_target_or_fixed_grid_bound,1.0,,0.0,,0.03800230007618666,,,,,hand_coded_boolean_recurrence,,,0.0,0.0,-1.0,-1.0,1.0
E21,boolean_pathfinding,long_snake_blocked,FixedK16Wavefront,29,32,1,16,fixed_16,1.0,,0.0,,0.002682100050151348,,,,,hand_coded_boolean_recurrence,,,0.0,0.0,-1.0,-1.0,1.0
E21,boolean_pathfinding,random_carved_reachable,OracleBFS,30,32,1,62,until_target_or_fixed_grid_bound,1.0,,0.0,,0.0023416001349687576,,,,,independent_queue_oracle,,,1.0,1.0,62.0,62.0,1.0
E21,boolean_pathfinding,random_carved_reachable,BooleanWavefrontFull,30,32,1,62,until_target_or_fixed_grid_bound,1.0,,0.0,,0.008736199932172894,,,,,hand_coded_boolean_recurrence,,,1.0,1.0,62.0,62.0,1.0
E21,boolean_pathfinding,random_carved_reachable,FixedK16Wavefront,30,32,1,16,fixed_16,0.0,,1.0,,0.0023990001063793898,,,,,hand_coded_boolean_recurrence,,,1.0,0.0,62.0,-1.0,0.0
E21,boolean_pathfinding,random_isolated_target,OracleBFS,31,32,1,0,until_target_or_fixed_grid_bound,1.0,,0.0,,0.003370000049471855,,,,,independent_queue_oracle,,,0.0,0.0,-1.0,-1.0,1.0
E21,boolean_pathfinding,random_isolated_target,BooleanWavefrontFull,31,32,1,63,until_target_or_fixed_grid_bound,1.0,,0.0,,0.008425700012594461,,,,,hand_coded_boolean_recurrence,,,0.0,0.0,-1.0,-1.0,1.0
E21,boolean_pathfinding,random_isolated_target,FixedK16Wavefront,31,32,1,16,fixed_16,1.0,,0.0,,0.0020830000285059214,,,,,hand_coded_boolean_recurrence,,,0.0,0.0,-1.0,-1.0,1.0
E21,boolean_pathfinding,long_snake_reachable,OracleBFS,32,32,1,526,until_target_or_fixed_grid_bound,1.0,,0.0,,0.0019662000704556704,,,,,independent_queue_oracle,,,1.0,1.0,526.0,526.0,1.0
E21,boolean_pathfinding,long_snake_reachable,BooleanWavefrontFull,32,32,1,526,until_target_or_fixed_grid_bound,1.0,,0.0,,0.07907199999317527,,,,,hand_coded_boolean_recurrence,,,1.0,1.0,526.0,526.0,1.0
E21,boolean_pathfinding,long_snake_reachable,FixedK16Wavefront,32,32,1,16,fixed_16,0.0,,1.0,,0.0022203000262379646,,,,,hand_coded_boolean_recurrence,,,1.0,0.0,526.0,-1.0,0.0
E21,boolean_pathfinding,long_snake_blocked,OracleBFS,33,32,1,0,until_target_or_fixed_grid_bound,1.0,,0.0,,0.0010428999084979296,,,,,independent_queue_oracle,,,0.0,0.0,-1.0,-1.0,1.0
E21,boolean_pathfinding,long_snake_blocked,BooleanWavefrontFull,33,32,1,280,until_target_or_fixed_grid_bound,1.0,,0.0,,0.038310599979013205,,,,,hand_coded_boolean_recurrence,,,0.0,0.0,-1.0,-1.0,1.0
E21,boolean_pathfinding,long_snake_blocked,FixedK16Wavefront,33,32,1,16,fixed_16,1.0,,0.0,,0.002404400147497654,,,,,hand_coded_boolean_recurrence,,,0.0,0.0,-1.0,-1.0,1.0
E21,boolean_pathfinding,random_carved_reachable,OracleBFS,34,32,1,62,until_target_or_fixed_grid_bound,1.0,,0.0,,0.002767600119113922,,,,,independent_queue_oracle,,,1.0,1.0,62.0,62.0,1.0
E21,boolean_pathfinding,random_carved_reachable,BooleanWavefrontFull,34,32,1,62,until_target_or_fixed_grid_bound,1.0,,0.0,,0.009877600008621812,,,,,hand_coded_boolean_recurrence,,,1.0,1.0,62.0,62.0,1.0
E21,boolean_pathfinding,random_carved_reachable,FixedK16Wavefront,34,32,1,16,fixed_16,0.0,,1.0,,0.0024564999621361494,,,,,hand_coded_boolean_recurrence,,,1.0,0.0,62.0,-1.0,0.0
E21,boolean_pathfinding,random_isolated_target,OracleBFS,35,32,1,0,until_target_or_fixed_grid_bound,1.0,,0.0,,0.00023250002413988113,,,,,independent_queue_oracle,,,0.0,0.0,-1.0,-1.0,1.0
E21,boolean_pathfinding,random_isolated_target,BooleanWavefrontFull,35,32,1,17,until_target_or_fixed_grid_bound,1.0,,0.0,,0.0026956999208778143,,,,,hand_coded_boolean_recurrence,,,0.0,0.0,-1.0,-1.0,1.0
E21,boolean_pathfinding,random_isolated_target,FixedK16Wavefront,35,32,1,16,fixed_16,1.0,,0.0,,0.0022579000797122717,,,,,hand_coded_boolean_recurrence,,,0.0,0.0,-1.0,-1.0,1.0
E21,boolean_pathfinding,long_snake_reachable,OracleBFS,36,32,1,526,until_target_or_fixed_grid_bound,1.0,,0.0,,0.002065100008621812,,,,,independent_queue_oracle,,,1.0,1.0,526.0,526.0,1.0
E21,boolean_pathfinding,long_snake_reachable,BooleanWavefrontFull,36,32,1,526,until_target_or_fixed_grid_bound,1.0,,0.0,,0.08385739987716079,,,,,hand_coded_boolean_recurrence,,,1.0,1.0,526.0,526.0,1.0
E21,boolean_pathfinding,long_snake_reachable,FixedK16Wavefront,36,32,1,16,fixed_16,0.0,,1.0,,0.0026219000574201345,,,,,hand_coded_boolean_recurrence,,,1.0,0.0,526.0,-1.0,0.0
E21,boolean_pathfinding,long_snake_blocked,OracleBFS,37,32,1,0,until_target_or_fixed_grid_bound,1.0,,0.0,,0.0010969999711960554,,,,,independent_queue_oracle,,,0.0,0.0,-1.0,-1.0,1.0
E21,boolean_pathfinding,long_snake_blocked,BooleanWavefrontFull,37,32,1,280,until_target_or_fixed_grid_bound,1.0,,0.0,,0.04308940004557371,,,,,hand_coded_boolean_recurrence,,,0.0,0.0,-1.0,-1.0,1.0
E21,boolean_pathfinding,long_snake_blocked,FixedK16Wavefront,37,32,1,16,fixed_16,1.0,,0.0,,0.0020347998943179846,,,,,hand_coded_boolean_recurrence,,,0.0,0.0,-1.0,-1.0,1.0
E21,boolean_pathfinding,random_carved_reachable,OracleBFS,38,32,1,62,until_target_or_fixed_grid_bound,1.0,,0.0,,0.0027219997718930244,,,,,independent_queue_oracle,,,1.0,1.0,62.0,62.0,1.0
E21,boolean_pathfinding,random_carved_reachable,BooleanWavefrontFull,38,32,1,62,until_target_or_fixed_grid_bound,1.0,,0.0,,0.008772199973464012,,,,,hand_coded_boolean_recurrence,,,1.0,1.0,62.0,62.0,1.0
E21,boolean_pathfinding,random_carved_reachable,FixedK16Wavefront,38,32,1,16,fixed_16,0.0,,1.0,,0.0031459000892937183,,,,,hand_coded_boolean_recurrence,,,1.0,0.0,62.0,-1.0,0.0
E21,boolean_pathfinding,random_isolated_target,OracleBFS,39,32,1,0,until_target_or_fixed_grid_bound,1.0,,0.0,,4.469999112188816e-05,,,,,independent_queue_oracle,,,0.0,0.0,-1.0,-1.0,1.0
E21,boolean_pathfinding,random_isolated_target,BooleanWavefrontFull,39,32,1,6,until_target_or_fixed_grid_bound,1.0,,0.0,,0.0008596999105066061,,,,,hand_coded_boolean_recurrence,,,0.0,0.0,-1.0,-1.0,1.0
E21,boolean_pathfinding,random_isolated_target,FixedK16Wavefront,39,32,1,6,fixed_16,1.0,,0.0,,0.0008137999102473259,,,,,hand_coded_boolean_recurrence,,,0.0,0.0,-1.0,-1.0,1.0
E21,boolean_pathfinding,long_snake_reachable,OracleBFS,0,64,1,2078,until_target_or_fixed_grid_bound,1.0,,0.0,,0.007636999944224954,,,,,independent_queue_oracle,,,1.0,1.0,2078.0,2078.0,1.0
E21,boolean_pathfinding,long_snake_reachable,BooleanWavefrontFull,0,64,1,2078,until_target_or_fixed_grid_bound,1.0,,0.0,,0.35614629997871816,,,,,hand_coded_boolean_recurrence,,,1.0,1.0,2078.0,2078.0,1.0
E21,boolean_pathfinding,long_snake_reachable,FixedK16Wavefront,0,64,1,16,fixed_16,0.0,,1.0,,0.0027735999319702387,,,,,hand_coded_boolean_recurrence,,,1.0,0.0,2078.0,-1.0,0.0
E21,boolean_pathfinding,long_snake_blocked,OracleBFS,1,64,1,0,until_target_or_fixed_grid_bound,1.0,,0.0,,0.0039663000497967005,,,,,independent_queue_oracle,,,0.0,0.0,-1.0,-1.0,1.0
E21,boolean_pathfinding,long_snake_blocked,BooleanWavefrontFull,1,64,1,1072,until_target_or_fixed_grid_bound,1.0,,0.0,,0.17061510006897151,,,,,hand_coded_boolean_recurrence,,,0.0,0.0,-1.0,-1.0,1.0
E21,boolean_pathfinding,long_snake_blocked,FixedK16Wavefront,1,64,1,16,fixed_16,1.0,,0.0,,0.0024363999255001545,,,,,hand_coded_boolean_recurrence,,,0.0,0.0,-1.0,-1.0,1.0
E21,boolean_pathfinding,random_carved_reachable,OracleBFS,2,64,1,126,until_target_or_fixed_grid_bound,1.0,,0.0,,0.01224549999460578,,,,,independent_queue_oracle,,,1.0,1.0,126.0,126.0,1.0
E21,boolean_pathfinding,random_carved_reachable,BooleanWavefrontFull,2,64,1,126,until_target_or_fixed_grid_bound,1.0,,0.0,,0.022672099992632866,,,,,hand_coded_boolean_recurrence,,,1.0,1.0,126.0,126.0,1.0
E21,boolean_pathfinding,random_carved_reachable,FixedK16Wavefront,2,64,1,16,fixed_16,0.0,,1.0,,0.0023719999007880688,,,,,hand_coded_boolean_recurrence,,,1.0,0.0,126.0,-1.0,0.0
E21,boolean_pathfinding,random_isolated_target,OracleBFS,3,64,1,0,until_target_or_fixed_grid_bound,1.0,,0.0,,0.01146159996278584,,,,,independent_queue_oracle,,,0.0,0.0,-1.0,-1.0,1.0
E21,boolean_pathfinding,random_isolated_target,BooleanWavefrontFull,3,64,1,127,until_target_or_fixed_grid_bound,1.0,,0.0,,0.019310600124299526,,,,,hand_coded_boolean_recurrence,,,0.0,0.0,-1.0,-1.0,1.0
E21,boolean_pathfinding,random_isolated_target,FixedK16Wavefront,3,64,1,16,fixed_16,1.0,,0.0,,0.0022871000692248344,,,,,hand_coded_boolean_recurrence,,,0.0,0.0,-1.0,-1.0,1.0
E21,boolean_pathfinding,long_snake_reachable,OracleBFS,4,64,1,2078,until_target_or_fixed_grid_bound,1.0,,0.0,,0.008176200091838837,,,,,independent_queue_oracle,,,1.0,1.0,2078.0,2078.0,1.0
E21,boolean_pathfinding,long_snake_reachable,BooleanWavefrontFull,4,64,1,2078,until_target_or_fixed_grid_bound,1.0,,0.0,,0.34547269996255636,,,,,hand_coded_boolean_recurrence,,,1.0,1.0,2078.0,2078.0,1.0
E21,boolean_pathfinding,long_snake_reachable,FixedK16Wavefront,4,64,1,16,fixed_16,0.0,,1.0,,0.0033050000201910734,,,,,hand_coded_boolean_recurrence,,,1.0,0.0,2078.0,-1.0,0.0
E21,boolean_pathfinding,long_snake_blocked,OracleBFS,5,64,1,0,until_target_or_fixed_grid_bound,1.0,,0.0,,0.003805199870839715,,,,,independent_queue_oracle,,,0.0,0.0,-1.0,-1.0,1.0
E21,boolean_pathfinding,long_snake_blocked,BooleanWavefrontFull,5,64,1,1072,until_target_or_fixed_grid_bound,1.0,,0.0,,0.19810930010862648,,,,,hand_coded_boolean_recurrence,,,0.0,0.0,-1.0,-1.0,1.0
E21,boolean_pathfinding,long_snake_blocked,FixedK16Wavefront,5,64,1,16,fixed_16,1.0,,0.0,,0.00289609981700778,,,,,hand_coded_boolean_recurrence,,,0.0,0.0,-1.0,-1.0,1.0
E21,boolean_pathfinding,random_carved_reachable,OracleBFS,6,64,1,126,until_target_or_fixed_grid_bound,1.0,,0.0,,0.013077200157567859,,,,,independent_queue_oracle,,,1.0,1.0,126.0,126.0,1.0
E21,boolean_pathfinding,random_carved_reachable,BooleanWavefrontFull,6,64,1,126,until_target_or_fixed_grid_bound,1.0,,0.0,,0.022355500143021345,,,,,hand_coded_boolean_recurrence,,,1.0,1.0,126.0,126.0,1.0
E21,boolean_pathfinding,random_carved_reachable,FixedK16Wavefront,6,64,1,16,fixed_16,0.0,,1.0,,0.0029368000105023384,,,,,hand_coded_boolean_recurrence,,,1.0,0.0,126.0,-1.0,0.0
E21,boolean_pathfinding,random_isolated_target,OracleBFS,7,64,1,0,until_target_or_fixed_grid_bound,1.0,,0.0,,3.0399998649954796e-05,,,,,independent_queue_oracle,,,0.0,0.0,-1.0,-1.0,1.0
E21,boolean_pathfinding,random_isolated_target,BooleanWavefrontFull,7,64,1,3,until_target_or_fixed_grid_bound,1.0,,0.0,,0.00048750010319054127,,,,,hand_coded_boolean_recurrence,,,0.0,0.0,-1.0,-1.0,1.0
E21,boolean_pathfinding,random_isolated_target,FixedK16Wavefront,7,64,1,3,fixed_16,1.0,,0.0,,0.000651900190860033,,,,,hand_coded_boolean_recurrence,,,0.0,0.0,-1.0,-1.0,1.0
E21,boolean_pathfinding,long_snake_reachable,OracleBFS,8,64,1,2078,until_target_or_fixed_grid_bound,1.0,,0.0,,0.007833299925550818,,,,,independent_queue_oracle,,,1.0,1.0,2078.0,2078.0,1.0
E21,boolean_pathfinding,long_snake_reachable,BooleanWavefrontFull,8,64,1,2078,until_target_or_fixed_grid_bound,1.0,,0.0,,0.33311479981057346,,,,,hand_coded_boolean_recurrence,,,1.0,1.0,2078.0,2078.0,1.0
E21,boolean_pathfinding,long_snake_reachable,FixedK16Wavefront,8,64,1,16,fixed_16,0.0,,1.0,,0.0025953000877052546,,,,,hand_coded_boolean_recurrence,,,1.0,0.0,2078.0,-1.0,0.0
E21,boolean_pathfinding,long_snake_blocked,OracleBFS,9,64,1,0,until_target_or_fixed_grid_bound,1.0,,0.0,,0.0038451000582426786,,,,,independent_queue_oracle,,,0.0,0.0,-1.0,-1.0,1.0
E21,boolean_pathfinding,long_snake_blocked,BooleanWavefrontFull,9,64,1,1072,until_target_or_fixed_grid_bound,1.0,,0.0,,0.16720749996602535,,,,,hand_coded_boolean_recurrence,,,0.0,0.0,-1.0,-1.0,1.0
E21,boolean_pathfinding,long_snake_blocked,FixedK16Wavefront,9,64,1,16,fixed_16,1.0,,0.0,,0.002466800156980753,,,,,hand_coded_boolean_recurrence,,,0.0,0.0,-1.0,-1.0,1.0
E21,boolean_pathfinding,random_carved_reachable,OracleBFS,10,64,1,126,until_target_or_fixed_grid_bound,1.0,,0.0,,0.011906200088560581,,,,,independent_queue_oracle,,,1.0,1.0,126.0,126.0,1.0
E21,boolean_pathfinding,random_carved_reachable,BooleanWavefrontFull,10,64,1,126,until_target_or_fixed_grid_bound,1.0,,0.0,,0.02052289992570877,,,,,hand_coded_boolean_recurrence,,,1.0,1.0,126.0,126.0,1.0
E21,boolean_pathfinding,random_carved_reachable,FixedK16Wavefront,10,64,1,16,fixed_16,0.0,,1.0,,0.002786500146612525,,,,,hand_coded_boolean_recurrence,,,1.0,0.0,126.0,-1.0,0.0
E21,boolean_pathfinding,random_isolated_target,OracleBFS,11,64,1,0,until_target_or_fixed_grid_bound,1.0,,0.0,,0.010730900103226304,,,,,independent_queue_oracle,,,0.0,0.0,-1.0,-1.0,1.0
E21,boolean_pathfinding,random_isolated_target,BooleanWavefrontFull,11,64,1,132,until_target_or_fixed_grid_bound,1.0,,0.0,,0.022578100208193064,,,,,hand_coded_boolean_recurrence,,,0.0,0.0,-1.0,-1.0,1.0
E21,boolean_pathfinding,random_isolated_target,FixedK16Wavefront,11,64,1,16,fixed_16,1.0,,0.0,,0.0025524001102894545,,,,,hand_coded_boolean_recurrence,,,0.0,0.0,-1.0,-1.0,1.0
E21,boolean_pathfinding,long_snake_reachable,OracleBFS,12,64,1,2078,until_target_or_fixed_grid_bound,1.0,,0.0,,0.007425500079989433,,,,,independent_queue_oracle,,,1.0,1.0,2078.0,2078.0,1.0
E21,boolean_pathfinding,long_snake_reachable,BooleanWavefrontFull,12,64,1,2078,until_target_or_fixed_grid_bound,1.0,,0.0,,0.372660200111568,,,,,hand_coded_boolean_recurrence,,,1.0,1.0,2078.0,2078.0,1.0
E21,boolean_pathfinding,long_snake_reachable,FixedK16Wavefront,12,64,1,16,fixed_16,0.0,,1.0,,0.0026670999359339476,,,,,hand_coded_boolean_recurrence,,,1.0,0.0,2078.0,-1.0,0.0
E21,boolean_pathfinding,long_snake_blocked,OracleBFS,13,64,1,0,until_target_or_fixed_grid_bound,1.0,,0.0,,0.0039623999036848545,,,,,independent_queue_oracle,,,0.0,0.0,-1.0,-1.0,1.0
E21,boolean_pathfinding,long_snake_blocked,BooleanWavefrontFull,13,64,1,1072,until_target_or_fixed_grid_bound,1.0,,0.0,,0.21167350001633167,,,,,hand_coded_boolean_recurrence,,,0.0,0.0,-1.0,-1.0,1.0
E21,boolean_pathfinding,long_snake_blocked,FixedK16Wavefront,13,64,1,16,fixed_16,1.0,,0.0,,0.0023674999829381704,,,,,hand_coded_boolean_recurrence,,,0.0,0.0,-1.0,-1.0,1.0
E21,boolean_pathfinding,random_carved_reachable,OracleBFS,14,64,1,126,until_target_or_fixed_grid_bound,1.0,,0.0,,0.013867100002244115,,,,,independent_queue_oracle,,,1.0,1.0,126.0,126.0,1.0
E21,boolean_pathfinding,random_carved_reachable,BooleanWavefrontFull,14,64,1,126,until_target_or_fixed_grid_bound,1.0,,0.0,,0.026936700101941824,,,,,hand_coded_boolean_recurrence,,,1.0,1.0,126.0,126.0,1.0
E21,boolean_pathfinding,random_carved_reachable,FixedK16Wavefront,14,64,1,16,fixed_16,0.0,,1.0,,0.002673099981620908,,,,,hand_coded_boolean_recurrence,,,1.0,0.0,126.0,-1.0,0.0
E21,boolean_pathfinding,random_isolated_target,OracleBFS,15,64,1,0,until_target_or_fixed_grid_bound,1.0,,0.0,,0.01722809998318553,,,,,independent_queue_oracle,,,0.0,0.0,-1.0,-1.0,1.0
E21,boolean_pathfinding,random_isolated_target,BooleanWavefrontFull,15,64,1,130,until_target_or_fixed_grid_bound,1.0,,0.0,,0.027712400071322918,,,,,hand_coded_boolean_recurrence,,,0.0,0.0,-1.0,-1.0,1.0
E21,boolean_pathfinding,random_isolated_target,FixedK16Wavefront,15,64,1,16,fixed_16,1.0,,0.0,,0.01021259999834001,,,,,hand_coded_boolean_recurrence,,,0.0,0.0,-1.0,-1.0,1.0
E21,boolean_pathfinding,long_snake_reachable,OracleBFS,16,64,1,2078,until_target_or_fixed_grid_bound,1.0,,0.0,,0.009392899926751852,,,,,independent_queue_oracle,,,1.0,1.0,2078.0,2078.0,1.0
E21,boolean_pathfinding,long_snake_reachable,BooleanWavefrontFull,16,64,1,2078,until_target_or_fixed_grid_bound,1.0,,0.0,,0.5799165000207722,,,,,hand_coded_boolean_recurrence,,,1.0,1.0,2078.0,2078.0,1.0
E21,boolean_pathfinding,long_snake_reachable,FixedK16Wavefront,16,64,1,16,fixed_16,0.0,,1.0,,0.011985199991613626,,,,,hand_coded_boolean_recurrence,,,1.0,0.0,2078.0,-1.0,0.0
E21,boolean_pathfinding,long_snake_blocked,OracleBFS,17,64,1,0,until_target_or_fixed_grid_bound,1.0,,0.0,,0.005085299955680966,,,,,independent_queue_oracle,,,0.0,0.0,-1.0,-1.0,1.0
E21,boolean_pathfinding,long_snake_blocked,BooleanWavefrontFull,17,64,1,1072,until_target_or_fixed_grid_bound,1.0,,0.0,,0.3088674999307841,,,,,hand_coded_boolean_recurrence,,,0.0,0.0,-1.0,-1.0,1.0
E21,boolean_pathfinding,long_snake_blocked,FixedK16Wavefront,17,64,1,16,fixed_16,1.0,,0.0,,0.0028492999263107777,,,,,hand_coded_boolean_recurrence,,,0.0,0.0,-1.0,-1.0,1.0
E21,boolean_pathfinding,random_carved_reachable,OracleBFS,18,64,1,126,until_target_or_fixed_grid_bound,1.0,,0.0,,0.012119000079110265,,,,,independent_queue_oracle,,,1.0,1.0,126.0,126.0,1.0
E21,boolean_pathfinding,random_carved_reachable,BooleanWavefrontFull,18,64,1,126,until_target_or_fixed_grid_bound,1.0,,0.0,,0.021603700006380677,,,,,hand_coded_boolean_recurrence,,,1.0,1.0,126.0,126.0,1.0
E21,boolean_pathfinding,random_carved_reachable,FixedK16Wavefront,18,64,1,16,fixed_16,0.0,,1.0,,0.0029629000928252935,,,,,hand_coded_boolean_recurrence,,,1.0,0.0,126.0,-1.0,0.0
E21,boolean_pathfinding,random_isolated_target,OracleBFS,19,64,1,0,until_target_or_fixed_grid_bound,1.0,,0.0,,0.012081900145858526,,,,,independent_queue_oracle,,,0.0,0.0,-1.0,-1.0,1.0
E21,boolean_pathfinding,random_isolated_target,BooleanWavefrontFull,19,64,1,127,until_target_or_fixed_grid_bound,1.0,,0.0,,0.030648099957033992,,,,,hand_coded_boolean_recurrence,,,0.0,0.0,-1.0,-1.0,1.0
E21,boolean_pathfinding,random_isolated_target,FixedK16Wavefront,19,64,1,16,fixed_16,1.0,,0.0,,0.005123399896547198,,,,,hand_coded_boolean_recurrence,,,0.0,0.0,-1.0,-1.0,1.0
E21,boolean_pathfinding,long_snake_reachable,OracleBFS,20,64,1,2078,until_target_or_fixed_grid_bound,1.0,,0.0,,0.010718300007283688,,,,,independent_queue_oracle,,,1.0,1.0,2078.0,2078.0,1.0
E21,boolean_pathfinding,long_snake_reachable,BooleanWavefrontFull,20,64,1,2078,until_target_or_fixed_grid_bound,1.0,,0.0,,0.42128279991447926,,,,,hand_coded_boolean_recurrence,,,1.0,1.0,2078.0,2078.0,1.0
E21,boolean_pathfinding,long_snake_reachable,FixedK16Wavefront,20,64,1,16,fixed_16,0.0,,1.0,,0.002726099919527769,,,,,hand_coded_boolean_recurrence,,,1.0,0.0,2078.0,-1.0,0.0
E21,boolean_pathfinding,long_snake_blocked,OracleBFS,21,64,1,0,until_target_or_fixed_grid_bound,1.0,,0.0,,0.00543770007789135,,,,,independent_queue_oracle,,,0.0,0.0,-1.0,-1.0,1.0
E21,boolean_pathfinding,long_snake_blocked,BooleanWavefrontFull,21,64,1,1072,until_target_or_fixed_grid_bound,1.0,,0.0,,0.19293530005961657,,,,,hand_coded_boolean_recurrence,,,0.0,0.0,-1.0,-1.0,1.0
E21,boolean_pathfinding,long_snake_blocked,FixedK16Wavefront,21,64,1,16,fixed_16,1.0,,0.0,,0.002252899808809161,,,,,hand_coded_boolean_recurrence,,,0.0,0.0,-1.0,-1.0,1.0
E21,boolean_pathfinding,random_carved_reachable,OracleBFS,22,64,1,126,until_target_or_fixed_grid_bound,1.0,,0.0,,0.016228199936449528,,,,,independent_queue_oracle,,,1.0,1.0,126.0,126.0,1.0
E21,boolean_pathfinding,random_carved_reachable,BooleanWavefrontFull,22,64,1,126,until_target_or_fixed_grid_bound,1.0,,0.0,,0.08121449989266694,,,,,hand_coded_boolean_recurrence,,,1.0,1.0,126.0,126.0,1.0
E21,boolean_pathfinding,random_carved_reachable,FixedK16Wavefront,22,64,1,16,fixed_16,0.0,,1.0,,0.006893200101330876,,,,,hand_coded_boolean_recurrence,,,1.0,0.0,126.0,-1.0,0.0
E21,boolean_pathfinding,random_isolated_target,OracleBFS,23,64,1,0,until_target_or_fixed_grid_bound,1.0,,0.0,,2.9399991035461426e-05,,,,,independent_queue_oracle,,,0.0,0.0,-1.0,-1.0,1.0
E21,boolean_pathfinding,random_isolated_target,BooleanWavefrontFull,23,64,1,2,until_target_or_fixed_grid_bound,1.0,,0.0,,0.0004624000284820795,,,,,hand_coded_boolean_recurrence,,,0.0,0.0,-1.0,-1.0,1.0
E21,boolean_pathfinding,random_isolated_target,FixedK16Wavefront,23,64,1,2,fixed_16,1.0,,0.0,,0.0005095000378787518,,,,,hand_coded_boolean_recurrence,,,0.0,0.0,-1.0,-1.0,1.0
E21,boolean_pathfinding,long_snake_reachable,OracleBFS,24,64,1,2078,until_target_or_fixed_grid_bound,1.0,,0.0,,0.009988800156861544,,,,,independent_queue_oracle,,,1.0,1.0,2078.0,2078.0,1.0
E21,boolean_pathfinding,long_snake_reachable,BooleanWavefrontFull,24,64,1,2078,until_target_or_fixed_grid_bound,1.0,,0.0,,0.37004139996133745,,,,,hand_coded_boolean_recurrence,,,1.0,1.0,2078.0,2078.0,1.0
E21,boolean_pathfinding,long_snake_reachable,FixedK16Wavefront,24,64,1,16,fixed_16,0.0,,1.0,,0.003271500114351511,,,,,hand_coded_boolean_recurrence,,,1.0,0.0,2078.0,-1.0,0.0
E21,boolean_pathfinding,long_snake_blocked,OracleBFS,25,64,1,0,until_target_or_fixed_grid_bound,1.0,,0.0,,0.003972599981352687,,,,,independent_queue_oracle,,,0.0,0.0,-1.0,-1.0,1.0
E21,boolean_pathfinding,long_snake_blocked,BooleanWavefrontFull,25,64,1,1072,until_target_or_fixed_grid_bound,1.0,,0.0,,0.1822003999259323,,,,,hand_coded_boolean_recurrence,,,0.0,0.0,-1.0,-1.0,1.0
E21,boolean_pathfinding,long_snake_blocked,FixedK16Wavefront,25,64,1,16,fixed_16,1.0,,0.0,,0.002434500027447939,,,,,hand_coded_boolean_recurrence,,,0.0,0.0,-1.0,-1.0,1.0
E21,boolean_pathfinding,random_carved_reachable,OracleBFS,26,64,1,126,until_target_or_fixed_grid_bound,1.0,,0.0,,0.01088980003260076,,,,,independent_queue_oracle,,,1.0,1.0,126.0,126.0,1.0
E21,boolean_pathfinding,random_carved_reachable,BooleanWavefrontFull,26,64,1,126,until_target_or_fixed_grid_bound,1.0,,0.0,,0.020054299850016832,,,,,hand_coded_boolean_recurrence,,,1.0,1.0,126.0,126.0,1.0
E21,boolean_pathfinding,random_carved_reachable,FixedK16Wavefront,26,64,1,16,fixed_16,0.0,,1.0,,0.002598999999463558,,,,,hand_coded_boolean_recurrence,,,1.0,0.0,126.0,-1.0,0.0
E21,boolean_pathfinding,random_isolated_target,OracleBFS,27,64,1,0,until_target_or_fixed_grid_bound,1.0,,0.0,,0.012011599959805608,,,,,independent_queue_oracle,,,0.0,0.0,-1.0,-1.0,1.0
E21,boolean_pathfinding,random_isolated_target,BooleanWavefrontFull,27,64,1,128,until_target_or_fixed_grid_bound,1.0,,0.0,,0.020624299999326468,,,,,hand_coded_boolean_recurrence,,,0.0,0.0,-1.0,-1.0,1.0
E21,boolean_pathfinding,random_isolated_target,FixedK16Wavefront,27,64,1,16,fixed_16,1.0,,0.0,,0.003389600198715925,,,,,hand_coded_boolean_recurrence,,,0.0,0.0,-1.0,-1.0,1.0
E21,boolean_pathfinding,long_snake_reachable,OracleBFS,28,64,1,2078,until_target_or_fixed_grid_bound,1.0,,0.0,,0.007722500013187528,,,,,independent_queue_oracle,,,1.0,1.0,2078.0,2078.0,1.0
E21,boolean_pathfinding,long_snake_reachable,BooleanWavefrontFull,28,64,1,2078,until_target_or_fixed_grid_bound,1.0,,0.0,,0.4561302999500185,,,,,hand_coded_boolean_recurrence,,,1.0,1.0,2078.0,2078.0,1.0
E21,boolean_pathfinding,long_snake_reachable,FixedK16Wavefront,28,64,1,16,fixed_16,0.0,,1.0,,0.0034630000591278076,,,,,hand_coded_boolean_recurrence,,,1.0,0.0,2078.0,-1.0,0.0
E21,boolean_pathfinding,long_snake_blocked,OracleBFS,29,64,1,0,until_target_or_fixed_grid_bound,1.0,,0.0,,0.010396699886769056,,,,,independent_queue_oracle,,,0.0,0.0,-1.0,-1.0,1.0
E21,boolean_pathfinding,long_snake_blocked,BooleanWavefrontFull,29,64,1,1072,until_target_or_fixed_grid_bound,1.0,,0.0,,0.398397299926728,,,,,hand_coded_boolean_recurrence,,,0.0,0.0,-1.0,-1.0,1.0
E21,boolean_pathfinding,long_snake_blocked,FixedK16Wavefront,29,64,1,16,fixed_16,1.0,,0.0,,0.0032022001687437296,,,,,hand_coded_boolean_recurrence,,,0.0,0.0,-1.0,-1.0,1.0
E21,boolean_pathfinding,random_carved_reachable,OracleBFS,30,64,1,126,until_target_or_fixed_grid_bound,1.0,,0.0,,0.007704300107434392,,,,,independent_queue_oracle,,,1.0,1.0,126.0,126.0,1.0
E21,boolean_pathfinding,random_carved_reachable,BooleanWavefrontFull,30,64,1,126,until_target_or_fixed_grid_bound,1.0,,0.0,,0.022682500071823597,,,,,hand_coded_boolean_recurrence,,,1.0,1.0,126.0,126.0,1.0
E21,boolean_pathfinding,random_carved_reachable,FixedK16Wavefront,30,64,1,16,fixed_16,0.0,,1.0,,0.0023529999889433384,,,,,hand_coded_boolean_recurrence,,,1.0,0.0,126.0,-1.0,0.0
E21,boolean_pathfinding,random_isolated_target,OracleBFS,31,64,1,0,until_target_or_fixed_grid_bound,1.0,,0.0,,1.7300015315413475e-05,,,,,independent_queue_oracle,,,0.0,0.0,-1.0,-1.0,1.0
E21,boolean_pathfinding,random_isolated_target,BooleanWavefrontFull,31,64,1,1,until_target_or_fixed_grid_bound,1.0,,0.0,,0.00020549981854856014,,,,,hand_coded_boolean_recurrence,,,0.0,0.0,-1.0,-1.0,1.0
E21,boolean_pathfinding,random_isolated_target,FixedK16Wavefront,31,64,1,1,fixed_16,1.0,,0.0,,0.00017630006186664104,,,,,hand_coded_boolean_recurrence,,,0.0,0.0,-1.0,-1.0,1.0
E21,boolean_pathfinding,long_snake_reachable,OracleBFS,32,64,1,2078,until_target_or_fixed_grid_bound,1.0,,0.0,,0.009250300005078316,,,,,independent_queue_oracle,,,1.0,1.0,2078.0,2078.0,1.0
E21,boolean_pathfinding,long_snake_reachable,BooleanWavefrontFull,32,64,1,2078,until_target_or_fixed_grid_bound,1.0,,0.0,,0.6996049999725074,,,,,hand_coded_boolean_recurrence,,,1.0,1.0,2078.0,2078.0,1.0
E21,boolean_pathfinding,long_snake_reachable,FixedK16Wavefront,32,64,1,16,fixed_16,0.0,,1.0,,0.011485700029879808,,,,,hand_coded_boolean_recurrence,,,1.0,0.0,2078.0,-1.0,0.0
E21,boolean_pathfinding,long_snake_blocked,OracleBFS,33,64,1,0,until_target_or_fixed_grid_bound,1.0,,0.0,,0.03284600004553795,,,,,independent_queue_oracle,,,0.0,0.0,-1.0,-1.0,1.0
E21,boolean_pathfinding,long_snake_blocked,BooleanWavefrontFull,33,64,1,1072,until_target_or_fixed_grid_bound,1.0,,0.0,,0.31596369994804263,,,,,hand_coded_boolean_recurrence,,,0.0,0.0,-1.0,-1.0,1.0
E21,boolean_pathfinding,long_snake_blocked,FixedK16Wavefront,33,64,1,16,fixed_16,1.0,,0.0,,0.0035059999208897352,,,,,hand_coded_boolean_recurrence,,,0.0,0.0,-1.0,-1.0,1.0
E21,boolean_pathfinding,random_carved_reachable,OracleBFS,34,64,1,126,until_target_or_fixed_grid_bound,1.0,,0.0,,0.038799700094386935,,,,,independent_queue_oracle,,,1.0,1.0,126.0,126.0,1.0
E21,boolean_pathfinding,random_carved_reachable,BooleanWavefrontFull,34,64,1,126,until_target_or_fixed_grid_bound,1.0,,0.0,,0.059037100058048964,,,,,hand_coded_boolean_recurrence,,,1.0,1.0,126.0,126.0,1.0
E21,boolean_pathfinding,random_carved_reachable,FixedK16Wavefront,34,64,1,16,fixed_16,0.0,,1.0,,0.03295419993810356,,,,,hand_coded_boolean_recurrence,,,1.0,0.0,126.0,-1.0,0.0
E21,boolean_pathfinding,random_isolated_target,OracleBFS,35,64,1,0,until_target_or_fixed_grid_bound,1.0,,0.0,,0.015560399973765016,,,,,independent_queue_oracle,,,0.0,0.0,-1.0,-1.0,1.0
E21,boolean_pathfinding,random_isolated_target,BooleanWavefrontFull,35,64,1,134,until_target_or_fixed_grid_bound,1.0,,0.0,,0.05198059999383986,,,,,hand_coded_boolean_recurrence,,,0.0,0.0,-1.0,-1.0,1.0
E21,boolean_pathfinding,random_isolated_target,FixedK16Wavefront,35,64,1,16,fixed_16,1.0,,0.0,,0.003784300060942769,,,,,hand_coded_boolean_recurrence,,,0.0,0.0,-1.0,-1.0,1.0
E21,boolean_pathfinding,long_snake_reachable,OracleBFS,36,64,1,2078,until_target_or_fixed_grid_bound,1.0,,0.0,,0.009986199904233217,,,,,independent_queue_oracle,,,1.0,1.0,2078.0,2078.0,1.0
E21,boolean_pathfinding,long_snake_reachable,BooleanWavefrontFull,36,64,1,2078,until_target_or_fixed_grid_bound,1.0,,0.0,,0.7422267000656575,,,,,hand_coded_boolean_recurrence,,,1.0,1.0,2078.0,2078.0,1.0
E21,boolean_pathfinding,long_snake_reachable,FixedK16Wavefront,36,64,1,16,fixed_16,0.0,,1.0,,0.00700029986910522,,,,,hand_coded_boolean_recurrence,,,1.0,0.0,2078.0,-1.0,0.0
E21,boolean_pathfinding,long_snake_blocked,OracleBFS,37,64,1,0,until_target_or_fixed_grid_bound,1.0,,0.0,,0.0035618001129478216,,,,,independent_queue_oracle,,,0.0,0.0,-1.0,-1.0,1.0
E21,boolean_pathfinding,long_snake_blocked,BooleanWavefrontFull,37,64,1,1072,until_target_or_fixed_grid_bound,1.0,,0.0,,0.26567000010982156,,,,,hand_coded_boolean_recurrence,,,0.0,0.0,-1.0,-1.0,1.0
E21,boolean_pathfinding,long_snake_blocked,FixedK16Wavefront,37,64,1,16,fixed_16,1.0,,0.0,,0.013293999945744872,,,,,hand_coded_boolean_recurrence,,,0.0,0.0,-1.0,-1.0,1.0
E21,boolean_pathfinding,random_carved_reachable,OracleBFS,38,64,1,126,until_target_or_fixed_grid_bound,1.0,,0.0,,0.02923640003427863,,,,,independent_queue_oracle,,,1.0,1.0,126.0,126.0,1.0
E21,boolean_pathfinding,random_carved_reachable,BooleanWavefrontFull,38,64,1,126,until_target_or_fixed_grid_bound,1.0,,0.0,,0.041305100079625845,,,,,hand_coded_boolean_recurrence,,,1.0,1.0,126.0,126.0,1.0
E21,boolean_pathfinding,random_carved_reachable,FixedK16Wavefront,38,64,1,16,fixed_16,0.0,,1.0,,0.011349499924108386,,,,,hand_coded_boolean_recurrence,,,1.0,0.0,126.0,-1.0,0.0
E21,boolean_pathfinding,random_isolated_target,OracleBFS,39,64,1,0,until_target_or_fixed_grid_bound,1.0,,0.0,,0.01937190000899136,,,,,independent_queue_oracle,,,0.0,0.0,-1.0,-1.0,1.0
E21,boolean_pathfinding,random_isolated_target,BooleanWavefrontFull,39,64,1,123,until_target_or_fixed_grid_bound,1.0,,0.0,,0.03861039993353188,,,,,hand_coded_boolean_recurrence,,,0.0,0.0,-1.0,-1.0,1.0
E21,boolean_pathfinding,random_isolated_target,FixedK16Wavefront,39,64,1,16,fixed_16,1.0,,0.0,,0.0027022999711334705,,,,,hand_coded_boolean_recurrence,,,0.0,0.0,-1.0,-1.0,1.0
