experiment,task,method,seed,spatial_cells,steps,state_bits_per_cell,single_state_storage_bits,synchronous_double_buffer_bits,update_fraction,expected_cell_updates,evaluated_gates_per_cell,expected_gate_evaluations,total_network_gates,reachable_network_gates,active_network_gates,model_description_bits,amortized_model_bits_per_cell_update,residual_bits,total_description_bits,note
E19,eca_rule_30,ExactFormulaCircuit,19110,257,128,1,257,514,1.0,32896.0,2,65792.0,2,2,2,47,0.0014287451361867703,1,48,Formula-tree optimum under AND/OR/XOR/NAND; not a hardware minimum.
E19,eca_rule_30,Wolfram8BitLUT,19110,257,128,1,257,514,1.0,32896.0,0,0.0,0,0,0,35,0.0010639591439688715,1,36,One LUT lookup per cell update is recorded outside binary-gate evaluations.
E19,eca_rule_90,ExactFormulaCircuit,19110,257,128,1,257,514,1.0,32896.0,1,32896.0,1,1,1,40,0.0012159533073929961,1,41,Formula-tree optimum under AND/OR/XOR/NAND; not a hardware minimum.
E19,eca_rule_90,Wolfram8BitLUT,19110,257,128,1,257,514,1.0,32896.0,0,0.0,0,0,0,35,0.0010639591439688715,1,36,One LUT lookup per cell update is recorded outside binary-gate evaluations.
E19,eca_rule_110,ExactFormulaCircuit,19110,257,128,1,257,514,1.0,32896.0,4,131584.0,4,4,4,64,0.0019455252918287938,1,65,Formula-tree optimum under AND/OR/XOR/NAND; not a hardware minimum.
E19,eca_rule_110,Wolfram8BitLUT,19110,257,128,1,257,514,1.0,32896.0,0,0.0,0,0,0,35,0.0010639591439688715,1,36,One LUT lookup per cell update is recorded outside binary-gate evaluations.
E19,eca_rule_150,ExactFormulaCircuit,19110,257,128,1,257,514,1.0,32896.0,2,65792.0,2,2,2,47,0.0014287451361867703,1,48,Formula-tree optimum under AND/OR/XOR/NAND; not a hardware minimum.
E19,eca_rule_150,Wolfram8BitLUT,19110,257,128,1,257,514,1.0,32896.0,0,0.0,0,0,0,35,0.0010639591439688715,1,36,One LUT lookup per cell update is recorded outside binary-gate evaluations.
E19,eca_rule_184,ExactFormulaCircuit,19110,257,128,1,257,514,1.0,32896.0,3,98688.0,3,3,3,55,0.0016719357976653696,1,56,Formula-tree optimum under AND/OR/XOR/NAND; not a hardware minimum.
E19,eca_rule_184,Wolfram8BitLUT,19110,257,128,1,257,514,1.0,32896.0,0,0.0,0,0,0,35,0.0010639591439688715,1,36,One LUT lookup per cell update is recorded outside binary-gate evaluations.
E19,eca_rule_204,ExactFormulaCircuit,19110,257,128,1,257,514,1.0,32896.0,0,0.0,0,0,0,31,0.000942363813229572,1,32,Formula-tree optimum under AND/OR/XOR/NAND; not a hardware minimum.
E19,eca_rule_204,Wolfram8BitLUT,19110,257,128,1,257,514,1.0,32896.0,0,0.0,0,0,0,35,0.0010639591439688715,1,36,One LUT lookup per cell update is recorded outside binary-gate evaluations.
E19,game_of_life,LifeLikeB3S23,-1,4096,64,1,4096,8192,1.0,262144.0,2,524288.0,2,2,2,42,0.00016021728515625,1,43,B/S rule is 18 bits; neighbor counting/comparisons are separate arithmetic work.
E20,density_classification,majority,0,149000,298,1,149000,298000,1.0,44402000.0,0,0.0,0,0,0,157,3.535876762308004e-06,1007,1164,"128-bit radius-3 LUT paid once; dynamic column is LUT updates, not binary-gate PPA."
E20,density_classification,block_expand,0,149000,298,1,149000,298000,1.0,44402000.0,0,0.0,0,0,0,157,3.535876762308004e-06,948,1105,"128-bit radius-3 LUT paid once; dynamic column is LUT updates, not binary-gate PPA."
E20,density_classification,particle,0,149000,298,1,149000,298000,1.0,44402000.0,0,0.0,0,0,0,157,3.535876762308004e-06,739,896,"128-bit radius-3 LUT paid once; dynamic column is LUT updates, not binary-gate PPA."
E20,density_classification,gkl,0,149000,298,1,149000,298000,1.0,44402000.0,0,0.0,0,0,0,157,3.535876762308004e-06,698,855,"128-bit radius-3 LUT paid once; dynamic column is LUT updates, not binary-gate PPA."
E20,global_synchronization,phi_sync,0,149000,299,1,149000,298000,1.0,44551000.0,0,0.0,0,0,0,157,3.5240510875176764e-06,1,158,Decision state is at M=2N; one charged update validates a uniform complementary successor; no partial credit.
E20,global_synchronization,naive_oscillator,0,149000,299,1,149000,298000,1.0,44551000.0,0,0.0,0,0,0,157,3.5240510875176764e-06,1006,1163,Decision state is at M=2N; one charged update validates a uniform complementary successor; no partial credit.
E20,density_classification,majority,1,149000,298,1,149000,298000,1.0,44402000.0,0,0.0,0,0,0,157,3.535876762308004e-06,1010,1167,"128-bit radius-3 LUT paid once; dynamic column is LUT updates, not binary-gate PPA."
E20,density_classification,block_expand,1,149000,298,1,149000,298000,1.0,44402000.0,0,0.0,0,0,0,157,3.535876762308004e-06,924,1081,"128-bit radius-3 LUT paid once; dynamic column is LUT updates, not binary-gate PPA."
E20,density_classification,particle,1,149000,298,1,149000,298000,1.0,44402000.0,0,0.0,0,0,0,157,3.535876762308004e-06,801,958,"128-bit radius-3 LUT paid once; dynamic column is LUT updates, not binary-gate PPA."
E20,density_classification,gkl,1,149000,298,1,149000,298000,1.0,44402000.0,0,0.0,0,0,0,157,3.535876762308004e-06,713,870,"128-bit radius-3 LUT paid once; dynamic column is LUT updates, not binary-gate PPA."
E20,global_synchronization,phi_sync,1,149000,299,1,149000,298000,1.0,44551000.0,0,0.0,0,0,0,157,3.5240510875176764e-06,1,158,Decision state is at M=2N; one charged update validates a uniform complementary successor; no partial credit.
E20,global_synchronization,naive_oscillator,1,149000,299,1,149000,298000,1.0,44551000.0,0,0.0,0,0,0,157,3.5240510875176764e-06,1000,1157,Decision state is at M=2N; one charged update validates a uniform complementary successor; no partial credit.
E20,density_classification,majority,2,149000,298,1,149000,298000,1.0,44402000.0,0,0.0,0,0,0,157,3.535876762308004e-06,1010,1167,"128-bit radius-3 LUT paid once; dynamic column is LUT updates, not binary-gate PPA."
E20,density_classification,block_expand,2,149000,298,1,149000,298000,1.0,44402000.0,0,0.0,0,0,0,157,3.535876762308004e-06,943,1100,"128-bit radius-3 LUT paid once; dynamic column is LUT updates, not binary-gate PPA."
E20,density_classification,particle,2,149000,298,1,149000,298000,1.0,44402000.0,0,0.0,0,0,0,157,3.535876762308004e-06,791,948,"128-bit radius-3 LUT paid once; dynamic column is LUT updates, not binary-gate PPA."
E20,density_classification,gkl,2,149000,298,1,149000,298000,1.0,44402000.0,0,0.0,0,0,0,157,3.535876762308004e-06,685,842,"128-bit radius-3 LUT paid once; dynamic column is LUT updates, not binary-gate PPA."
E20,global_synchronization,phi_sync,2,149000,299,1,149000,298000,1.0,44551000.0,0,0.0,0,0,0,157,3.5240510875176764e-06,1,158,Decision state is at M=2N; one charged update validates a uniform complementary successor; no partial credit.
E20,global_synchronization,naive_oscillator,2,149000,299,1,149000,298000,1.0,44551000.0,0,0.0,0,0,0,157,3.5240510875176764e-06,997,1154,Decision state is at M=2N; one charged update validates a uniform complementary successor; no partial credit.
E20,density_classification,majority,0,153344,1198,1,153344,306688,1.0,183706112.0,0,0.0,0,0,0,159,8.655128469541613e-07,266,425,"128-bit radius-3 LUT paid once; dynamic column is LUT updates, not binary-gate PPA."
E20,density_classification,block_expand,0,153344,1198,1,153344,306688,1.0,183706112.0,0,0.0,0,0,0,159,8.655128469541613e-07,262,421,"128-bit radius-3 LUT paid once; dynamic column is LUT updates, not binary-gate PPA."
E20,density_classification,particle,0,153344,1198,1,153344,306688,1.0,183706112.0,0,0.0,0,0,0,159,8.655128469541613e-07,225,384,"128-bit radius-3 LUT paid once; dynamic column is LUT updates, not binary-gate PPA."
E20,density_classification,gkl,0,153344,1198,1,153344,306688,1.0,183706112.0,0,0.0,0,0,0,159,8.655128469541613e-07,211,370,"128-bit radius-3 LUT paid once; dynamic column is LUT updates, not binary-gate PPA."
E20,global_synchronization,phi_sync,0,153344,1199,1,153344,306688,1.0,183859456.0,0,0.0,0,0,0,159,8.647909846964847e-07,27,186,Decision state is at M=2N; one charged update validates a uniform complementary successor; no partial credit.
E20,global_synchronization,naive_oscillator,0,153344,1199,1,153344,306688,1.0,183859456.0,0,0.0,0,0,0,159,8.647909846964847e-07,153,312,Decision state is at M=2N; one charged update validates a uniform complementary successor; no partial credit.
E20,density_classification,majority,1,153344,1198,1,153344,306688,1.0,183706112.0,0,0.0,0,0,0,159,8.655128469541613e-07,266,425,"128-bit radius-3 LUT paid once; dynamic column is LUT updates, not binary-gate PPA."
E20,density_classification,block_expand,1,153344,1198,1,153344,306688,1.0,183706112.0,0,0.0,0,0,0,159,8.655128469541613e-07,263,422,"128-bit radius-3 LUT paid once; dynamic column is LUT updates, not binary-gate PPA."
E20,density_classification,particle,1,153344,1198,1,153344,306688,1.0,183706112.0,0,0.0,0,0,0,159,8.655128469541613e-07,223,382,"128-bit radius-3 LUT paid once; dynamic column is LUT updates, not binary-gate PPA."
E20,density_classification,gkl,1,153344,1198,1,153344,306688,1.0,183706112.0,0,0.0,0,0,0,159,8.655128469541613e-07,215,374,"128-bit radius-3 LUT paid once; dynamic column is LUT updates, not binary-gate PPA."
E20,global_synchronization,phi_sync,1,153344,1199,1,153344,306688,1.0,183859456.0,0,0.0,0,0,0,159,8.647909846964847e-07,19,178,Decision state is at M=2N; one charged update validates a uniform complementary successor; no partial credit.
E20,global_synchronization,naive_oscillator,1,153344,1199,1,153344,306688,1.0,183859456.0,0,0.0,0,0,0,159,8.647909846964847e-07,129,288,Decision state is at M=2N; one charged update validates a uniform complementary successor; no partial credit.
E20,density_classification,majority,0,127872,1998,1,127872,255744,1.0,255488256.0,0,0.0,0,0,0,159,6.223378032687342e-07,135,294,"128-bit radius-3 LUT paid once; dynamic column is LUT updates, not binary-gate PPA."
E20,density_classification,block_expand,0,127872,1998,1,127872,255744,1.0,255488256.0,0,0.0,0,0,0,159,6.223378032687342e-07,134,293,"128-bit radius-3 LUT paid once; dynamic column is LUT updates, not binary-gate PPA."
E20,density_classification,particle,0,127872,1998,1,127872,255744,1.0,255488256.0,0,0.0,0,0,0,159,6.223378032687342e-07,123,282,"128-bit radius-3 LUT paid once; dynamic column is LUT updates, not binary-gate PPA."
E20,density_classification,gkl,0,127872,1998,1,127872,255744,1.0,255488256.0,0,0.0,0,0,0,159,6.223378032687342e-07,109,268,"128-bit radius-3 LUT paid once; dynamic column is LUT updates, not binary-gate PPA."
E20,global_synchronization,phi_sync,0,127872,1999,1,127872,255744,1.0,255616128.0,0,0.0,0,0,0,159,6.220264787048179e-07,17,176,Decision state is at M=2N; one charged update validates a uniform complementary successor; no partial credit.
E20,global_synchronization,naive_oscillator,0,127872,1999,1,127872,255744,1.0,255616128.0,0,0.0,0,0,0,159,6.220264787048179e-07,24,183,Decision state is at M=2N; one charged update validates a uniform complementary successor; no partial credit.
E20,density_classification,majority,1,127872,1998,1,127872,255744,1.0,255488256.0,0,0.0,0,0,0,159,6.223378032687342e-07,130,289,"128-bit radius-3 LUT paid once; dynamic column is LUT updates, not binary-gate PPA."
E20,density_classification,block_expand,1,127872,1998,1,127872,255744,1.0,255488256.0,0,0.0,0,0,0,159,6.223378032687342e-07,131,290,"128-bit radius-3 LUT paid once; dynamic column is LUT updates, not binary-gate PPA."
E20,density_classification,particle,1,127872,1998,1,127872,255744,1.0,255488256.0,0,0.0,0,0,0,159,6.223378032687342e-07,119,278,"128-bit radius-3 LUT paid once; dynamic column is LUT updates, not binary-gate PPA."
E20,density_classification,gkl,1,127872,1998,1,127872,255744,1.0,255488256.0,0,0.0,0,0,0,159,6.223378032687342e-07,106,265,"128-bit radius-3 LUT paid once; dynamic column is LUT updates, not binary-gate PPA."
E20,global_synchronization,phi_sync,1,127872,1999,1,127872,255744,1.0,255616128.0,0,0.0,0,0,0,159,6.220264787048179e-07,29,188,Decision state is at M=2N; one charged update validates a uniform complementary successor; no partial credit.
E20,global_synchronization,naive_oscillator,1,127872,1999,1,127872,255744,1.0,255616128.0,0,0.0,0,0,0,159,6.220264787048179e-07,44,203,Decision state is at M=2N; one charged update validates a uniform complementary successor; no partial credit.
E21,long_snake_reachable,BooleanWavefrontFull,0,256,134,2,512,1024,1.0,34304.0,5,171520.0,5,5,5,81,0.002361240671641791,1,82,Exact symbolic grid input; iteration bound is charged separately from the five-gate local rule.
E21,long_snake_reachable,FixedK16Wavefront,0,256,16,2,512,1024,1.0,4096.0,5,20480.0,5,5,5,76,0.0185546875,4,80,Exact symbolic grid input; iteration bound is charged separately from the five-gate local rule.
E21,long_snake_blocked,BooleanWavefrontFull,1,256,76,2,512,1024,1.0,19456.0,5,97280.0,5,5,5,78,0.004009046052631579,1,79,Exact symbolic grid input; iteration bound is charged separately from the five-gate local rule.
E21,long_snake_blocked,FixedK16Wavefront,1,256,16,2,512,1024,1.0,4096.0,5,20480.0,5,5,5,76,0.0185546875,1,77,Exact symbolic grid input; iteration bound is charged separately from the five-gate local rule.
E21,random_carved_reachable,BooleanWavefrontFull,2,256,30,2,512,1024,1.0,7680.0,5,38400.0,5,5,5,76,0.009895833333333333,1,77,Exact symbolic grid input; iteration bound is charged separately from the five-gate local rule.
E21,random_carved_reachable,FixedK16Wavefront,2,256,16,2,512,1024,1.0,4096.0,5,20480.0,5,5,5,76,0.0185546875,4,80,Exact symbolic grid input; iteration bound is charged separately from the five-gate local rule.
E21,random_isolated_target,BooleanWavefrontFull,3,256,38,2,512,1024,1.0,9728.0,5,48640.0,5,5,5,77,0.007915296052631578,1,78,Exact symbolic grid input; iteration bound is charged separately from the five-gate local rule.
E21,random_isolated_target,FixedK16Wavefront,3,256,16,2,512,1024,1.0,4096.0,5,20480.0,5,5,5,76,0.0185546875,1,77,Exact symbolic grid input; iteration bound is charged separately from the five-gate local rule.
E21,long_snake_reachable,BooleanWavefrontFull,4,256,134,2,512,1024,1.0,34304.0,5,171520.0,5,5,5,81,0.002361240671641791,1,82,Exact symbolic grid input; iteration bound is charged separately from the five-gate local rule.
E21,long_snake_reachable,FixedK16Wavefront,4,256,16,2,512,1024,1.0,4096.0,5,20480.0,5,5,5,76,0.0185546875,4,80,Exact symbolic grid input; iteration bound is charged separately from the five-gate local rule.
E21,long_snake_blocked,BooleanWavefrontFull,5,256,76,2,512,1024,1.0,19456.0,5,97280.0,5,5,5,78,0.004009046052631579,1,79,Exact symbolic grid input; iteration bound is charged separately from the five-gate local rule.
E21,long_snake_blocked,FixedK16Wavefront,5,256,16,2,512,1024,1.0,4096.0,5,20480.0,5,5,5,76,0.0185546875,1,77,Exact symbolic grid input; iteration bound is charged separately from the five-gate local rule.
E21,random_carved_reachable,BooleanWavefrontFull,6,256,30,2,512,1024,1.0,7680.0,5,38400.0,5,5,5,76,0.009895833333333333,1,77,Exact symbolic grid input; iteration bound is charged separately from the five-gate local rule.
E21,random_carved_reachable,FixedK16Wavefront,6,256,16,2,512,1024,1.0,4096.0,5,20480.0,5,5,5,76,0.0185546875,4,80,Exact symbolic grid input; iteration bound is charged separately from the five-gate local rule.
E21,random_isolated_target,BooleanWavefrontFull,7,256,3,2,512,1024,1.0,768.0,5,3840.0,5,5,5,72,0.09375,1,73,Exact symbolic grid input; iteration bound is charged separately from the five-gate local rule.
E21,random_isolated_target,FixedK16Wavefront,7,256,3,2,512,1024,1.0,768.0,5,3840.0,5,5,5,72,0.09375,1,73,Exact symbolic grid input; iteration bound is charged separately from the five-gate local rule.
E21,long_snake_reachable,BooleanWavefrontFull,8,256,134,2,512,1024,1.0,34304.0,5,171520.0,5,5,5,81,0.002361240671641791,1,82,Exact symbolic grid input; iteration bound is charged separately from the five-gate local rule.
E21,long_snake_reachable,FixedK16Wavefront,8,256,16,2,512,1024,1.0,4096.0,5,20480.0,5,5,5,76,0.0185546875,4,80,Exact symbolic grid input; iteration bound is charged separately from the five-gate local rule.
E21,long_snake_blocked,BooleanWavefrontFull,9,256,76,2,512,1024,1.0,19456.0,5,97280.0,5,5,5,78,0.004009046052631579,1,79,Exact symbolic grid input; iteration bound is charged separately from the five-gate local rule.
E21,long_snake_blocked,FixedK16Wavefront,9,256,16,2,512,1024,1.0,4096.0,5,20480.0,5,5,5,76,0.0185546875,1,77,Exact symbolic grid input; iteration bound is charged separately from the five-gate local rule.
E21,random_carved_reachable,BooleanWavefrontFull,10,256,30,2,512,1024,1.0,7680.0,5,38400.0,5,5,5,76,0.009895833333333333,1,77,Exact symbolic grid input; iteration bound is charged separately from the five-gate local rule.
E21,random_carved_reachable,FixedK16Wavefront,10,256,16,2,512,1024,1.0,4096.0,5,20480.0,5,5,5,76,0.0185546875,4,80,Exact symbolic grid input; iteration bound is charged separately from the five-gate local rule.
E21,random_isolated_target,BooleanWavefrontFull,11,256,29,2,512,1024,1.0,7424.0,5,37120.0,5,5,5,76,0.010237068965517241,1,77,Exact symbolic grid input; iteration bound is charged separately from the five-gate local rule.
E21,random_isolated_target,FixedK16Wavefront,11,256,16,2,512,1024,1.0,4096.0,5,20480.0,5,5,5,76,0.0185546875,1,77,Exact symbolic grid input; iteration bound is charged separately from the five-gate local rule.
E21,long_snake_reachable,BooleanWavefrontFull,12,256,134,2,512,1024,1.0,34304.0,5,171520.0,5,5,5,81,0.002361240671641791,1,82,Exact symbolic grid input; iteration bound is charged separately from the five-gate local rule.
E21,long_snake_reachable,FixedK16Wavefront,12,256,16,2,512,1024,1.0,4096.0,5,20480.0,5,5,5,76,0.0185546875,4,80,Exact symbolic grid input; iteration bound is charged separately from the five-gate local rule.
E21,long_snake_blocked,BooleanWavefrontFull,13,256,76,2,512,1024,1.0,19456.0,5,97280.0,5,5,5,78,0.004009046052631579,1,79,Exact symbolic grid input; iteration bound is charged separately from the five-gate local rule.
E21,long_snake_blocked,FixedK16Wavefront,13,256,16,2,512,1024,1.0,4096.0,5,20480.0,5,5,5,76,0.0185546875,1,77,Exact symbolic grid input; iteration bound is charged separately from the five-gate local rule.
E21,random_carved_reachable,BooleanWavefrontFull,14,256,30,2,512,1024,1.0,7680.0,5,38400.0,5,5,5,76,0.009895833333333333,1,77,Exact symbolic grid input; iteration bound is charged separately from the five-gate local rule.
E21,random_carved_reachable,FixedK16Wavefront,14,256,16,2,512,1024,1.0,4096.0,5,20480.0,5,5,5,76,0.0185546875,4,80,Exact symbolic grid input; iteration bound is charged separately from the five-gate local rule.
E21,random_isolated_target,BooleanWavefrontFull,15,256,34,2,512,1024,1.0,8704.0,5,43520.0,5,5,5,77,0.008846507352941176,1,78,Exact symbolic grid input; iteration bound is charged separately from the five-gate local rule.
E21,random_isolated_target,FixedK16Wavefront,15,256,16,2,512,1024,1.0,4096.0,5,20480.0,5,5,5,76,0.0185546875,1,77,Exact symbolic grid input; iteration bound is charged separately from the five-gate local rule.
E21,long_snake_reachable,BooleanWavefrontFull,16,256,134,2,512,1024,1.0,34304.0,5,171520.0,5,5,5,81,0.002361240671641791,1,82,Exact symbolic grid input; iteration bound is charged separately from the five-gate local rule.
E21,long_snake_reachable,FixedK16Wavefront,16,256,16,2,512,1024,1.0,4096.0,5,20480.0,5,5,5,76,0.0185546875,4,80,Exact symbolic grid input; iteration bound is charged separately from the five-gate local rule.
E21,long_snake_blocked,BooleanWavefrontFull,17,256,76,2,512,1024,1.0,19456.0,5,97280.0,5,5,5,78,0.004009046052631579,1,79,Exact symbolic grid input; iteration bound is charged separately from the five-gate local rule.
E21,long_snake_blocked,FixedK16Wavefront,17,256,16,2,512,1024,1.0,4096.0,5,20480.0,5,5,5,76,0.0185546875,1,77,Exact symbolic grid input; iteration bound is charged separately from the five-gate local rule.
E21,random_carved_reachable,BooleanWavefrontFull,18,256,30,2,512,1024,1.0,7680.0,5,38400.0,5,5,5,76,0.009895833333333333,1,77,Exact symbolic grid input; iteration bound is charged separately from the five-gate local rule.
E21,random_carved_reachable,FixedK16Wavefront,18,256,16,2,512,1024,1.0,4096.0,5,20480.0,5,5,5,76,0.0185546875,4,80,Exact symbolic grid input; iteration bound is charged separately from the five-gate local rule.
E21,random_isolated_target,BooleanWavefrontFull,19,256,31,2,512,1024,1.0,7936.0,5,39680.0,5,5,5,77,0.009702620967741936,1,78,Exact symbolic grid input; iteration bound is charged separately from the five-gate local rule.
E21,random_isolated_target,FixedK16Wavefront,19,256,16,2,512,1024,1.0,4096.0,5,20480.0,5,5,5,76,0.0185546875,1,77,Exact symbolic grid input; iteration bound is charged separately from the five-gate local rule.
E21,long_snake_reachable,BooleanWavefrontFull,20,256,134,2,512,1024,1.0,34304.0,5,171520.0,5,5,5,81,0.002361240671641791,1,82,Exact symbolic grid input; iteration bound is charged separately from the five-gate local rule.
E21,long_snake_reachable,FixedK16Wavefront,20,256,16,2,512,1024,1.0,4096.0,5,20480.0,5,5,5,76,0.0185546875,4,80,Exact symbolic grid input; iteration bound is charged separately from the five-gate local rule.
E21,long_snake_blocked,BooleanWavefrontFull,21,256,76,2,512,1024,1.0,19456.0,5,97280.0,5,5,5,78,0.004009046052631579,1,79,Exact symbolic grid input; iteration bound is charged separately from the five-gate local rule.
E21,long_snake_blocked,FixedK16Wavefront,21,256,16,2,512,1024,1.0,4096.0,5,20480.0,5,5,5,76,0.0185546875,1,77,Exact symbolic grid input; iteration bound is charged separately from the five-gate local rule.
E21,random_carved_reachable,BooleanWavefrontFull,22,256,30,2,512,1024,1.0,7680.0,5,38400.0,5,5,5,76,0.009895833333333333,1,77,Exact symbolic grid input; iteration bound is charged separately from the five-gate local rule.
E21,random_carved_reachable,FixedK16Wavefront,22,256,16,2,512,1024,1.0,4096.0,5,20480.0,5,5,5,76,0.0185546875,4,80,Exact symbolic grid input; iteration bound is charged separately from the five-gate local rule.
E21,random_isolated_target,BooleanWavefrontFull,23,256,44,2,512,1024,1.0,11264.0,5,56320.0,5,5,5,77,0.0068359375,1,78,Exact symbolic grid input; iteration bound is charged separately from the five-gate local rule.
E21,random_isolated_target,FixedK16Wavefront,23,256,16,2,512,1024,1.0,4096.0,5,20480.0,5,5,5,76,0.0185546875,1,77,Exact symbolic grid input; iteration bound is charged separately from the five-gate local rule.
E21,long_snake_reachable,BooleanWavefrontFull,24,256,134,2,512,1024,1.0,34304.0,5,171520.0,5,5,5,81,0.002361240671641791,1,82,Exact symbolic grid input; iteration bound is charged separately from the five-gate local rule.
E21,long_snake_reachable,FixedK16Wavefront,24,256,16,2,512,1024,1.0,4096.0,5,20480.0,5,5,5,76,0.0185546875,4,80,Exact symbolic grid input; iteration bound is charged separately from the five-gate local rule.
E21,long_snake_blocked,BooleanWavefrontFull,25,256,76,2,512,1024,1.0,19456.0,5,97280.0,5,5,5,78,0.004009046052631579,1,79,Exact symbolic grid input; iteration bound is charged separately from the five-gate local rule.
E21,long_snake_blocked,FixedK16Wavefront,25,256,16,2,512,1024,1.0,4096.0,5,20480.0,5,5,5,76,0.0185546875,1,77,Exact symbolic grid input; iteration bound is charged separately from the five-gate local rule.
E21,random_carved_reachable,BooleanWavefrontFull,26,256,30,2,512,1024,1.0,7680.0,5,38400.0,5,5,5,76,0.009895833333333333,1,77,Exact symbolic grid input; iteration bound is charged separately from the five-gate local rule.
E21,random_carved_reachable,FixedK16Wavefront,26,256,16,2,512,1024,1.0,4096.0,5,20480.0,5,5,5,76,0.0185546875,4,80,Exact symbolic grid input; iteration bound is charged separately from the five-gate local rule.
E21,random_isolated_target,BooleanWavefrontFull,27,256,36,2,512,1024,1.0,9216.0,5,46080.0,5,5,5,77,0.008355034722222222,1,78,Exact symbolic grid input; iteration bound is charged separately from the five-gate local rule.
E21,random_isolated_target,FixedK16Wavefront,27,256,16,2,512,1024,1.0,4096.0,5,20480.0,5,5,5,76,0.0185546875,1,77,Exact symbolic grid input; iteration bound is charged separately from the five-gate local rule.
E21,long_snake_reachable,BooleanWavefrontFull,28,256,134,2,512,1024,1.0,34304.0,5,171520.0,5,5,5,81,0.002361240671641791,1,82,Exact symbolic grid input; iteration bound is charged separately from the five-gate local rule.
E21,long_snake_reachable,FixedK16Wavefront,28,256,16,2,512,1024,1.0,4096.0,5,20480.0,5,5,5,76,0.0185546875,4,80,Exact symbolic grid input; iteration bound is charged separately from the five-gate local rule.
E21,long_snake_blocked,BooleanWavefrontFull,29,256,76,2,512,1024,1.0,19456.0,5,97280.0,5,5,5,78,0.004009046052631579,1,79,Exact symbolic grid input; iteration bound is charged separately from the five-gate local rule.
E21,long_snake_blocked,FixedK16Wavefront,29,256,16,2,512,1024,1.0,4096.0,5,20480.0,5,5,5,76,0.0185546875,1,77,Exact symbolic grid input; iteration bound is charged separately from the five-gate local rule.
E21,random_carved_reachable,BooleanWavefrontFull,30,256,30,2,512,1024,1.0,7680.0,5,38400.0,5,5,5,76,0.009895833333333333,1,77,Exact symbolic grid input; iteration bound is charged separately from the five-gate local rule.
E21,random_carved_reachable,FixedK16Wavefront,30,256,16,2,512,1024,1.0,4096.0,5,20480.0,5,5,5,76,0.0185546875,4,80,Exact symbolic grid input; iteration bound is charged separately from the five-gate local rule.
E21,random_isolated_target,BooleanWavefrontFull,31,256,33,2,512,1024,1.0,8448.0,5,42240.0,5,5,5,77,0.009114583333333334,1,78,Exact symbolic grid input; iteration bound is charged separately from the five-gate local rule.
E21,random_isolated_target,FixedK16Wavefront,31,256,16,2,512,1024,1.0,4096.0,5,20480.0,5,5,5,76,0.0185546875,1,77,Exact symbolic grid input; iteration bound is charged separately from the five-gate local rule.
E21,long_snake_reachable,BooleanWavefrontFull,32,256,134,2,512,1024,1.0,34304.0,5,171520.0,5,5,5,81,0.002361240671641791,1,82,Exact symbolic grid input; iteration bound is charged separately from the five-gate local rule.
E21,long_snake_reachable,FixedK16Wavefront,32,256,16,2,512,1024,1.0,4096.0,5,20480.0,5,5,5,76,0.0185546875,4,80,Exact symbolic grid input; iteration bound is charged separately from the five-gate local rule.
E21,long_snake_blocked,BooleanWavefrontFull,33,256,76,2,512,1024,1.0,19456.0,5,97280.0,5,5,5,78,0.004009046052631579,1,79,Exact symbolic grid input; iteration bound is charged separately from the five-gate local rule.
E21,long_snake_blocked,FixedK16Wavefront,33,256,16,2,512,1024,1.0,4096.0,5,20480.0,5,5,5,76,0.0185546875,1,77,Exact symbolic grid input; iteration bound is charged separately from the five-gate local rule.
E21,random_carved_reachable,BooleanWavefrontFull,34,256,30,2,512,1024,1.0,7680.0,5,38400.0,5,5,5,76,0.009895833333333333,1,77,Exact symbolic grid input; iteration bound is charged separately from the five-gate local rule.
E21,random_carved_reachable,FixedK16Wavefront,34,256,16,2,512,1024,1.0,4096.0,5,20480.0,5,5,5,76,0.0185546875,4,80,Exact symbolic grid input; iteration bound is charged separately from the five-gate local rule.
E21,random_isolated_target,BooleanWavefrontFull,35,256,32,2,512,1024,1.0,8192.0,5,40960.0,5,5,5,77,0.0093994140625,1,78,Exact symbolic grid input; iteration bound is charged separately from the five-gate local rule.
E21,random_isolated_target,FixedK16Wavefront,35,256,16,2,512,1024,1.0,4096.0,5,20480.0,5,5,5,76,0.0185546875,1,77,Exact symbolic grid input; iteration bound is charged separately from the five-gate local rule.
E21,long_snake_reachable,BooleanWavefrontFull,36,256,134,2,512,1024,1.0,34304.0,5,171520.0,5,5,5,81,0.002361240671641791,1,82,Exact symbolic grid input; iteration bound is charged separately from the five-gate local rule.
E21,long_snake_reachable,FixedK16Wavefront,36,256,16,2,512,1024,1.0,4096.0,5,20480.0,5,5,5,76,0.0185546875,4,80,Exact symbolic grid input; iteration bound is charged separately from the five-gate local rule.
E21,long_snake_blocked,BooleanWavefrontFull,37,256,76,2,512,1024,1.0,19456.0,5,97280.0,5,5,5,78,0.004009046052631579,1,79,Exact symbolic grid input; iteration bound is charged separately from the five-gate local rule.
E21,long_snake_blocked,FixedK16Wavefront,37,256,16,2,512,1024,1.0,4096.0,5,20480.0,5,5,5,76,0.0185546875,1,77,Exact symbolic grid input; iteration bound is charged separately from the five-gate local rule.
E21,random_carved_reachable,BooleanWavefrontFull,38,256,30,2,512,1024,1.0,7680.0,5,38400.0,5,5,5,76,0.009895833333333333,1,77,Exact symbolic grid input; iteration bound is charged separately from the five-gate local rule.
E21,random_carved_reachable,FixedK16Wavefront,38,256,16,2,512,1024,1.0,4096.0,5,20480.0,5,5,5,76,0.0185546875,4,80,Exact symbolic grid input; iteration bound is charged separately from the five-gate local rule.
E21,random_isolated_target,BooleanWavefrontFull,39,256,31,2,512,1024,1.0,7936.0,5,39680.0,5,5,5,77,0.009702620967741936,1,78,Exact symbolic grid input; iteration bound is charged separately from the five-gate local rule.
E21,random_isolated_target,FixedK16Wavefront,39,256,16,2,512,1024,1.0,4096.0,5,20480.0,5,5,5,76,0.0185546875,1,77,Exact symbolic grid input; iteration bound is charged separately from the five-gate local rule.
E21,long_snake_reachable,BooleanWavefrontFull,0,1024,526,2,2048,4096,1.0,538624.0,5,2693120.0,5,5,5,83,0.00015409636406844105,1,84,Exact symbolic grid input; iteration bound is charged separately from the five-gate local rule.
E21,long_snake_reachable,FixedK16Wavefront,0,1024,16,2,2048,4096,1.0,16384.0,5,81920.0,5,5,5,76,0.004638671875,4,80,Exact symbolic grid input; iteration bound is charged separately from the five-gate local rule.
E21,long_snake_blocked,BooleanWavefrontFull,1,1024,280,2,2048,4096,1.0,286720.0,5,1433600.0,5,5,5,82,0.0002859933035714286,1,83,Exact symbolic grid input; iteration bound is charged separately from the five-gate local rule.
E21,long_snake_blocked,FixedK16Wavefront,1,1024,16,2,2048,4096,1.0,16384.0,5,81920.0,5,5,5,76,0.004638671875,1,77,Exact symbolic grid input; iteration bound is charged separately from the five-gate local rule.
E21,random_carved_reachable,BooleanWavefrontFull,2,1024,62,2,2048,4096,1.0,63488.0,5,317440.0,5,5,5,77,0.001212827620967742,1,78,Exact symbolic grid input; iteration bound is charged separately from the five-gate local rule.
E21,random_carved_reachable,FixedK16Wavefront,2,1024,16,2,2048,4096,1.0,16384.0,5,81920.0,5,5,5,76,0.004638671875,4,80,Exact symbolic grid input; iteration bound is charged separately from the five-gate local rule.
E21,random_isolated_target,BooleanWavefrontFull,3,1024,63,2,2048,4096,1.0,64512.0,5,322560.0,5,5,5,78,0.001209077380952381,1,79,Exact symbolic grid input; iteration bound is charged separately from the five-gate local rule.
E21,random_isolated_target,FixedK16Wavefront,3,1024,16,2,2048,4096,1.0,16384.0,5,81920.0,5,5,5,76,0.004638671875,1,77,Exact symbolic grid input; iteration bound is charged separately from the five-gate local rule.
E21,long_snake_reachable,BooleanWavefrontFull,4,1024,526,2,2048,4096,1.0,538624.0,5,2693120.0,5,5,5,83,0.00015409636406844105,1,84,Exact symbolic grid input; iteration bound is charged separately from the five-gate local rule.
E21,long_snake_reachable,FixedK16Wavefront,4,1024,16,2,2048,4096,1.0,16384.0,5,81920.0,5,5,5,76,0.004638671875,4,80,Exact symbolic grid input; iteration bound is charged separately from the five-gate local rule.
E21,long_snake_blocked,BooleanWavefrontFull,5,1024,280,2,2048,4096,1.0,286720.0,5,1433600.0,5,5,5,82,0.0002859933035714286,1,83,Exact symbolic grid input; iteration bound is charged separately from the five-gate local rule.
E21,long_snake_blocked,FixedK16Wavefront,5,1024,16,2,2048,4096,1.0,16384.0,5,81920.0,5,5,5,76,0.004638671875,1,77,Exact symbolic grid input; iteration bound is charged separately from the five-gate local rule.
E21,random_carved_reachable,BooleanWavefrontFull,6,1024,62,2,2048,4096,1.0,63488.0,5,317440.0,5,5,5,77,0.001212827620967742,1,78,Exact symbolic grid input; iteration bound is charged separately from the five-gate local rule.
E21,random_carved_reachable,FixedK16Wavefront,6,1024,16,2,2048,4096,1.0,16384.0,5,81920.0,5,5,5,76,0.004638671875,4,80,Exact symbolic grid input; iteration bound is charged separately from the five-gate local rule.
E21,random_isolated_target,BooleanWavefrontFull,7,1024,1,2,2048,4096,1.0,1024.0,5,5120.0,5,5,5,71,0.0693359375,1,72,Exact symbolic grid input; iteration bound is charged separately from the five-gate local rule.
E21,random_isolated_target,FixedK16Wavefront,7,1024,1,2,2048,4096,1.0,1024.0,5,5120.0,5,5,5,71,0.0693359375,1,72,Exact symbolic grid input; iteration bound is charged separately from the five-gate local rule.
E21,long_snake_reachable,BooleanWavefrontFull,8,1024,526,2,2048,4096,1.0,538624.0,5,2693120.0,5,5,5,83,0.00015409636406844105,1,84,Exact symbolic grid input; iteration bound is charged separately from the five-gate local rule.
E21,long_snake_reachable,FixedK16Wavefront,8,1024,16,2,2048,4096,1.0,16384.0,5,81920.0,5,5,5,76,0.004638671875,4,80,Exact symbolic grid input; iteration bound is charged separately from the five-gate local rule.
E21,long_snake_blocked,BooleanWavefrontFull,9,1024,280,2,2048,4096,1.0,286720.0,5,1433600.0,5,5,5,82,0.0002859933035714286,1,83,Exact symbolic grid input; iteration bound is charged separately from the five-gate local rule.
E21,long_snake_blocked,FixedK16Wavefront,9,1024,16,2,2048,4096,1.0,16384.0,5,81920.0,5,5,5,76,0.004638671875,1,77,Exact symbolic grid input; iteration bound is charged separately from the five-gate local rule.
E21,random_carved_reachable,BooleanWavefrontFull,10,1024,62,2,2048,4096,1.0,63488.0,5,317440.0,5,5,5,77,0.001212827620967742,1,78,Exact symbolic grid input; iteration bound is charged separately from the five-gate local rule.
E21,random_carved_reachable,FixedK16Wavefront,10,1024,16,2,2048,4096,1.0,16384.0,5,81920.0,5,5,5,76,0.004638671875,4,80,Exact symbolic grid input; iteration bound is charged separately from the five-gate local rule.
E21,random_isolated_target,BooleanWavefrontFull,11,1024,60,2,2048,4096,1.0,61440.0,5,307200.0,5,5,5,77,0.0012532552083333334,1,78,Exact symbolic grid input; iteration bound is charged separately from the five-gate local rule.
E21,random_isolated_target,FixedK16Wavefront,11,1024,16,2,2048,4096,1.0,16384.0,5,81920.0,5,5,5,76,0.004638671875,1,77,Exact symbolic grid input; iteration bound is charged separately from the five-gate local rule.
E21,long_snake_reachable,BooleanWavefrontFull,12,1024,526,2,2048,4096,1.0,538624.0,5,2693120.0,5,5,5,83,0.00015409636406844105,1,84,Exact symbolic grid input; iteration bound is charged separately from the five-gate local rule.
E21,long_snake_reachable,FixedK16Wavefront,12,1024,16,2,2048,4096,1.0,16384.0,5,81920.0,5,5,5,76,0.004638671875,4,80,Exact symbolic grid input; iteration bound is charged separately from the five-gate local rule.
E21,long_snake_blocked,BooleanWavefrontFull,13,1024,280,2,2048,4096,1.0,286720.0,5,1433600.0,5,5,5,82,0.0002859933035714286,1,83,Exact symbolic grid input; iteration bound is charged separately from the five-gate local rule.
E21,long_snake_blocked,FixedK16Wavefront,13,1024,16,2,2048,4096,1.0,16384.0,5,81920.0,5,5,5,76,0.004638671875,1,77,Exact symbolic grid input; iteration bound is charged separately from the five-gate local rule.
E21,random_carved_reachable,BooleanWavefrontFull,14,1024,62,2,2048,4096,1.0,63488.0,5,317440.0,5,5,5,77,0.001212827620967742,1,78,Exact symbolic grid input; iteration bound is charged separately from the five-gate local rule.
E21,random_carved_reachable,FixedK16Wavefront,14,1024,16,2,2048,4096,1.0,16384.0,5,81920.0,5,5,5,76,0.004638671875,4,80,Exact symbolic grid input; iteration bound is charged separately from the five-gate local rule.
E21,random_isolated_target,BooleanWavefrontFull,15,1024,1,2,2048,4096,1.0,1024.0,5,5120.0,5,5,5,71,0.0693359375,1,72,Exact symbolic grid input; iteration bound is charged separately from the five-gate local rule.
E21,random_isolated_target,FixedK16Wavefront,15,1024,1,2,2048,4096,1.0,1024.0,5,5120.0,5,5,5,71,0.0693359375,1,72,Exact symbolic grid input; iteration bound is charged separately from the five-gate local rule.
E21,long_snake_reachable,BooleanWavefrontFull,16,1024,526,2,2048,4096,1.0,538624.0,5,2693120.0,5,5,5,83,0.00015409636406844105,1,84,Exact symbolic grid input; iteration bound is charged separately from the five-gate local rule.
E21,long_snake_reachable,FixedK16Wavefront,16,1024,16,2,2048,4096,1.0,16384.0,5,81920.0,5,5,5,76,0.004638671875,4,80,Exact symbolic grid input; iteration bound is charged separately from the five-gate local rule.
E21,long_snake_blocked,BooleanWavefrontFull,17,1024,280,2,2048,4096,1.0,286720.0,5,1433600.0,5,5,5,82,0.0002859933035714286,1,83,Exact symbolic grid input; iteration bound is charged separately from the five-gate local rule.
E21,long_snake_blocked,FixedK16Wavefront,17,1024,16,2,2048,4096,1.0,16384.0,5,81920.0,5,5,5,76,0.004638671875,1,77,Exact symbolic grid input; iteration bound is charged separately from the five-gate local rule.
E21,random_carved_reachable,BooleanWavefrontFull,18,1024,62,2,2048,4096,1.0,63488.0,5,317440.0,5,5,5,77,0.001212827620967742,1,78,Exact symbolic grid input; iteration bound is charged separately from the five-gate local rule.
E21,random_carved_reachable,FixedK16Wavefront,18,1024,16,2,2048,4096,1.0,16384.0,5,81920.0,5,5,5,76,0.004638671875,4,80,Exact symbolic grid input; iteration bound is charged separately from the five-gate local rule.
E21,random_isolated_target,BooleanWavefrontFull,19,1024,70,2,2048,4096,1.0,71680.0,5,358400.0,5,5,5,78,0.001088169642857143,1,79,Exact symbolic grid input; iteration bound is charged separately from the five-gate local rule.
E21,random_isolated_target,FixedK16Wavefront,19,1024,16,2,2048,4096,1.0,16384.0,5,81920.0,5,5,5,76,0.004638671875,1,77,Exact symbolic grid input; iteration bound is charged separately from the five-gate local rule.
E21,long_snake_reachable,BooleanWavefrontFull,20,1024,526,2,2048,4096,1.0,538624.0,5,2693120.0,5,5,5,83,0.00015409636406844105,1,84,Exact symbolic grid input; iteration bound is charged separately from the five-gate local rule.
E21,long_snake_reachable,FixedK16Wavefront,20,1024,16,2,2048,4096,1.0,16384.0,5,81920.0,5,5,5,76,0.004638671875,4,80,Exact symbolic grid input; iteration bound is charged separately from the five-gate local rule.
E21,long_snake_blocked,BooleanWavefrontFull,21,1024,280,2,2048,4096,1.0,286720.0,5,1433600.0,5,5,5,82,0.0002859933035714286,1,83,Exact symbolic grid input; iteration bound is charged separately from the five-gate local rule.
E21,long_snake_blocked,FixedK16Wavefront,21,1024,16,2,2048,4096,1.0,16384.0,5,81920.0,5,5,5,76,0.004638671875,1,77,Exact symbolic grid input; iteration bound is charged separately from the five-gate local rule.
E21,random_carved_reachable,BooleanWavefrontFull,22,1024,62,2,2048,4096,1.0,63488.0,5,317440.0,5,5,5,77,0.001212827620967742,1,78,Exact symbolic grid input; iteration bound is charged separately from the five-gate local rule.
E21,random_carved_reachable,FixedK16Wavefront,22,1024,16,2,2048,4096,1.0,16384.0,5,81920.0,5,5,5,76,0.004638671875,4,80,Exact symbolic grid input; iteration bound is charged separately from the five-gate local rule.
E21,random_isolated_target,BooleanWavefrontFull,23,1024,66,2,2048,4096,1.0,67584.0,5,337920.0,5,5,5,78,0.0011541193181818182,1,79,Exact symbolic grid input; iteration bound is charged separately from the five-gate local rule.
E21,random_isolated_target,FixedK16Wavefront,23,1024,16,2,2048,4096,1.0,16384.0,5,81920.0,5,5,5,76,0.004638671875,1,77,Exact symbolic grid input; iteration bound is charged separately from the five-gate local rule.
E21,long_snake_reachable,BooleanWavefrontFull,24,1024,526,2,2048,4096,1.0,538624.0,5,2693120.0,5,5,5,83,0.00015409636406844105,1,84,Exact symbolic grid input; iteration bound is charged separately from the five-gate local rule.
E21,long_snake_reachable,FixedK16Wavefront,24,1024,16,2,2048,4096,1.0,16384.0,5,81920.0,5,5,5,76,0.004638671875,4,80,Exact symbolic grid input; iteration bound is charged separately from the five-gate local rule.
E21,long_snake_blocked,BooleanWavefrontFull,25,1024,280,2,2048,4096,1.0,286720.0,5,1433600.0,5,5,5,82,0.0002859933035714286,1,83,Exact symbolic grid input; iteration bound is charged separately from the five-gate local rule.
E21,long_snake_blocked,FixedK16Wavefront,25,1024,16,2,2048,4096,1.0,16384.0,5,81920.0,5,5,5,76,0.004638671875,1,77,Exact symbolic grid input; iteration bound is charged separately from the five-gate local rule.
E21,random_carved_reachable,BooleanWavefrontFull,26,1024,62,2,2048,4096,1.0,63488.0,5,317440.0,5,5,5,77,0.001212827620967742,1,78,Exact symbolic grid input; iteration bound is charged separately from the five-gate local rule.
E21,random_carved_reachable,FixedK16Wavefront,26,1024,16,2,2048,4096,1.0,16384.0,5,81920.0,5,5,5,76,0.004638671875,4,80,Exact symbolic grid input; iteration bound is charged separately from the five-gate local rule.
E21,random_isolated_target,BooleanWavefrontFull,27,1024,61,2,2048,4096,1.0,62464.0,5,312320.0,5,5,5,77,0.0012327100409836066,1,78,Exact symbolic grid input; iteration bound is charged separately from the five-gate local rule.
E21,random_isolated_target,FixedK16Wavefront,27,1024,16,2,2048,4096,1.0,16384.0,5,81920.0,5,5,5,76,0.004638671875,1,77,Exact symbolic grid input; iteration bound is charged separately from the five-gate local rule.
E21,long_snake_reachable,BooleanWavefrontFull,28,1024,526,2,2048,4096,1.0,538624.0,5,2693120.0,5,5,5,83,0.00015409636406844105,1,84,Exact symbolic grid input; iteration bound is charged separately from the five-gate local rule.
E21,long_snake_reachable,FixedK16Wavefront,28,1024,16,2,2048,4096,1.0,16384.0,5,81920.0,5,5,5,76,0.004638671875,4,80,Exact symbolic grid input; iteration bound is charged separately from the five-gate local rule.
E21,long_snake_blocked,BooleanWavefrontFull,29,1024,280,2,2048,4096,1.0,286720.0,5,1433600.0,5,5,5,82,0.0002859933035714286,1,83,Exact symbolic grid input; iteration bound is charged separately from the five-gate local rule.
E21,long_snake_blocked,FixedK16Wavefront,29,1024,16,2,2048,4096,1.0,16384.0,5,81920.0,5,5,5,76,0.004638671875,1,77,Exact symbolic grid input; iteration bound is charged separately from the five-gate local rule.
E21,random_carved_reachable,BooleanWavefrontFull,30,1024,62,2,2048,4096,1.0,63488.0,5,317440.0,5,5,5,77,0.001212827620967742,1,78,Exact symbolic grid input; iteration bound is charged separately from the five-gate local rule.
E21,random_carved_reachable,FixedK16Wavefront,30,1024,16,2,2048,4096,1.0,16384.0,5,81920.0,5,5,5,76,0.004638671875,4,80,Exact symbolic grid input; iteration bound is charged separately from the five-gate local rule.
E21,random_isolated_target,BooleanWavefrontFull,31,1024,63,2,2048,4096,1.0,64512.0,5,322560.0,5,5,5,78,0.001209077380952381,1,79,Exact symbolic grid input; iteration bound is charged separately from the five-gate local rule.
E21,random_isolated_target,FixedK16Wavefront,31,1024,16,2,2048,4096,1.0,16384.0,5,81920.0,5,5,5,76,0.004638671875,1,77,Exact symbolic grid input; iteration bound is charged separately from the five-gate local rule.
E21,long_snake_reachable,BooleanWavefrontFull,32,1024,526,2,2048,4096,1.0,538624.0,5,2693120.0,5,5,5,83,0.00015409636406844105,1,84,Exact symbolic grid input; iteration bound is charged separately from the five-gate local rule.
E21,long_snake_reachable,FixedK16Wavefront,32,1024,16,2,2048,4096,1.0,16384.0,5,81920.0,5,5,5,76,0.004638671875,4,80,Exact symbolic grid input; iteration bound is charged separately from the five-gate local rule.
E21,long_snake_blocked,BooleanWavefrontFull,33,1024,280,2,2048,4096,1.0,286720.0,5,1433600.0,5,5,5,82,0.0002859933035714286,1,83,Exact symbolic grid input; iteration bound is charged separately from the five-gate local rule.
E21,long_snake_blocked,FixedK16Wavefront,33,1024,16,2,2048,4096,1.0,16384.0,5,81920.0,5,5,5,76,0.004638671875,1,77,Exact symbolic grid input; iteration bound is charged separately from the five-gate local rule.
E21,random_carved_reachable,BooleanWavefrontFull,34,1024,62,2,2048,4096,1.0,63488.0,5,317440.0,5,5,5,77,0.001212827620967742,1,78,Exact symbolic grid input; iteration bound is charged separately from the five-gate local rule.
E21,random_carved_reachable,FixedK16Wavefront,34,1024,16,2,2048,4096,1.0,16384.0,5,81920.0,5,5,5,76,0.004638671875,4,80,Exact symbolic grid input; iteration bound is charged separately from the five-gate local rule.
E21,random_isolated_target,BooleanWavefrontFull,35,1024,17,2,2048,4096,1.0,17408.0,5,87040.0,5,5,5,76,0.004365808823529412,1,77,Exact symbolic grid input; iteration bound is charged separately from the five-gate local rule.
E21,random_isolated_target,FixedK16Wavefront,35,1024,16,2,2048,4096,1.0,16384.0,5,81920.0,5,5,5,76,0.004638671875,1,77,Exact symbolic grid input; iteration bound is charged separately from the five-gate local rule.
E21,long_snake_reachable,BooleanWavefrontFull,36,1024,526,2,2048,4096,1.0,538624.0,5,2693120.0,5,5,5,83,0.00015409636406844105,1,84,Exact symbolic grid input; iteration bound is charged separately from the five-gate local rule.
E21,long_snake_reachable,FixedK16Wavefront,36,1024,16,2,2048,4096,1.0,16384.0,5,81920.0,5,5,5,76,0.004638671875,4,80,Exact symbolic grid input; iteration bound is charged separately from the five-gate local rule.
E21,long_snake_blocked,BooleanWavefrontFull,37,1024,280,2,2048,4096,1.0,286720.0,5,1433600.0,5,5,5,82,0.0002859933035714286,1,83,Exact symbolic grid input; iteration bound is charged separately from the five-gate local rule.
E21,long_snake_blocked,FixedK16Wavefront,37,1024,16,2,2048,4096,1.0,16384.0,5,81920.0,5,5,5,76,0.004638671875,1,77,Exact symbolic grid input; iteration bound is charged separately from the five-gate local rule.
E21,random_carved_reachable,BooleanWavefrontFull,38,1024,62,2,2048,4096,1.0,63488.0,5,317440.0,5,5,5,77,0.001212827620967742,1,78,Exact symbolic grid input; iteration bound is charged separately from the five-gate local rule.
E21,random_carved_reachable,FixedK16Wavefront,38,1024,16,2,2048,4096,1.0,16384.0,5,81920.0,5,5,5,76,0.004638671875,4,80,Exact symbolic grid input; iteration bound is charged separately from the five-gate local rule.
E21,random_isolated_target,BooleanWavefrontFull,39,1024,6,2,2048,4096,1.0,6144.0,5,30720.0,5,5,5,72,0.01171875,1,73,Exact symbolic grid input; iteration bound is charged separately from the five-gate local rule.
E21,random_isolated_target,FixedK16Wavefront,39,1024,6,2,2048,4096,1.0,6144.0,5,30720.0,5,5,5,72,0.01171875,1,73,Exact symbolic grid input; iteration bound is charged separately from the five-gate local rule.
E21,long_snake_reachable,BooleanWavefrontFull,0,4096,2078,2,8192,16384,1.0,8511488.0,5,42557440.0,5,5,5,85,9.986502947545718e-06,1,86,Exact symbolic grid input; iteration bound is charged separately from the five-gate local rule.
E21,long_snake_reachable,FixedK16Wavefront,0,4096,16,2,8192,16384,1.0,65536.0,5,327680.0,5,5,5,76,0.00115966796875,4,80,Exact symbolic grid input; iteration bound is charged separately from the five-gate local rule.
E21,long_snake_blocked,BooleanWavefrontFull,1,4096,1072,2,8192,16384,1.0,4390912.0,5,21954560.0,5,5,5,84,1.9130422108208956e-05,1,85,Exact symbolic grid input; iteration bound is charged separately from the five-gate local rule.
E21,long_snake_blocked,FixedK16Wavefront,1,4096,16,2,8192,16384,1.0,65536.0,5,327680.0,5,5,5,76,0.00115966796875,1,77,Exact symbolic grid input; iteration bound is charged separately from the five-gate local rule.
E21,random_carved_reachable,BooleanWavefrontFull,2,4096,126,2,8192,16384,1.0,516096.0,5,2580480.0,5,5,5,78,0.00015113467261904762,1,79,Exact symbolic grid input; iteration bound is charged separately from the five-gate local rule.
E21,random_carved_reachable,FixedK16Wavefront,2,4096,16,2,8192,16384,1.0,65536.0,5,327680.0,5,5,5,76,0.00115966796875,4,80,Exact symbolic grid input; iteration bound is charged separately from the five-gate local rule.
E21,random_isolated_target,BooleanWavefrontFull,3,4096,127,2,8192,16384,1.0,520192.0,5,2600960.0,5,5,5,81,0.0001557117372047244,1,82,Exact symbolic grid input; iteration bound is charged separately from the five-gate local rule.
E21,random_isolated_target,FixedK16Wavefront,3,4096,16,2,8192,16384,1.0,65536.0,5,327680.0,5,5,5,76,0.00115966796875,1,77,Exact symbolic grid input; iteration bound is charged separately from the five-gate local rule.
E21,long_snake_reachable,BooleanWavefrontFull,4,4096,2078,2,8192,16384,1.0,8511488.0,5,42557440.0,5,5,5,85,9.986502947545718e-06,1,86,Exact symbolic grid input; iteration bound is charged separately from the five-gate local rule.
E21,long_snake_reachable,FixedK16Wavefront,4,4096,16,2,8192,16384,1.0,65536.0,5,327680.0,5,5,5,76,0.00115966796875,4,80,Exact symbolic grid input; iteration bound is charged separately from the five-gate local rule.
E21,long_snake_blocked,BooleanWavefrontFull,5,4096,1072,2,8192,16384,1.0,4390912.0,5,21954560.0,5,5,5,84,1.9130422108208956e-05,1,85,Exact symbolic grid input; iteration bound is charged separately from the five-gate local rule.
E21,long_snake_blocked,FixedK16Wavefront,5,4096,16,2,8192,16384,1.0,65536.0,5,327680.0,5,5,5,76,0.00115966796875,1,77,Exact symbolic grid input; iteration bound is charged separately from the five-gate local rule.
E21,random_carved_reachable,BooleanWavefrontFull,6,4096,126,2,8192,16384,1.0,516096.0,5,2580480.0,5,5,5,78,0.00015113467261904762,1,79,Exact symbolic grid input; iteration bound is charged separately from the five-gate local rule.
E21,random_carved_reachable,FixedK16Wavefront,6,4096,16,2,8192,16384,1.0,65536.0,5,327680.0,5,5,5,76,0.00115966796875,4,80,Exact symbolic grid input; iteration bound is charged separately from the five-gate local rule.
E21,random_isolated_target,BooleanWavefrontFull,7,4096,3,2,8192,16384,1.0,12288.0,5,61440.0,5,5,5,72,0.005859375,1,73,Exact symbolic grid input; iteration bound is charged separately from the five-gate local rule.
E21,random_isolated_target,FixedK16Wavefront,7,4096,3,2,8192,16384,1.0,12288.0,5,61440.0,5,5,5,72,0.005859375,1,73,Exact symbolic grid input; iteration bound is charged separately from the five-gate local rule.
E21,long_snake_reachable,BooleanWavefrontFull,8,4096,2078,2,8192,16384,1.0,8511488.0,5,42557440.0,5,5,5,85,9.986502947545718e-06,1,86,Exact symbolic grid input; iteration bound is charged separately from the five-gate local rule.
E21,long_snake_reachable,FixedK16Wavefront,8,4096,16,2,8192,16384,1.0,65536.0,5,327680.0,5,5,5,76,0.00115966796875,4,80,Exact symbolic grid input; iteration bound is charged separately from the five-gate local rule.
E21,long_snake_blocked,BooleanWavefrontFull,9,4096,1072,2,8192,16384,1.0,4390912.0,5,21954560.0,5,5,5,84,1.9130422108208956e-05,1,85,Exact symbolic grid input; iteration bound is charged separately from the five-gate local rule.
E21,long_snake_blocked,FixedK16Wavefront,9,4096,16,2,8192,16384,1.0,65536.0,5,327680.0,5,5,5,76,0.00115966796875,1,77,Exact symbolic grid input; iteration bound is charged separately from the five-gate local rule.
E21,random_carved_reachable,BooleanWavefrontFull,10,4096,126,2,8192,16384,1.0,516096.0,5,2580480.0,5,5,5,78,0.00015113467261904762,1,79,Exact symbolic grid input; iteration bound is charged separately from the five-gate local rule.
E21,random_carved_reachable,FixedK16Wavefront,10,4096,16,2,8192,16384,1.0,65536.0,5,327680.0,5,5,5,76,0.00115966796875,4,80,Exact symbolic grid input; iteration bound is charged separately from the five-gate local rule.
E21,random_isolated_target,BooleanWavefrontFull,11,4096,132,2,8192,16384,1.0,540672.0,5,2703360.0,5,5,5,81,0.0001498135653409091,1,82,Exact symbolic grid input; iteration bound is charged separately from the five-gate local rule.
E21,random_isolated_target,FixedK16Wavefront,11,4096,16,2,8192,16384,1.0,65536.0,5,327680.0,5,5,5,76,0.00115966796875,1,77,Exact symbolic grid input; iteration bound is charged separately from the five-gate local rule.
E21,long_snake_reachable,BooleanWavefrontFull,12,4096,2078,2,8192,16384,1.0,8511488.0,5,42557440.0,5,5,5,85,9.986502947545718e-06,1,86,Exact symbolic grid input; iteration bound is charged separately from the five-gate local rule.
E21,long_snake_reachable,FixedK16Wavefront,12,4096,16,2,8192,16384,1.0,65536.0,5,327680.0,5,5,5,76,0.00115966796875,4,80,Exact symbolic grid input; iteration bound is charged separately from the five-gate local rule.
E21,long_snake_blocked,BooleanWavefrontFull,13,4096,1072,2,8192,16384,1.0,4390912.0,5,21954560.0,5,5,5,84,1.9130422108208956e-05,1,85,Exact symbolic grid input; iteration bound is charged separately from the five-gate local rule.
E21,long_snake_blocked,FixedK16Wavefront,13,4096,16,2,8192,16384,1.0,65536.0,5,327680.0,5,5,5,76,0.00115966796875,1,77,Exact symbolic grid input; iteration bound is charged separately from the five-gate local rule.
E21,random_carved_reachable,BooleanWavefrontFull,14,4096,126,2,8192,16384,1.0,516096.0,5,2580480.0,5,5,5,78,0.00015113467261904762,1,79,Exact symbolic grid input; iteration bound is charged separately from the five-gate local rule.
E21,random_carved_reachable,FixedK16Wavefront,14,4096,16,2,8192,16384,1.0,65536.0,5,327680.0,5,5,5,76,0.00115966796875,4,80,Exact symbolic grid input; iteration bound is charged separately from the five-gate local rule.
E21,random_isolated_target,BooleanWavefrontFull,15,4096,130,2,8192,16384,1.0,532480.0,5,2662400.0,5,5,5,81,0.00015211838942307692,1,82,Exact symbolic grid input; iteration bound is charged separately from the five-gate local rule.
E21,random_isolated_target,FixedK16Wavefront,15,4096,16,2,8192,16384,1.0,65536.0,5,327680.0,5,5,5,76,0.00115966796875,1,77,Exact symbolic grid input; iteration bound is charged separately from the five-gate local rule.
E21,long_snake_reachable,BooleanWavefrontFull,16,4096,2078,2,8192,16384,1.0,8511488.0,5,42557440.0,5,5,5,85,9.986502947545718e-06,1,86,Exact symbolic grid input; iteration bound is charged separately from the five-gate local rule.
E21,long_snake_reachable,FixedK16Wavefront,16,4096,16,2,8192,16384,1.0,65536.0,5,327680.0,5,5,5,76,0.00115966796875,4,80,Exact symbolic grid input; iteration bound is charged separately from the five-gate local rule.
E21,long_snake_blocked,BooleanWavefrontFull,17,4096,1072,2,8192,16384,1.0,4390912.0,5,21954560.0,5,5,5,84,1.9130422108208956e-05,1,85,Exact symbolic grid input; iteration bound is charged separately from the five-gate local rule.
E21,long_snake_blocked,FixedK16Wavefront,17,4096,16,2,8192,16384,1.0,65536.0,5,327680.0,5,5,5,76,0.00115966796875,1,77,Exact symbolic grid input; iteration bound is charged separately from the five-gate local rule.
E21,random_carved_reachable,BooleanWavefrontFull,18,4096,126,2,8192,16384,1.0,516096.0,5,2580480.0,5,5,5,78,0.00015113467261904762,1,79,Exact symbolic grid input; iteration bound is charged separately from the five-gate local rule.
E21,random_carved_reachable,FixedK16Wavefront,18,4096,16,2,8192,16384,1.0,65536.0,5,327680.0,5,5,5,76,0.00115966796875,4,80,Exact symbolic grid input; iteration bound is charged separately from the five-gate local rule.
E21,random_isolated_target,BooleanWavefrontFull,19,4096,127,2,8192,16384,1.0,520192.0,5,2600960.0,5,5,5,81,0.0001557117372047244,1,82,Exact symbolic grid input; iteration bound is charged separately from the five-gate local rule.
E21,random_isolated_target,FixedK16Wavefront,19,4096,16,2,8192,16384,1.0,65536.0,5,327680.0,5,5,5,76,0.00115966796875,1,77,Exact symbolic grid input; iteration bound is charged separately from the five-gate local rule.
E21,long_snake_reachable,BooleanWavefrontFull,20,4096,2078,2,8192,16384,1.0,8511488.0,5,42557440.0,5,5,5,85,9.986502947545718e-06,1,86,Exact symbolic grid input; iteration bound is charged separately from the five-gate local rule.
E21,long_snake_reachable,FixedK16Wavefront,20,4096,16,2,8192,16384,1.0,65536.0,5,327680.0,5,5,5,76,0.00115966796875,4,80,Exact symbolic grid input; iteration bound is charged separately from the five-gate local rule.
E21,long_snake_blocked,BooleanWavefrontFull,21,4096,1072,2,8192,16384,1.0,4390912.0,5,21954560.0,5,5,5,84,1.9130422108208956e-05,1,85,Exact symbolic grid input; iteration bound is charged separately from the five-gate local rule.
E21,long_snake_blocked,FixedK16Wavefront,21,4096,16,2,8192,16384,1.0,65536.0,5,327680.0,5,5,5,76,0.00115966796875,1,77,Exact symbolic grid input; iteration bound is charged separately from the five-gate local rule.
E21,random_carved_reachable,BooleanWavefrontFull,22,4096,126,2,8192,16384,1.0,516096.0,5,2580480.0,5,5,5,78,0.00015113467261904762,1,79,Exact symbolic grid input; iteration bound is charged separately from the five-gate local rule.
E21,random_carved_reachable,FixedK16Wavefront,22,4096,16,2,8192,16384,1.0,65536.0,5,327680.0,5,5,5,76,0.00115966796875,4,80,Exact symbolic grid input; iteration bound is charged separately from the five-gate local rule.
E21,random_isolated_target,BooleanWavefrontFull,23,4096,2,2,8192,16384,1.0,8192.0,5,40960.0,5,5,5,71,0.0086669921875,1,72,Exact symbolic grid input; iteration bound is charged separately from the five-gate local rule.
E21,random_isolated_target,FixedK16Wavefront,23,4096,2,2,8192,16384,1.0,8192.0,5,40960.0,5,5,5,71,0.0086669921875,1,72,Exact symbolic grid input; iteration bound is charged separately from the five-gate local rule.
E21,long_snake_reachable,BooleanWavefrontFull,24,4096,2078,2,8192,16384,1.0,8511488.0,5,42557440.0,5,5,5,85,9.986502947545718e-06,1,86,Exact symbolic grid input; iteration bound is charged separately from the five-gate local rule.
E21,long_snake_reachable,FixedK16Wavefront,24,4096,16,2,8192,16384,1.0,65536.0,5,327680.0,5,5,5,76,0.00115966796875,4,80,Exact symbolic grid input; iteration bound is charged separately from the five-gate local rule.
E21,long_snake_blocked,BooleanWavefrontFull,25,4096,1072,2,8192,16384,1.0,4390912.0,5,21954560.0,5,5,5,84,1.9130422108208956e-05,1,85,Exact symbolic grid input; iteration bound is charged separately from the five-gate local rule.
E21,long_snake_blocked,FixedK16Wavefront,25,4096,16,2,8192,16384,1.0,65536.0,5,327680.0,5,5,5,76,0.00115966796875,1,77,Exact symbolic grid input; iteration bound is charged separately from the five-gate local rule.
E21,random_carved_reachable,BooleanWavefrontFull,26,4096,126,2,8192,16384,1.0,516096.0,5,2580480.0,5,5,5,78,0.00015113467261904762,1,79,Exact symbolic grid input; iteration bound is charged separately from the five-gate local rule.
E21,random_carved_reachable,FixedK16Wavefront,26,4096,16,2,8192,16384,1.0,65536.0,5,327680.0,5,5,5,76,0.00115966796875,4,80,Exact symbolic grid input; iteration bound is charged separately from the five-gate local rule.
E21,random_isolated_target,BooleanWavefrontFull,27,4096,128,2,8192,16384,1.0,524288.0,5,2621440.0,5,5,5,81,0.0001544952392578125,1,82,Exact symbolic grid input; iteration bound is charged separately from the five-gate local rule.
E21,random_isolated_target,FixedK16Wavefront,27,4096,16,2,8192,16384,1.0,65536.0,5,327680.0,5,5,5,76,0.00115966796875,1,77,Exact symbolic grid input; iteration bound is charged separately from the five-gate local rule.
E21,long_snake_reachable,BooleanWavefrontFull,28,4096,2078,2,8192,16384,1.0,8511488.0,5,42557440.0,5,5,5,85,9.986502947545718e-06,1,86,Exact symbolic grid input; iteration bound is charged separately from the five-gate local rule.
E21,long_snake_reachable,FixedK16Wavefront,28,4096,16,2,8192,16384,1.0,65536.0,5,327680.0,5,5,5,76,0.00115966796875,4,80,Exact symbolic grid input; iteration bound is charged separately from the five-gate local rule.
E21,long_snake_blocked,BooleanWavefrontFull,29,4096,1072,2,8192,16384,1.0,4390912.0,5,21954560.0,5,5,5,84,1.9130422108208956e-05,1,85,Exact symbolic grid input; iteration bound is charged separately from the five-gate local rule.
E21,long_snake_blocked,FixedK16Wavefront,29,4096,16,2,8192,16384,1.0,65536.0,5,327680.0,5,5,5,76,0.00115966796875,1,77,Exact symbolic grid input; iteration bound is charged separately from the five-gate local rule.
E21,random_carved_reachable,BooleanWavefrontFull,30,4096,126,2,8192,16384,1.0,516096.0,5,2580480.0,5,5,5,78,0.00015113467261904762,1,79,Exact symbolic grid input; iteration bound is charged separately from the five-gate local rule.
E21,random_carved_reachable,FixedK16Wavefront,30,4096,16,2,8192,16384,1.0,65536.0,5,327680.0,5,5,5,76,0.00115966796875,4,80,Exact symbolic grid input; iteration bound is charged separately from the five-gate local rule.
E21,random_isolated_target,BooleanWavefrontFull,31,4096,1,2,8192,16384,1.0,4096.0,5,20480.0,5,5,5,71,0.017333984375,1,72,Exact symbolic grid input; iteration bound is charged separately from the five-gate local rule.
E21,random_isolated_target,FixedK16Wavefront,31,4096,1,2,8192,16384,1.0,4096.0,5,20480.0,5,5,5,71,0.017333984375,1,72,Exact symbolic grid input; iteration bound is charged separately from the five-gate local rule.
E21,long_snake_reachable,BooleanWavefrontFull,32,4096,2078,2,8192,16384,1.0,8511488.0,5,42557440.0,5,5,5,85,9.986502947545718e-06,1,86,Exact symbolic grid input; iteration bound is charged separately from the five-gate local rule.
E21,long_snake_reachable,FixedK16Wavefront,32,4096,16,2,8192,16384,1.0,65536.0,5,327680.0,5,5,5,76,0.00115966796875,4,80,Exact symbolic grid input; iteration bound is charged separately from the five-gate local rule.
E21,long_snake_blocked,BooleanWavefrontFull,33,4096,1072,2,8192,16384,1.0,4390912.0,5,21954560.0,5,5,5,84,1.9130422108208956e-05,1,85,Exact symbolic grid input; iteration bound is charged separately from the five-gate local rule.
E21,long_snake_blocked,FixedK16Wavefront,33,4096,16,2,8192,16384,1.0,65536.0,5,327680.0,5,5,5,76,0.00115966796875,1,77,Exact symbolic grid input; iteration bound is charged separately from the five-gate local rule.
E21,random_carved_reachable,BooleanWavefrontFull,34,4096,126,2,8192,16384,1.0,516096.0,5,2580480.0,5,5,5,78,0.00015113467261904762,1,79,Exact symbolic grid input; iteration bound is charged separately from the five-gate local rule.
E21,random_carved_reachable,FixedK16Wavefront,34,4096,16,2,8192,16384,1.0,65536.0,5,327680.0,5,5,5,76,0.00115966796875,4,80,Exact symbolic grid input; iteration bound is charged separately from the five-gate local rule.
E21,random_isolated_target,BooleanWavefrontFull,35,4096,134,2,8192,16384,1.0,548864.0,5,2744320.0,5,5,5,81,0.00014757754197761193,1,82,Exact symbolic grid input; iteration bound is charged separately from the five-gate local rule.
E21,random_isolated_target,FixedK16Wavefront,35,4096,16,2,8192,16384,1.0,65536.0,5,327680.0,5,5,5,76,0.00115966796875,1,77,Exact symbolic grid input; iteration bound is charged separately from the five-gate local rule.
E21,long_snake_reachable,BooleanWavefrontFull,36,4096,2078,2,8192,16384,1.0,8511488.0,5,42557440.0,5,5,5,85,9.986502947545718e-06,1,86,Exact symbolic grid input; iteration bound is charged separately from the five-gate local rule.
E21,long_snake_reachable,FixedK16Wavefront,36,4096,16,2,8192,16384,1.0,65536.0,5,327680.0,5,5,5,76,0.00115966796875,4,80,Exact symbolic grid input; iteration bound is charged separately from the five-gate local rule.
E21,long_snake_blocked,BooleanWavefrontFull,37,4096,1072,2,8192,16384,1.0,4390912.0,5,21954560.0,5,5,5,84,1.9130422108208956e-05,1,85,Exact symbolic grid input; iteration bound is charged separately from the five-gate local rule.
E21,long_snake_blocked,FixedK16Wavefront,37,4096,16,2,8192,16384,1.0,65536.0,5,327680.0,5,5,5,76,0.00115966796875,1,77,Exact symbolic grid input; iteration bound is charged separately from the five-gate local rule.
E21,random_carved_reachable,BooleanWavefrontFull,38,4096,126,2,8192,16384,1.0,516096.0,5,2580480.0,5,5,5,78,0.00015113467261904762,1,79,Exact symbolic grid input; iteration bound is charged separately from the five-gate local rule.
E21,random_carved_reachable,FixedK16Wavefront,38,4096,16,2,8192,16384,1.0,65536.0,5,327680.0,5,5,5,76,0.00115966796875,4,80,Exact symbolic grid input; iteration bound is charged separately from the five-gate local rule.
E21,random_isolated_target,BooleanWavefrontFull,39,4096,123,2,8192,16384,1.0,503808.0,5,2519040.0,5,5,5,78,0.00015482088414634147,1,79,Exact symbolic grid input; iteration bound is charged separately from the five-gate local rule.
E21,random_isolated_target,FixedK16Wavefront,39,4096,16,2,8192,16384,1.0,65536.0,5,327680.0,5,5,5,76,0.00115966796875,1,77,Exact symbolic grid input; iteration bound is charged separately from the five-gate local rule.
E18,official_game_of_life,OfficialFrozenDigitalJS,-1,16384,300,1,16384,32768,1.0,4915200.0,223,1096089600.0,223,223,223,4566,0.000928955078125,1,4567,Generic fixed-width DigitalJS DAG upper code; the paper's 336 count is a separate artifact/counting scope.
E22,checkerboard_16,OfficialFrozenDigitalJS,0,256,20,8,2048,4096,1.0,5120.0,6,30720.0,6,6,5,302,0.058984375,1,303,Interpreter evaluates six released nodes; five remain after algebraic same-input simplification.
E22,checkerboard_16,OfficialFrozenDigitalJS,1,256,20,8,2048,4096,1.0,5120.0,6,30720.0,6,6,5,302,0.058984375,1,303,Interpreter evaluates six released nodes; five remain after algebraic same-input simplification.
E22,checkerboard_16,OfficialFrozenDigitalJS,2,256,20,8,2048,4096,1.0,5120.0,6,30720.0,6,6,5,302,0.058984375,1,303,Interpreter evaluates six released nodes; five remain after algebraic same-input simplification.
E22,checkerboard_16,OfficialFrozenDigitalJS,3,256,20,8,2048,4096,1.0,5120.0,6,30720.0,6,6,5,302,0.058984375,1,303,Interpreter evaluates six released nodes; five remain after algebraic same-input simplification.
E22,checkerboard_16,OfficialFrozenDigitalJS,4,256,20,8,2048,4096,1.0,5120.0,6,30720.0,6,6,5,302,0.058984375,1,303,Interpreter evaluates six released nodes; five remain after algebraic same-input simplification.
E22,checkerboard_64,OfficialFrozenDigitalJS,0,4096,80,8,32768,65536,1.0,327680.0,6,1966080.0,6,6,5,304,0.000927734375,1,305,Interpreter evaluates six released nodes; five remain after algebraic same-input simplification.
E22,checkerboard_64,OfficialFrozenDigitalJS,1,4096,80,8,32768,65536,1.0,327680.0,6,1966080.0,6,6,5,304,0.000927734375,1,305,Interpreter evaluates six released nodes; five remain after algebraic same-input simplification.
E22,checkerboard_64,OfficialFrozenDigitalJS,2,4096,80,8,32768,65536,1.0,327680.0,6,1966080.0,6,6,5,304,0.000927734375,1,305,Interpreter evaluates six released nodes; five remain after algebraic same-input simplification.
E22,checkerboard_64,OfficialFrozenDigitalJS,3,4096,80,8,32768,65536,1.0,327680.0,6,1966080.0,6,6,5,304,0.000927734375,1,305,Interpreter evaluates six released nodes; five remain after algebraic same-input simplification.
E22,checkerboard_64,OfficialFrozenDigitalJS,4,4096,80,8,32768,65536,1.0,327680.0,6,1966080.0,6,6,5,304,0.000927734375,1,305,Interpreter evaluates six released nodes; five remain after algebraic same-input simplification.
E22,checkerboard_direct_description,DirectCheckerboardProgram,-1,4096,1,1,4096,8192,1.0,4096.0,0,0.0,0,0,0,10,0.00244140625,1,11,"Competing target-language code pays family, shape-size, and phase; dimensions are public side information."
