case,family,n_inputs,seed,samples,output_ones,output_entropy_bits,truth_table_bits,best_function_language,best_function_bits,anf_terms,anf_degree,anf_gate_upper,best_robdd_nodes,best_robdd_order,threshold_exact,minimum_formula_gates,minimum_formula_exact,language,description_bits,saving_vs_truth_table_bits,selected
rule110,cellular_rule,3,-1,8,5,0.9544340029249649,8,TruthTable,11,4,3,6,4,0-1-2,0.0,4.0,1.0,TruthTable,11,-3,1.0
rule110,cellular_rule,3,-1,8,5,0.9544340029249649,8,TruthTable,11,4,3,6,4,0-1-2,0.0,4.0,1.0,Onset,14,-6,0.0
rule110,cellular_rule,3,-1,8,5,0.9544340029249649,8,TruthTable,11,4,3,6,4,0-1-2,0.0,4.0,1.0,ANF,15,-7,0.0
rule110,cellular_rule,3,-1,8,5,0.9544340029249649,8,TruthTable,11,4,3,6,4,0-1-2,0.0,4.0,1.0,ROBDD,38,-30,0.0
rule110,cellular_rule,3,-1,8,5,0.9544340029249649,8,TruthTable,11,4,3,6,4,0-1-2,0.0,4.0,1.0,ExactFormula,40,-32,0.0
majority3,threshold,3,-1,8,4,1.0,8,TruthTable,11,3,2,5,4,0-1-2,1.0,4.0,1.0,TruthTable,11,-3,1.0
majority3,threshold,3,-1,8,4,1.0,8,TruthTable,11,3,2,5,4,0-1-2,1.0,4.0,1.0,Onset,15,-7,0.0
majority3,threshold,3,-1,8,4,1.0,8,TruthTable,11,3,2,5,4,0-1-2,1.0,4.0,1.0,ANF,14,-6,0.0
majority3,threshold,3,-1,8,4,1.0,8,TruthTable,11,3,2,5,4,0-1-2,1.0,4.0,1.0,ROBDD,38,-30,0.0
majority3,threshold,3,-1,8,4,1.0,8,TruthTable,11,3,2,5,4,0-1-2,1.0,4.0,1.0,Threshold,20,-12,0.0
majority3,threshold,3,-1,8,4,1.0,8,TruthTable,11,3,2,5,4,0-1-2,1.0,4.0,1.0,ExactFormula,40,-32,0.0
parity4,parity,4,-1,16,8,1.0,16,ANF,19,4,1,3,7,0-1-2-3,0.0,3.0,1.0,TruthTable,19,-3,0.0
parity4,parity,4,-1,16,8,1.0,16,ANF,19,4,1,3,7,0-1-2-3,0.0,3.0,1.0,Onset,25,-9,0.0
parity4,parity,4,-1,16,8,1.0,16,ANF,19,4,1,3,7,0-1-2-3,0.0,3.0,1.0,ANF,19,-3,1.0
parity4,parity,4,-1,16,8,1.0,16,ANF,19,4,1,3,7,0-1-2-3,0.0,3.0,1.0,ROBDD,68,-52,0.0
parity4,parity,4,-1,16,8,1.0,16,ANF,19,4,1,3,7,0-1-2-3,0.0,3.0,1.0,ExactFormula,34,-18,0.0
sparse_dnf4,sparse_dnf,4,-1,16,7,0.9886994082884974,16,ANF,18,3,4,7,4,0-1-2-3,0.0,3.0,1.0,TruthTable,19,-3,0.0
sparse_dnf4,sparse_dnf,4,-1,16,7,0.9886994082884974,16,ANF,18,3,4,7,4,0-1-2-3,0.0,3.0,1.0,Onset,25,-9,0.0
sparse_dnf4,sparse_dnf,4,-1,16,7,0.9886994082884974,16,ANF,18,3,4,7,4,0-1-2-3,0.0,3.0,1.0,ANF,18,-2,1.0
sparse_dnf4,sparse_dnf,4,-1,16,7,0.9886994082884974,16,ANF,18,3,4,7,4,0-1-2-3,0.0,3.0,1.0,ROBDD,40,-24,0.0
sparse_dnf4,sparse_dnf,4,-1,16,7,0.9886994082884974,16,ANF,18,3,4,7,4,0-1-2-3,0.0,3.0,1.0,ExactFormula,34,-18,0.0
mux4,decision,4,-1,16,8,1.0,16,ANF,18,3,2,4,3,0-1-2-3,0.0,3.0,1.0,TruthTable,19,-3,0.0
mux4,decision,4,-1,16,8,1.0,16,ANF,18,3,2,4,3,0-1-2-3,0.0,3.0,1.0,Onset,25,-9,0.0
mux4,decision,4,-1,16,8,1.0,16,ANF,18,3,2,4,3,0-1-2-3,0.0,3.0,1.0,ANF,18,-2,1.0
mux4,decision,4,-1,16,8,1.0,16,ANF,18,3,2,4,3,0-1-2-3,0.0,3.0,1.0,ROBDD,32,-16,0.0
mux4,decision,4,-1,16,8,1.0,16,ANF,18,3,2,4,3,0-1-2-3,0.0,3.0,1.0,ExactFormula,34,-18,0.0
reused_subexpr4,reuse,4,-1,16,6,0.9544340029249649,16,TruthTable,19,6,3,13,5,0-1-2-3,0.0,3.0,1.0,TruthTable,19,-3,1.0
reused_subexpr4,reuse,4,-1,16,6,0.9544340029249649,16,TruthTable,19,6,3,13,5,0-1-2-3,0.0,3.0,1.0,Onset,21,-5,0.0
reused_subexpr4,reuse,4,-1,16,6,0.9544340029249649,16,TruthTable,19,6,3,13,5,0-1-2-3,0.0,3.0,1.0,ANF,21,-5,0.0
reused_subexpr4,reuse,4,-1,16,6,0.9544340029249649,16,TruthTable,19,6,3,13,5,0-1-2-3,0.0,3.0,1.0,ROBDD,48,-32,0.0
reused_subexpr4,reuse,4,-1,16,6,0.9544340029249649,16,TruthTable,19,6,3,13,5,0-1-2-3,0.0,3.0,1.0,ExactFormula,34,-18,0.0
random_balanced4_s0,random_balanced,4,0,16,8,1.0,16,ANF,18,3,2,3,4,0-2-3-1,0.0,3.0,1.0,TruthTable,19,-3,0.0
random_balanced4_s0,random_balanced,4,0,16,8,1.0,16,ANF,18,3,2,3,4,0-2-3-1,0.0,3.0,1.0,Onset,25,-9,0.0
random_balanced4_s0,random_balanced,4,0,16,8,1.0,16,ANF,18,3,2,3,4,0-2-3-1,0.0,3.0,1.0,ANF,18,-2,1.0
random_balanced4_s0,random_balanced,4,0,16,8,1.0,16,ANF,18,3,2,3,4,0-2-3-1,0.0,3.0,1.0,ROBDD,40,-24,0.0
random_balanced4_s0,random_balanced,4,0,16,8,1.0,16,ANF,18,3,2,3,4,0-2-3-1,0.0,3.0,1.0,ExactFormula,34,-18,0.0
random_balanced4_s1,random_balanced,4,1,16,8,1.0,16,TruthTable,19,7,3,14,6,1-2-0-3,0.0,6.0,1.0,TruthTable,19,-3,1.0
random_balanced4_s1,random_balanced,4,1,16,8,1.0,16,TruthTable,19,7,3,14,6,1-2-0-3,0.0,6.0,1.0,Onset,25,-9,0.0
random_balanced4_s1,random_balanced,4,1,16,8,1.0,16,TruthTable,19,7,3,14,6,1-2-0-3,0.0,6.0,1.0,ANF,25,-9,0.0
random_balanced4_s1,random_balanced,4,1,16,8,1.0,16,TruthTable,19,7,3,14,6,1-2-0-3,0.0,6.0,1.0,ROBDD,56,-40,0.0
random_balanced4_s1,random_balanced,4,1,16,8,1.0,16,TruthTable,19,7,3,14,6,1-2-0-3,0.0,6.0,1.0,ExactFormula,59,-43,0.0
random_balanced4_s2,random_balanced,4,2,16,8,1.0,16,TruthTable,19,8,3,15,8,0-1-2-3,0.0,7.0,1.0,TruthTable,19,-3,1.0
random_balanced4_s2,random_balanced,4,2,16,8,1.0,16,TruthTable,19,8,3,15,8,0-1-2-3,0.0,7.0,1.0,Onset,25,-9,0.0
random_balanced4_s2,random_balanced,4,2,16,8,1.0,16,TruthTable,19,8,3,15,8,0-1-2-3,0.0,7.0,1.0,ANF,25,-9,0.0
random_balanced4_s2,random_balanced,4,2,16,8,1.0,16,TruthTable,19,8,3,15,8,0-1-2-3,0.0,7.0,1.0,ROBDD,78,-62,0.0
random_balanced4_s2,random_balanced,4,2,16,8,1.0,16,TruthTable,19,8,3,15,8,0-1-2-3,0.0,7.0,1.0,ExactFormula,71,-55,0.0
random_balanced4_s3,random_balanced,4,3,16,8,1.0,16,TruthTable,19,6,3,11,7,2-3-0-1,0.0,6.0,1.0,TruthTable,19,-3,1.0
random_balanced4_s3,random_balanced,4,3,16,8,1.0,16,TruthTable,19,6,3,11,7,2-3-0-1,0.0,6.0,1.0,Onset,25,-9,0.0
random_balanced4_s3,random_balanced,4,3,16,8,1.0,16,TruthTable,19,6,3,11,7,2-3-0-1,0.0,6.0,1.0,ANF,21,-5,0.0
random_balanced4_s3,random_balanced,4,3,16,8,1.0,16,TruthTable,19,6,3,11,7,2-3-0-1,0.0,6.0,1.0,ROBDD,68,-52,0.0
random_balanced4_s3,random_balanced,4,3,16,8,1.0,16,TruthTable,19,6,3,11,7,2-3-0-1,0.0,6.0,1.0,ExactFormula,59,-43,0.0
random_balanced4_s4,random_balanced,4,4,16,8,1.0,16,TruthTable,19,8,3,17,5,0-3-2-1,0.0,5.0,1.0,TruthTable,19,-3,1.0
random_balanced4_s4,random_balanced,4,4,16,8,1.0,16,TruthTable,19,8,3,17,5,0-3-2-1,0.0,5.0,1.0,Onset,25,-9,0.0
random_balanced4_s4,random_balanced,4,4,16,8,1.0,16,TruthTable,19,8,3,17,5,0-3-2-1,0.0,5.0,1.0,ANF,25,-9,0.0
random_balanced4_s4,random_balanced,4,4,16,8,1.0,16,TruthTable,19,8,3,17,5,0-3-2-1,0.0,5.0,1.0,ROBDD,48,-32,0.0
random_balanced4_s4,random_balanced,4,4,16,8,1.0,16,TruthTable,19,8,3,17,5,0-3-2-1,0.0,5.0,1.0,ExactFormula,50,-34,0.0
random_balanced4_s5,random_balanced,4,5,16,8,1.0,16,TruthTable,19,9,3,16,8,0-1-2-3,0.0,6.0,1.0,TruthTable,19,-3,1.0
random_balanced4_s5,random_balanced,4,5,16,8,1.0,16,TruthTable,19,9,3,16,8,0-1-2-3,0.0,6.0,1.0,Onset,25,-9,0.0
random_balanced4_s5,random_balanced,4,5,16,8,1.0,16,TruthTable,19,9,3,16,8,0-1-2-3,0.0,6.0,1.0,ANF,25,-9,0.0
random_balanced4_s5,random_balanced,4,5,16,8,1.0,16,TruthTable,19,9,3,16,8,0-1-2-3,0.0,6.0,1.0,ROBDD,78,-62,0.0
random_balanced4_s5,random_balanced,4,5,16,8,1.0,16,TruthTable,19,9,3,16,8,0-1-2-3,0.0,6.0,1.0,ExactFormula,59,-43,0.0
random_balanced4_s6,random_balanced,4,6,16,8,1.0,16,TruthTable,19,7,3,13,4,1-2-0-3,0.0,5.0,1.0,TruthTable,19,-3,1.0
random_balanced4_s6,random_balanced,4,6,16,8,1.0,16,TruthTable,19,7,3,13,4,1-2-0-3,0.0,5.0,1.0,Onset,25,-9,0.0
random_balanced4_s6,random_balanced,4,6,16,8,1.0,16,TruthTable,19,7,3,13,4,1-2-0-3,0.0,5.0,1.0,ANF,25,-9,0.0
random_balanced4_s6,random_balanced,4,6,16,8,1.0,16,TruthTable,19,7,3,13,4,1-2-0-3,0.0,5.0,1.0,ROBDD,40,-24,0.0
random_balanced4_s6,random_balanced,4,6,16,8,1.0,16,TruthTable,19,7,3,13,4,1-2-0-3,0.0,5.0,1.0,ExactFormula,50,-34,0.0
random_balanced4_s7,random_balanced,4,7,16,8,1.0,16,TruthTable,19,5,2,7,5,3-0-1-2,0.0,5.0,1.0,TruthTable,19,-3,1.0
random_balanced4_s7,random_balanced,4,7,16,8,1.0,16,TruthTable,19,5,2,7,5,3-0-1-2,0.0,5.0,1.0,Onset,25,-9,0.0
random_balanced4_s7,random_balanced,4,7,16,8,1.0,16,TruthTable,19,5,2,7,5,3-0-1-2,0.0,5.0,1.0,ANF,21,-5,0.0
random_balanced4_s7,random_balanced,4,7,16,8,1.0,16,TruthTable,19,5,2,7,5,3-0-1-2,0.0,5.0,1.0,ROBDD,48,-32,0.0
random_balanced4_s7,random_balanced,4,7,16,8,1.0,16,TruthTable,19,5,2,7,5,3-0-1-2,0.0,5.0,1.0,ExactFormula,50,-34,0.0
random_balanced4_s8,random_balanced,4,8,16,8,1.0,16,TruthTable,19,7,3,15,7,1-3-0-2,0.0,7.0,1.0,TruthTable,19,-3,1.0
random_balanced4_s8,random_balanced,4,8,16,8,1.0,16,TruthTable,19,7,3,15,7,1-3-0-2,0.0,7.0,1.0,Onset,25,-9,0.0
random_balanced4_s8,random_balanced,4,8,16,8,1.0,16,TruthTable,19,7,3,15,7,1-3-0-2,0.0,7.0,1.0,ANF,25,-9,0.0
random_balanced4_s8,random_balanced,4,8,16,8,1.0,16,TruthTable,19,7,3,15,7,1-3-0-2,0.0,7.0,1.0,ROBDD,68,-52,0.0
random_balanced4_s8,random_balanced,4,8,16,8,1.0,16,TruthTable,19,7,3,15,7,1-3-0-2,0.0,7.0,1.0,ExactFormula,71,-55,0.0
random_balanced4_s9,random_balanced,4,9,16,8,1.0,16,TruthTable,19,9,3,18,8,0-1-2-3,0.0,6.0,1.0,TruthTable,19,-3,1.0
random_balanced4_s9,random_balanced,4,9,16,8,1.0,16,TruthTable,19,9,3,18,8,0-1-2-3,0.0,6.0,1.0,Onset,25,-9,0.0
random_balanced4_s9,random_balanced,4,9,16,8,1.0,16,TruthTable,19,9,3,18,8,0-1-2-3,0.0,6.0,1.0,ANF,25,-9,0.0
random_balanced4_s9,random_balanced,4,9,16,8,1.0,16,TruthTable,19,9,3,18,8,0-1-2-3,0.0,6.0,1.0,ROBDD,78,-62,0.0
random_balanced4_s9,random_balanced,4,9,16,8,1.0,16,TruthTable,19,9,3,18,8,0-1-2-3,0.0,6.0,1.0,ExactFormula,59,-43,0.0
and2_of_6,sparse_conjunction,6,-1,64,16,0.8112781244591328,64,ANF,13,1,2,1,2,0-1-2-3-4-5,1.0,,0.0,TruthTable,67,-3,0.0
and2_of_6,sparse_conjunction,6,-1,64,16,0.8112781244591328,64,ANF,13,1,2,1,2,0-1-2-3-4-5,1.0,,0.0,Onset,61,3,0.0
and2_of_6,sparse_conjunction,6,-1,64,16,0.8112781244591328,64,ANF,13,1,2,1,2,0-1-2-3-4-5,1.0,,0.0,ANF,13,51,1.0
and2_of_6,sparse_conjunction,6,-1,64,16,0.8112781244591328,64,ANF,13,1,2,1,2,0-1-2-3-4-5,1.0,,0.0,ROBDD,31,33,0.0
and2_of_6,sparse_conjunction,6,-1,64,16,0.8112781244591328,64,ANF,13,1,2,1,2,0-1-2-3-4-5,1.0,,0.0,Threshold,20,44,0.0
parity6,parity,6,-1,64,32,1.0,64,ANF,35,6,1,5,11,0-1-2-3-4-5,0.0,,0.0,TruthTable,67,-3,0.0
parity6,parity,6,-1,64,32,1.0,64,ANF,35,6,1,5,11,0-1-2-3-4-5,0.0,,0.0,Onset,74,-10,0.0
parity6,parity,6,-1,64,32,1.0,64,ANF,35,6,1,5,11,0-1-2-3-4-5,0.0,,0.0,ANF,35,29,1.0
parity6,parity,6,-1,64,32,1.0,64,ANF,35,6,1,5,11,0-1-2-3-4-5,0.0,,0.0,ROBDD,124,-60,0.0
majority6,threshold,6,-1,64,42,0.9283620723948676,64,Threshold,32,35,4,119,12,0-1-2-3-4-5,1.0,,0.0,TruthTable,67,-3,0.0
majority6,threshold,6,-1,64,42,0.9283620723948676,64,Threshold,32,35,4,119,12,0-1-2-3-4-5,1.0,,0.0,Onset,70,-6,0.0
majority6,threshold,6,-1,64,42,0.9283620723948676,64,Threshold,32,35,4,119,12,0-1-2-3-4-5,1.0,,0.0,ANF,74,-10,0.0
majority6,threshold,6,-1,64,42,0.9283620723948676,64,Threshold,32,35,4,119,12,0-1-2-3-4-5,1.0,,0.0,ROBDD,135,-71,0.0
majority6,threshold,6,-1,64,42,0.9283620723948676,64,Threshold,32,35,4,119,12,0-1-2-3-4-5,1.0,,0.0,Threshold,32,32,1.0
sparse_dnf6,sparse_dnf,6,-1,64,28,0.9886994082884974,64,ANF,24,3,4,7,4,0-1-2-3-4-5,0.0,,0.0,TruthTable,67,-3,0.0
sparse_dnf6,sparse_dnf,6,-1,64,28,0.9886994082884974,64,ANF,24,3,4,7,4,0-1-2-3-4-5,0.0,,0.0,Onset,72,-8,0.0
sparse_dnf6,sparse_dnf,6,-1,64,28,0.9886994082884974,64,ANF,24,3,4,7,4,0-1-2-3-4-5,0.0,,0.0,ANF,24,40,1.0
sparse_dnf6,sparse_dnf,6,-1,64,28,0.9886994082884974,64,ANF,24,3,4,7,4,0-1-2-3-4-5,0.0,,0.0,ROBDD,49,15,0.0
permuted_local6,variable_permutation,6,-1,64,28,0.9886994082884974,64,ANF,24,3,4,7,4,0-1-3-4-2-5,0.0,,0.0,TruthTable,67,-3,0.0
permuted_local6,variable_permutation,6,-1,64,28,0.9886994082884974,64,ANF,24,3,4,7,4,0-1-3-4-2-5,0.0,,0.0,Onset,72,-8,0.0
permuted_local6,variable_permutation,6,-1,64,28,0.9886994082884974,64,ANF,24,3,4,7,4,0-1-3-4-2-5,0.0,,0.0,ANF,24,40,1.0
permuted_local6,variable_permutation,6,-1,64,28,0.9886994082884974,64,ANF,24,3,4,7,4,0-1-3-4-2-5,0.0,,0.0,ROBDD,49,15,0.0
reused_subexpr6,reuse,6,-1,64,28,0.9886994082884974,64,ANF,57,14,4,37,6,0-1-2-3-4-5,0.0,,0.0,TruthTable,67,-3,0.0
reused_subexpr6,reuse,6,-1,64,28,0.9886994082884974,64,ANF,57,14,4,37,6,0-1-2-3-4-5,0.0,,0.0,Onset,72,-8,0.0
reused_subexpr6,reuse,6,-1,64,28,0.9886994082884974,64,ANF,57,14,4,37,6,0-1-2-3-4-5,0.0,,0.0,ANF,57,7,1.0
reused_subexpr6,reuse,6,-1,64,28,0.9886994082884974,64,ANF,57,14,4,37,6,0-1-2-3-4-5,0.0,,0.0,ROBDD,67,-3,0.0
random_balanced6_s0,random_balanced,6,0,64,32,1.0,64,TruthTable,67,36,5,117,21,1-2-5-0-3-4,0.0,,0.0,TruthTable,67,-3,1.0
random_balanced6_s0,random_balanced,6,0,64,32,1.0,64,TruthTable,67,36,5,117,21,1-2-5-0-3-4,0.0,,0.0,Onset,74,-10,0.0
random_balanced6_s0,random_balanced,6,0,64,32,1.0,64,TruthTable,67,36,5,117,21,1-2-5-0-3-4,0.0,,0.0,ANF,73,-9,0.0
random_balanced6_s0,random_balanced,6,0,64,32,1.0,64,TruthTable,67,36,5,117,21,1-2-5-0-3-4,0.0,,0.0,ROBDD,248,-184,0.0
random_balanced6_s1,random_balanced,6,1,64,32,1.0,64,TruthTable,67,32,5,90,20,1-2-4-5-0-3,0.0,,0.0,TruthTable,67,-3,1.0
random_balanced6_s1,random_balanced,6,1,64,32,1.0,64,TruthTable,67,32,5,90,20,1-2-4-5-0-3,0.0,,0.0,Onset,74,-10,0.0
random_balanced6_s1,random_balanced,6,1,64,32,1.0,64,TruthTable,67,32,5,90,20,1-2-4-5-0-3,0.0,,0.0,ANF,74,-10,0.0
random_balanced6_s1,random_balanced,6,1,64,32,1.0,64,TruthTable,67,32,5,90,20,1-2-4-5-0-3,0.0,,0.0,ROBDD,235,-171,0.0
random_balanced6_s2,random_balanced,6,2,64,32,1.0,64,TruthTable,67,33,5,92,18,0-1-5-2-3-4,0.0,,0.0,TruthTable,67,-3,1.0
random_balanced6_s2,random_balanced,6,2,64,32,1.0,64,TruthTable,67,33,5,92,18,0-1-5-2-3-4,0.0,,0.0,Onset,74,-10,0.0
random_balanced6_s2,random_balanced,6,2,64,32,1.0,64,TruthTable,67,33,5,92,18,0-1-5-2-3-4,0.0,,0.0,ANF,74,-10,0.0
random_balanced6_s2,random_balanced,6,2,64,32,1.0,64,TruthTable,67,33,5,92,18,0-1-5-2-3-4,0.0,,0.0,ROBDD,209,-145,0.0
random_balanced6_s3,random_balanced,6,3,64,32,1.0,64,TruthTable,67,31,5,88,21,0-2-5-1-3-4,0.0,,0.0,TruthTable,67,-3,1.0
random_balanced6_s3,random_balanced,6,3,64,32,1.0,64,TruthTable,67,31,5,88,21,0-2-5-1-3-4,0.0,,0.0,Onset,74,-10,0.0
random_balanced6_s3,random_balanced,6,3,64,32,1.0,64,TruthTable,67,31,5,88,21,0-2-5-1-3-4,0.0,,0.0,ANF,74,-10,0.0
random_balanced6_s3,random_balanced,6,3,64,32,1.0,64,TruthTable,67,31,5,88,21,0-2-5-1-3-4,0.0,,0.0,ROBDD,248,-184,0.0
random_balanced6_s4,random_balanced,6,4,64,32,1.0,64,TruthTable,67,36,5,98,21,0-1-2-5-3-4,0.0,,0.0,TruthTable,67,-3,1.0
random_balanced6_s4,random_balanced,6,4,64,32,1.0,64,TruthTable,67,36,5,98,21,0-1-2-5-3-4,0.0,,0.0,Onset,74,-10,0.0
random_balanced6_s4,random_balanced,6,4,64,32,1.0,64,TruthTable,67,36,5,98,21,0-1-2-5-3-4,0.0,,0.0,ANF,73,-9,0.0
random_balanced6_s4,random_balanced,6,4,64,32,1.0,64,TruthTable,67,36,5,98,21,0-1-2-5-3-4,0.0,,0.0,ROBDD,248,-184,0.0
random_balanced6_s5,random_balanced,6,5,64,32,1.0,64,TruthTable,67,32,5,91,21,2-3-5-1-0-4,0.0,,0.0,TruthTable,67,-3,1.0
random_balanced6_s5,random_balanced,6,5,64,32,1.0,64,TruthTable,67,32,5,91,21,2-3-5-1-0-4,0.0,,0.0,Onset,74,-10,0.0
random_balanced6_s5,random_balanced,6,5,64,32,1.0,64,TruthTable,67,32,5,91,21,2-3-5-1-0-4,0.0,,0.0,ANF,74,-10,0.0
random_balanced6_s5,random_balanced,6,5,64,32,1.0,64,TruthTable,67,32,5,91,21,2-3-5-1-0-4,0.0,,0.0,ROBDD,248,-184,0.0
random_balanced6_s6,random_balanced,6,6,64,32,1.0,64,TruthTable,67,33,5,102,21,0-3-5-2-1-4,0.0,,0.0,TruthTable,67,-3,1.0
random_balanced6_s6,random_balanced,6,6,64,32,1.0,64,TruthTable,67,33,5,102,21,0-3-5-2-1-4,0.0,,0.0,Onset,74,-10,0.0
random_balanced6_s6,random_balanced,6,6,64,32,1.0,64,TruthTable,67,33,5,102,21,0-3-5-2-1-4,0.0,,0.0,ANF,74,-10,0.0
random_balanced6_s6,random_balanced,6,6,64,32,1.0,64,TruthTable,67,33,5,102,21,0-3-5-2-1-4,0.0,,0.0,ROBDD,248,-184,0.0
random_balanced6_s7,random_balanced,6,7,64,32,1.0,64,TruthTable,67,23,5,62,20,0-3-5-1-4-2,0.0,,0.0,TruthTable,67,-3,1.0
random_balanced6_s7,random_balanced,6,7,64,32,1.0,64,TruthTable,67,23,5,62,20,0-3-5-1-4-2,0.0,,0.0,Onset,74,-10,0.0
random_balanced6_s7,random_balanced,6,7,64,32,1.0,64,TruthTable,67,23,5,62,20,0-3-5-1-4-2,0.0,,0.0,ANF,70,-6,0.0
random_balanced6_s7,random_balanced,6,7,64,32,1.0,64,TruthTable,67,23,5,62,20,0-3-5-1-4-2,0.0,,0.0,ROBDD,235,-171,0.0
random_balanced6_s8,random_balanced,6,8,64,32,1.0,64,TruthTable,67,34,5,96,22,0-1-2-4-3-5,0.0,,0.0,TruthTable,67,-3,1.0
random_balanced6_s8,random_balanced,6,8,64,32,1.0,64,TruthTable,67,34,5,96,22,0-1-2-4-3-5,0.0,,0.0,Onset,74,-10,0.0
random_balanced6_s8,random_balanced,6,8,64,32,1.0,64,TruthTable,67,34,5,96,22,0-1-2-4-3-5,0.0,,0.0,ANF,74,-10,0.0
random_balanced6_s8,random_balanced,6,8,64,32,1.0,64,TruthTable,67,34,5,96,22,0-1-2-4-3-5,0.0,,0.0,ROBDD,261,-197,0.0
random_balanced6_s9,random_balanced,6,9,64,32,1.0,64,TruthTable,67,32,5,102,21,0-1-2-5-3-4,0.0,,0.0,TruthTable,67,-3,1.0
random_balanced6_s9,random_balanced,6,9,64,32,1.0,64,TruthTable,67,32,5,102,21,0-1-2-5-3-4,0.0,,0.0,Onset,74,-10,0.0
random_balanced6_s9,random_balanced,6,9,64,32,1.0,64,TruthTable,67,32,5,102,21,0-1-2-5-3-4,0.0,,0.0,ANF,74,-10,0.0
random_balanced6_s9,random_balanced,6,9,64,32,1.0,64,TruthTable,67,32,5,102,21,0-1-2-5-3-4,0.0,,0.0,ROBDD,248,-184,0.0
