section,family,train_fraction,method,metric,mean,std,ci95_low,ci95_high,n,samples,objects,width,layers,epsilon
predicate,compositional,0.25,GateBeam,iid_accuracy,0.905056179775281,0.08998317332855275,0.8488764044943821,0.954494382022472,10,,,,,
predicate,compositional,0.25,GateBeam,ood_accuracy,0.8722222222222221,0.17577966629754496,0.7611111111111112,0.9666666666666666,10,,,,,
predicate,compositional,0.25,GateBeam,ood_balanced_accuracy,0.9089285714285715,0.11555900319730458,0.8392857142857142,0.975,10,,,,,
predicate,compositional,0.25,GateBeam,ood_tpr,0.975,0.07905694150420949,0.925,1.0,10,,,,,
predicate,compositional,0.25,GateBeam,ood_tnr,0.8428571428571429,0.22787592598105522,0.7,0.9714285714285715,10,,,,,
predicate,compositional,0.25,GateBeam,ood_f1,0.8287606837606838,0.21011198511795726,0.7018376068376068,0.9422222222222223,10,,,,,
predicate,compositional,0.25,GateBeam,ood_mcc,0.787935142548806,0.25933420057398915,0.6296664116250388,0.9357142857142857,10,,,,,
predicate,compositional,0.25,GateBeam,full_accuracy,0.924609375,0.06800939677019006,0.883203125,0.96328125,10,,,,,
predicate,compositional,0.25,GateBeam,fit_seconds,0.6978397100232542,0.1051861684440252,0.6293759114824934,0.7514512245042715,10,,,,,
predicate,compositional,0.25,GateBeam,gate_count,10.5,2.5055493963954847,8.9,11.8,10,,,,,
predicate,compositional,0.25,MLP,iid_accuracy,0.7904494382022471,0.033294384516654285,0.7707865168539326,0.8095505617977528,10,,,,,
predicate,compositional,0.25,MLP,ood_accuracy,0.6277777777777778,0.07878536068956535,0.5833333333333333,0.6722222222222223,10,,,,,
predicate,compositional,0.25,MLP,ood_balanced_accuracy,0.6892857142857143,0.056594592019070036,0.6571428571428571,0.7232142857142857,10,,,,,
predicate,compositional,0.25,MLP,ood_tpr,0.8,0.15811388300841897,0.7,0.9,10,,,,,
predicate,compositional,0.25,MLP,ood_tnr,0.5785714285714285,0.12799695291157728,0.5,0.657142857142857,10,,,,,
predicate,compositional,0.25,MLP,ood_f1,0.489366515837104,0.0604584371127053,0.45516483516483514,0.5265934065934066,10,,,,,
predicate,compositional,0.25,MLP,ood_mcc,0.3250053742167315,0.09811608288046003,0.267134613325931,0.3825562701767151,10,,,,,
predicate,compositional,0.25,MLP,full_accuracy,0.828125,0.024567659198064074,0.81328125,0.8421875,10,,,,,
predicate,compositional,0.25,MLP,fit_seconds,0.18843722997698928,0.013189865300028551,0.18056145871232726,0.19589219568297261,10,,,,,
predicate,compositional,0.25,MLP,gate_count,,,,,10,,,,,
predicate,compositional,0.25,OracleRule,iid_accuracy,1.0,0.0,1.0,1.0,10,,,,,
predicate,compositional,0.25,OracleRule,ood_accuracy,1.0,0.0,1.0,1.0,10,,,,,
predicate,compositional,0.25,OracleRule,ood_balanced_accuracy,1.0,0.0,1.0,1.0,10,,,,,
predicate,compositional,0.25,OracleRule,ood_tpr,1.0,0.0,1.0,1.0,10,,,,,
predicate,compositional,0.25,OracleRule,ood_tnr,1.0,0.0,1.0,1.0,10,,,,,
predicate,compositional,0.25,OracleRule,ood_f1,1.0,0.0,1.0,1.0,10,,,,,
predicate,compositional,0.25,OracleRule,ood_mcc,1.0,0.0,1.0,1.0,10,,,,,
predicate,compositional,0.25,OracleRule,full_accuracy,1.0,0.0,1.0,1.0,10,,,,,
predicate,compositional,0.25,OracleRule,fit_seconds,0.0,0.0,0.0,0.0,10,,,,,
predicate,compositional,0.25,OracleRule,gate_count,,,,,10,,,,,
predicate,compositional,0.25,TruthMemorizer,iid_accuracy,0.5612359550561796,0.02041971471690484,0.548876404494382,0.5724719101123596,10,,,,,
predicate,compositional,0.25,TruthMemorizer,ood_accuracy,0.22222222222222224,2.925694557147251e-17,0.22222222222222224,0.22222222222222224,10,,,,,
predicate,compositional,0.25,TruthMemorizer,ood_balanced_accuracy,0.5,0.0,0.5,0.5,10,,,,,
predicate,compositional,0.25,TruthMemorizer,ood_tpr,1.0,0.0,1.0,1.0,10,,,,,
predicate,compositional,0.25,TruthMemorizer,ood_tnr,0.0,0.0,0.0,0.0,10,,,,,
predicate,compositional,0.25,TruthMemorizer,ood_f1,0.36363636363636365,5.851389114294502e-17,0.36363636363636365,0.36363636363636365,10,,,,,
predicate,compositional,0.25,TruthMemorizer,ood_mcc,0.0,0.0,0.0,0.0,10,,,,,
predicate,compositional,0.25,TruthMemorizer,full_accuracy,0.640234375,0.014198082889097897,0.63125,0.648046875,10,,,,,
predicate,compositional,0.25,TruthMemorizer,fit_seconds,0.0,0.0,0.0,0.0,10,,,,,
predicate,compositional,0.25,TruthMemorizer,gate_count,,,,,10,,,,,
predicate,compositional,0.5,GateBeam,iid_accuracy,0.9932773109243698,0.021259009480123523,0.9798319327731093,1.0,10,,,,,
predicate,compositional,0.5,GateBeam,ood_accuracy,1.0,0.0,1.0,1.0,10,,,,,
predicate,compositional,0.5,GateBeam,ood_balanced_accuracy,1.0,0.0,1.0,1.0,10,,,,,
predicate,compositional,0.5,GateBeam,ood_tpr,1.0,0.0,1.0,1.0,10,,,,,
predicate,compositional,0.5,GateBeam,ood_tnr,1.0,0.0,1.0,1.0,10,,,,,
predicate,compositional,0.5,GateBeam,ood_f1,1.0,0.0,1.0,1.0,10,,,,,
predicate,compositional,0.5,GateBeam,ood_mcc,1.0,0.0,1.0,1.0,10,,,,,
predicate,compositional,0.5,GateBeam,full_accuracy,0.9953125,0.014823176532039278,0.9859375,1.0,10,,,,,
predicate,compositional,0.5,GateBeam,fit_seconds,0.7834871499799192,0.08820336117431425,0.7386291872116272,0.8402556832542177,10,,,,,
predicate,compositional,0.5,GateBeam,gate_count,11.4,1.2649110640673518,11.0,12.2,10,,,,,
predicate,compositional,0.5,MLP,iid_accuracy,0.8865546218487396,0.04121551532090241,0.86218487394958,0.9100840336134455,10,,,,,
predicate,compositional,0.5,MLP,ood_accuracy,0.7666666666666667,0.11944085553034887,0.6944444444444444,0.8334722222222203,10,,,,,
predicate,compositional,0.5,MLP,ood_balanced_accuracy,0.8232142857142858,0.1042771522904031,0.7607142857142858,0.8821428571428571,10,,,,,
predicate,compositional,0.5,MLP,ood_tpr,0.925,0.12076147288491199,0.85,1.0,10,,,,,
predicate,compositional,0.5,MLP,ood_tnr,0.7214285714285714,0.14065767131182788,0.6357142857142858,0.8,10,,,,,
predicate,compositional,0.5,MLP,ood_f1,0.6532844932844932,0.13701161714148075,0.5740259740259741,0.7365656565656565,10,,,,,
predicate,compositional,0.5,MLP,ood_mcc,0.5594042348526651,0.19186955298581262,0.4425110182513653,0.6703030932657739,10,,,,,
predicate,compositional,0.5,MLP,full_accuracy,0.930859375,0.026304017049379128,0.915234375,0.9461035156249998,10,,,,,
predicate,compositional,0.5,MLP,fit_seconds,0.20874304999597365,0.02423775039251825,0.19805543449183455,0.22494967676000663,10,,,,,
predicate,compositional,0.5,MLP,gate_count,,,,,10,,,,,
predicate,compositional,0.5,OracleRule,iid_accuracy,1.0,0.0,1.0,1.0,10,,,,,
predicate,compositional,0.5,OracleRule,ood_accuracy,1.0,0.0,1.0,1.0,10,,,,,
predicate,compositional,0.5,OracleRule,ood_balanced_accuracy,1.0,0.0,1.0,1.0,10,,,,,
predicate,compositional,0.5,OracleRule,ood_tpr,1.0,0.0,1.0,1.0,10,,,,,
predicate,compositional,0.5,OracleRule,ood_tnr,1.0,0.0,1.0,1.0,10,,,,,
predicate,compositional,0.5,OracleRule,ood_f1,1.0,0.0,1.0,1.0,10,,,,,
predicate,compositional,0.5,OracleRule,ood_mcc,1.0,0.0,1.0,1.0,10,,,,,
predicate,compositional,0.5,OracleRule,full_accuracy,1.0,0.0,1.0,1.0,10,,,,,
predicate,compositional,0.5,OracleRule,fit_seconds,0.0,0.0,0.0,0.0,10,,,,,
predicate,compositional,0.5,OracleRule,gate_count,,,,,10,,,,,
predicate,compositional,0.5,TruthMemorizer,iid_accuracy,0.5697478991596638,0.029591288843124404,0.5529411764705883,0.588235294117647,10,,,,,
predicate,compositional,0.5,TruthMemorizer,ood_accuracy,0.22222222222222224,2.925694557147251e-17,0.22222222222222224,0.22222222222222224,10,,,,,
predicate,compositional,0.5,TruthMemorizer,ood_balanced_accuracy,0.5,0.0,0.5,0.5,10,,,,,
predicate,compositional,0.5,TruthMemorizer,ood_tpr,1.0,0.0,1.0,1.0,10,,,,,
predicate,compositional,0.5,TruthMemorizer,ood_tnr,0.0,0.0,0.0,0.0,10,,,,,
predicate,compositional,0.5,TruthMemorizer,ood_f1,0.36363636363636365,5.851389114294502e-17,0.36363636363636365,0.36363636363636365,10,,,,,
predicate,compositional,0.5,TruthMemorizer,ood_mcc,0.0,0.0,0.0,0.0,10,,,,,
predicate,compositional,0.5,TruthMemorizer,full_accuracy,0.7453125,0.0137553256731711,0.737890625,0.75390625,10,,,,,
predicate,compositional,0.5,TruthMemorizer,fit_seconds,0.0,0.0,0.0,0.0,10,,,,,
predicate,compositional,0.5,TruthMemorizer,gate_count,,,,,10,,,,,
predicate,compositional,0.75,GateBeam,iid_accuracy,1.0,0.0,1.0,1.0,10,,,,,
predicate,compositional,0.75,GateBeam,ood_accuracy,1.0,0.0,1.0,1.0,10,,,,,
predicate,compositional,0.75,GateBeam,ood_balanced_accuracy,1.0,0.0,1.0,1.0,10,,,,,
predicate,compositional,0.75,GateBeam,ood_tpr,1.0,0.0,1.0,1.0,10,,,,,
predicate,compositional,0.75,GateBeam,ood_tnr,1.0,0.0,1.0,1.0,10,,,,,
predicate,compositional,0.75,GateBeam,ood_f1,1.0,0.0,1.0,1.0,10,,,,,
predicate,compositional,0.75,GateBeam,ood_mcc,1.0,0.0,1.0,1.0,10,,,,,
predicate,compositional,0.75,GateBeam,full_accuracy,1.0,0.0,1.0,1.0,10,,,,,
predicate,compositional,0.75,GateBeam,fit_seconds,0.7292535099899397,0.039011494711775195,0.708282132986351,0.7540333554655081,10,,,,,
predicate,compositional,0.75,GateBeam,gate_count,11.0,0.0,11.0,11.0,10,,,,,
predicate,compositional,0.75,MLP,iid_accuracy,0.9616666666666667,0.02363560820686965,0.9483333333333333,0.9766666666666666,10,,,,,
predicate,compositional,0.75,MLP,ood_accuracy,0.8777777777777779,0.12227832606829021,0.8,0.9390277777777758,10,,,,,
predicate,compositional,0.75,MLP,ood_balanced_accuracy,0.9214285714285715,0.07860749532961517,0.8714285714285716,0.9642857142857142,10,,,,,
predicate,compositional,0.75,MLP,ood_tpr,1.0,0.0,1.0,1.0,10,,,,,
predicate,compositional,0.75,MLP,ood_tnr,0.8428571428571427,0.15721499065923028,0.7428571428571429,0.9285714285714286,10,,,,,
predicate,compositional,0.75,MLP,ood_f1,0.8136796536796537,0.15333747333993067,0.719076479076479,0.8987748917748916,10,,,,,
predicate,compositional,0.75,MLP,ood_mcc,0.7723774995878918,0.1861543570122285,0.6594088331588468,0.8735446377135618,10,,,,,
predicate,compositional,0.75,MLP,full_accuracy,0.982421875,0.013562934020833112,0.974609375,0.990234375,10,,,,,
predicate,compositional,0.75,MLP,fit_seconds,0.22097336999140677,0.005570651402449899,0.21767398599185975,0.22427763425745065,10,,,,,
predicate,compositional,0.75,MLP,gate_count,,,,,10,,,,,
predicate,compositional,0.75,OracleRule,iid_accuracy,1.0,0.0,1.0,1.0,10,,,,,
predicate,compositional,0.75,OracleRule,ood_accuracy,1.0,0.0,1.0,1.0,10,,,,,
predicate,compositional,0.75,OracleRule,ood_balanced_accuracy,1.0,0.0,1.0,1.0,10,,,,,
predicate,compositional,0.75,OracleRule,ood_tpr,1.0,0.0,1.0,1.0,10,,,,,
predicate,compositional,0.75,OracleRule,ood_tnr,1.0,0.0,1.0,1.0,10,,,,,
predicate,compositional,0.75,OracleRule,ood_f1,1.0,0.0,1.0,1.0,10,,,,,
predicate,compositional,0.75,OracleRule,ood_mcc,1.0,0.0,1.0,1.0,10,,,,,
predicate,compositional,0.75,OracleRule,full_accuracy,1.0,0.0,1.0,1.0,10,,,,,
predicate,compositional,0.75,OracleRule,fit_seconds,0.0,0.0,0.0,0.0,10,,,,,
predicate,compositional,0.75,OracleRule,gate_count,,,,,10,,,,,
predicate,compositional,0.75,TruthMemorizer,iid_accuracy,0.5733333333333333,0.05510931896727663,0.5416666666666667,0.6050000000000001,10,,,,,
predicate,compositional,0.75,TruthMemorizer,ood_accuracy,0.22222222222222224,2.925694557147251e-17,0.22222222222222224,0.22222222222222224,10,,,,,
predicate,compositional,0.75,TruthMemorizer,ood_balanced_accuracy,0.5,0.0,0.5,0.5,10,,,,,
predicate,compositional,0.75,TruthMemorizer,ood_tpr,1.0,0.0,1.0,1.0,10,,,,,
predicate,compositional,0.75,TruthMemorizer,ood_tnr,0.0,0.0,0.0,0.0,10,,,,,
predicate,compositional,0.75,TruthMemorizer,ood_f1,0.36363636363636365,5.851389114294502e-17,0.36363636363636365,0.36363636363636365,10,,,,,
predicate,compositional,0.75,TruthMemorizer,ood_mcc,0.0,0.0,0.0,0.0,10,,,,,
predicate,compositional,0.75,TruthMemorizer,full_accuracy,0.8453125,0.012916246632955463,0.837890625,0.853125,10,,,,,
predicate,compositional,0.75,TruthMemorizer,fit_seconds,0.0,0.0,0.0,0.0,10,,,,,
predicate,compositional,0.75,TruthMemorizer,gate_count,,,,,10,,,,,
predicate,random_lut,0.25,GateBeam,iid_accuracy,0.497752808988764,0.0229658572535669,0.48651685393258426,0.5129213483146068,10,,,,,
predicate,random_lut,0.25,GateBeam,ood_accuracy,0.4722222222222223,0.21316415617076553,0.3555555555555555,0.6,10,,,,,
predicate,random_lut,0.25,GateBeam,ood_balanced_accuracy,0.49923076923076926,0.21377450684415777,0.37769230769230766,0.6253846153846154,10,,,,,
predicate,random_lut,0.25,GateBeam,ood_tpr,0.4384615384615385,0.2665926919091289,0.2846153846153846,0.6,10,,,,,
predicate,random_lut,0.25,GateBeam,ood_tnr,0.56,0.33730961708462714,0.36,0.76,10,,,,,
predicate,random_lut,0.25,GateBeam,ood_f1,0.5115632687857751,0.24570735663375295,0.36846241830065357,0.656149119067917,10,,,,,
predicate,random_lut,0.25,GateBeam,ood_mcc,4.5254231281355305e-05,0.4143728683743254,-0.24597837856125457,0.24984915805631613,10,,,,,
predicate,random_lut,0.25,GateBeam,full_accuracy,0.592578125,0.01905228693849653,0.58203125,0.60390625,10,,,,,
predicate,random_lut,0.25,GateBeam,fit_seconds,0.7667506899917498,0.07396384716675902,0.7290814041934208,0.8157946697680746,10,,,,,
predicate,random_lut,0.25,GateBeam,gate_count,14.0,0.6666666666666666,13.6,14.4,10,,,,,
predicate,random_lut,0.25,MLP,iid_accuracy,0.46966292134831455,0.041044998330479365,0.44606741573033704,0.49382022471910103,10,,,,,
predicate,random_lut,0.25,MLP,ood_accuracy,0.42777777777777776,0.09460770203292446,0.37222222222222223,0.4833333333333334,10,,,,,
predicate,random_lut,0.25,MLP,ood_balanced_accuracy,0.45615384615384624,0.11206330980449962,0.3953846153846154,0.5269230769230769,10,,,,,
predicate,random_lut,0.25,MLP,ood_tpr,0.39230769230769225,0.13298771774246093,0.3153846153846153,0.4692307692307692,10,,,,,
predicate,random_lut,0.25,MLP,ood_tnr,0.5200000000000001,0.23475755815545346,0.4,0.66,10,,,,,
predicate,random_lut,0.25,MLP,ood_f1,0.48689897698209716,0.12793988354920746,0.4102731092436975,0.5586516563146997,10,,,,,
predicate,random_lut,0.25,MLP,ood_mcc,-0.07740599324256763,0.21845764693309042,-0.19449590161070407,0.059458788649638675,10,,,,,
predicate,random_lut,0.25,MLP,full_accuracy,0.591015625,0.030815666567341738,0.573046875,0.608984375,10,,,,,
predicate,random_lut,0.25,MLP,fit_seconds,0.16883914005011316,0.0045789025564470925,0.1664197163179051,0.17176756451837713,10,,,,,
predicate,random_lut,0.25,MLP,gate_count,,,,,10,,,,,
predicate,random_lut,0.25,OracleRule,iid_accuracy,1.0,0.0,1.0,1.0,10,,,,,
predicate,random_lut,0.25,OracleRule,ood_accuracy,1.0,0.0,1.0,1.0,10,,,,,
predicate,random_lut,0.25,OracleRule,ood_balanced_accuracy,1.0,0.0,1.0,1.0,10,,,,,
predicate,random_lut,0.25,OracleRule,ood_tpr,1.0,0.0,1.0,1.0,10,,,,,
predicate,random_lut,0.25,OracleRule,ood_tnr,1.0,0.0,1.0,1.0,10,,,,,
predicate,random_lut,0.25,OracleRule,ood_f1,1.0,0.0,1.0,1.0,10,,,,,
predicate,random_lut,0.25,OracleRule,ood_mcc,1.0,0.0,1.0,1.0,10,,,,,
predicate,random_lut,0.25,OracleRule,full_accuracy,1.0,0.0,1.0,1.0,10,,,,,
predicate,random_lut,0.25,OracleRule,fit_seconds,0.0,0.0,0.0,0.0,10,,,,,
predicate,random_lut,0.25,OracleRule,gate_count,,,,,10,,,,,
predicate,random_lut,0.25,TruthMemorizer,iid_accuracy,0.4966292134831461,0.01876400756535635,0.48539325842696623,0.5067415730337079,10,,,,,
predicate,random_lut,0.25,TruthMemorizer,ood_accuracy,0.3666666666666667,0.18739423171368172,0.2777777777777778,0.5,10,,,,,
predicate,random_lut,0.25,TruthMemorizer,ood_balanced_accuracy,0.5,0.0,0.5,0.5,10,,,,,
predicate,random_lut,0.25,TruthMemorizer,ood_tpr,0.2,0.42163702135578396,0.0,0.5,10,,,,,
predicate,random_lut,0.25,TruthMemorizer,ood_tnr,0.8,0.4216370213557839,0.5,1.0,10,,,,,
predicate,random_lut,0.25,TruthMemorizer,ood_f1,0.16774193548387098,0.3536310501693672,0.0,0.4193548387096774,10,,,,,
predicate,random_lut,0.25,TruthMemorizer,ood_mcc,0.0,0.0,0.0,0.0,10,,,,,
predicate,random_lut,0.25,TruthMemorizer,full_accuracy,0.60546875,0.007131804134181851,0.6015625,0.609765625,10,,,,,
predicate,random_lut,0.25,TruthMemorizer,fit_seconds,0.0,0.0,0.0,0.0,10,,,,,
predicate,random_lut,0.25,TruthMemorizer,gate_count,,,,,10,,,,,
predicate,random_lut,0.5,GateBeam,iid_accuracy,0.488235294117647,0.03395022694930129,0.46890756302521003,0.5084033613445378,10,,,,,
predicate,random_lut,0.5,GateBeam,ood_accuracy,0.45555555555555555,0.15669774667634206,0.3666666666666667,0.55,10,,,,,
predicate,random_lut,0.5,GateBeam,ood_balanced_accuracy,0.5184615384615384,0.1695490402643712,0.4215384615384615,0.62,10,,,,,
predicate,random_lut,0.5,GateBeam,ood_tpr,0.37692307692307697,0.17930393576458556,0.27692307692307694,0.48461538461538467,10,,,,,
predicate,random_lut,0.5,GateBeam,ood_tnr,0.6599999999999999,0.2674987019698517,0.5,0.82,10,,,,,
predicate,random_lut,0.5,GateBeam,ood_f1,0.48371233341821573,0.18441044355540603,0.379098399966047,0.5944468317630082,10,,,,,
predicate,random_lut,0.5,GateBeam,ood_mcc,0.033299955825435226,0.31612407224193795,-0.15183934257432272,0.22172068153711502,10,,,,,
predicate,random_lut,0.5,GateBeam,full_accuracy,0.633203125,0.01845562462489793,0.621484375,0.643359375,10,,,,,
predicate,random_lut,0.5,GateBeam,fit_seconds,0.7871757400454953,0.03772221792887538,0.764239032320329,0.8091715558059513,10,,,,,
predicate,random_lut,0.5,GateBeam,gate_count,14.6,0.5163977794943222,14.3,14.9,10,,,,,
predicate,random_lut,0.5,MLP,iid_accuracy,0.461344537815126,0.03440934484947213,0.4420168067226891,0.48235294117647054,10,,,,,
predicate,random_lut,0.5,MLP,ood_accuracy,0.4833333333333332,0.12843363618073853,0.4111111111111111,0.5611111111111111,10,,,,,
predicate,random_lut,0.5,MLP,ood_balanced_accuracy,0.4638461538461538,0.12403738487573537,0.39538461538461533,0.5392499999999998,10,,,,,
predicate,random_lut,0.5,MLP,ood_tpr,0.5076923076923076,0.145951276623156,0.4230769230769231,0.5923076923076923,10,,,,,
predicate,random_lut,0.5,MLP,ood_tnr,0.42000000000000004,0.14757295747452434,0.33999999999999997,0.5,10,,,,,
predicate,random_lut,0.5,MLP,ood_f1,0.5790156220591003,0.12696762609317697,0.5056747364953886,0.6548202051571614,10,,,,,
predicate,random_lut,0.5,MLP,ood_mcc,-0.06362673809776916,0.22856453565914364,-0.1890989526214681,0.07827840051434827,10,,,,,
predicate,random_lut,0.5,MLP,full_accuracy,0.71328125,0.01967826613261725,0.70390625,0.7265625,10,,,,,
predicate,random_lut,0.5,MLP,fit_seconds,0.20173395995516324,0.009111393427675269,0.19662295265006832,0.20732765217835544,10,,,,,
predicate,random_lut,0.5,MLP,gate_count,,,,,10,,,,,
predicate,random_lut,0.5,OracleRule,iid_accuracy,1.0,0.0,1.0,1.0,10,,,,,
predicate,random_lut,0.5,OracleRule,ood_accuracy,1.0,0.0,1.0,1.0,10,,,,,
predicate,random_lut,0.5,OracleRule,ood_balanced_accuracy,1.0,0.0,1.0,1.0,10,,,,,
predicate,random_lut,0.5,OracleRule,ood_tpr,1.0,0.0,1.0,1.0,10,,,,,
predicate,random_lut,0.5,OracleRule,ood_tnr,1.0,0.0,1.0,1.0,10,,,,,
predicate,random_lut,0.5,OracleRule,ood_f1,1.0,0.0,1.0,1.0,10,,,,,
predicate,random_lut,0.5,OracleRule,ood_mcc,1.0,0.0,1.0,1.0,10,,,,,
predicate,random_lut,0.5,OracleRule,full_accuracy,1.0,0.0,1.0,1.0,10,,,,,
predicate,random_lut,0.5,OracleRule,fit_seconds,0.0,0.0,0.0,0.0,10,,,,,
predicate,random_lut,0.5,OracleRule,gate_count,,,,,10,,,,,
predicate,random_lut,0.5,TruthMemorizer,iid_accuracy,0.47142857142857136,0.03725595499870194,0.4495798319327731,0.49327731092436977,10,,,,,
predicate,random_lut,0.5,TruthMemorizer,ood_accuracy,0.5,0.23424278964210216,0.36666666666666664,0.6333333333333334,10,,,,,
predicate,random_lut,0.5,TruthMemorizer,ood_balanced_accuracy,0.5,0.0,0.5,0.5,10,,,,,
predicate,random_lut,0.5,TruthMemorizer,ood_tpr,0.5,0.5270462766947299,0.2,0.8,10,,,,,
predicate,random_lut,0.5,TruthMemorizer,ood_tnr,0.5,0.5270462766947299,0.2,0.8,10,,,,,
predicate,random_lut,0.5,TruthMemorizer,ood_f1,0.4193548387096774,0.4420388127117089,0.16774193548387098,0.6709677419354839,10,,,,,
predicate,random_lut,0.5,TruthMemorizer,ood_mcc,0.0,0.0,0.0,0.0,10,,,,,
predicate,random_lut,0.5,TruthMemorizer,full_accuracy,0.719140625,0.009821886544607347,0.71328125,0.725,10,,,,,
predicate,random_lut,0.5,TruthMemorizer,fit_seconds,0.0,0.0,0.0,0.0,10,,,,,
predicate,random_lut,0.5,TruthMemorizer,gate_count,,,,,10,,,,,
predicate,random_lut,0.75,GateBeam,iid_accuracy,0.47333333333333333,0.06858355272004875,0.43500000000000005,0.515,10,,,,,
predicate,random_lut,0.75,GateBeam,ood_accuracy,0.42777777777777776,0.05885277252618779,0.3944444444444445,0.4666666666666667,10,,,,,
predicate,random_lut,0.75,GateBeam,ood_balanced_accuracy,0.48692307692307696,0.08634974675105349,0.43538461538461537,0.5377115384615382,10,,,,,
predicate,random_lut,0.75,GateBeam,ood_tpr,0.3538461538461538,0.10383823964777739,0.29230769230769227,0.41538461538461535,10,,,,,
predicate,random_lut,0.75,GateBeam,ood_tnr,0.62,0.2201009869229224,0.4800000000000001,0.74,10,,,,,
predicate,random_lut,0.75,GateBeam,ood_f1,0.46419062361786817,0.0925318067918882,0.40968900191655605,0.5188661727849034,10,,,,,
predicate,random_lut,0.75,GateBeam,ood_mcc,-0.021527037366199268,0.1592318503348412,-0.11420472836046035,0.07269068466559701,10,,,,,
predicate,random_lut,0.75,GateBeam,full_accuracy,0.663671875,0.019526909239861938,0.652734375,0.67578125,10,,,,,
predicate,random_lut,0.75,GateBeam,fit_seconds,0.7672254899982363,0.020633318234323697,0.7549700867146021,0.7793904824950733,10,,,,,
predicate,random_lut,0.75,GateBeam,gate_count,14.4,0.6992058987801011,14.0,14.8,10,,,,,
predicate,random_lut,0.75,MLP,iid_accuracy,0.48666666666666664,0.09711899281516516,0.43166666666666664,0.5466666666666666,10,,,,,
predicate,random_lut,0.75,MLP,ood_accuracy,0.47777777777777775,0.09147473359428497,0.42777777777777776,0.5333333333333334,10,,,,,
predicate,random_lut,0.75,MLP,ood_balanced_accuracy,0.47846153846153844,0.08187481022657944,0.43,0.5261538461538462,10,,,,,
predicate,random_lut,0.75,MLP,ood_tpr,0.47692307692307684,0.129734468109472,0.4076923076923077,0.5615384615384615,10,,,,,
predicate,random_lut,0.75,MLP,ood_tnr,0.4800000000000001,0.1398411797560202,0.4,0.5599999999999999,10,,,,,
predicate,random_lut,0.75,MLP,ood_f1,0.5619942698203568,0.10078086696699175,0.5052813852813853,0.6230043708304576,10,,,,,
predicate,random_lut,0.75,MLP,ood_mcc,-0.039801572922582004,0.14838177183831047,-0.1289846967659018,0.04671842423186133,10,,,,,
predicate,random_lut,0.75,MLP,full_accuracy,0.84296875,0.024896705005660668,0.828515625,0.8578125,10,,,,,
predicate,random_lut,0.75,MLP,fit_seconds,0.21807467998005445,0.004240337297107204,0.21561669849441384,0.22055080996360626,10,,,,,
predicate,random_lut,0.75,MLP,gate_count,,,,,10,,,,,
predicate,random_lut,0.75,OracleRule,iid_accuracy,1.0,0.0,1.0,1.0,10,,,,,
predicate,random_lut,0.75,OracleRule,ood_accuracy,1.0,0.0,1.0,1.0,10,,,,,
predicate,random_lut,0.75,OracleRule,ood_balanced_accuracy,1.0,0.0,1.0,1.0,10,,,,,
predicate,random_lut,0.75,OracleRule,ood_tpr,1.0,0.0,1.0,1.0,10,,,,,
predicate,random_lut,0.75,OracleRule,ood_tnr,1.0,0.0,1.0,1.0,10,,,,,
predicate,random_lut,0.75,OracleRule,ood_f1,1.0,0.0,1.0,1.0,10,,,,,
predicate,random_lut,0.75,OracleRule,ood_mcc,1.0,0.0,1.0,1.0,10,,,,,
predicate,random_lut,0.75,OracleRule,full_accuracy,1.0,0.0,1.0,1.0,10,,,,,
predicate,random_lut,0.75,OracleRule,fit_seconds,0.0,0.0,0.0,0.0,10,,,,,
predicate,random_lut,0.75,OracleRule,gate_count,,,,,10,,,,,
predicate,random_lut,0.75,TruthMemorizer,iid_accuracy,0.47333333333333333,0.06045098003882422,0.43666666666666665,0.5083333333333333,10,,,,,
predicate,random_lut,0.75,TruthMemorizer,ood_accuracy,0.36666666666666664,0.18739423171368172,0.2777777777777778,0.5,10,,,,,
predicate,random_lut,0.75,TruthMemorizer,ood_balanced_accuracy,0.5,0.0,0.5,0.5,10,,,,,
predicate,random_lut,0.75,TruthMemorizer,ood_tpr,0.2,0.42163702135578396,0.0,0.5,10,,,,,
predicate,random_lut,0.75,TruthMemorizer,ood_tnr,0.8,0.42163702135578396,0.5,1.0,10,,,,,
predicate,random_lut,0.75,TruthMemorizer,ood_f1,0.16774193548387098,0.35363105016936713,0.0,0.4193548387096774,10,,,,,
predicate,random_lut,0.75,TruthMemorizer,ood_mcc,0.0,0.0,0.0,0.0,10,,,,,
predicate,random_lut,0.75,TruthMemorizer,full_accuracy,0.83203125,0.009021097956087902,0.8265625,0.837109375,10,,,,,
predicate,random_lut,0.75,TruthMemorizer,fit_seconds,0.0,0.0,0.0,0.0,10,,,,,
predicate,random_lut,0.75,TruthMemorizer,gate_count,,,,,10,,,,,
predicate,xor_heavy,0.25,GateBeam,iid_accuracy,0.7741573033707866,0.11503676880579705,0.7078511235955056,0.842134831460674,10,,,,,
predicate,xor_heavy,0.25,GateBeam,ood_accuracy,0.7166666666666667,0.15811388300841897,0.6222222222222222,0.8055555555555556,10,,,,,
predicate,xor_heavy,0.25,GateBeam,ood_balanced_accuracy,0.7344155844155844,0.15251525221106924,0.6428571428571429,0.8220779220779221,10,,,,,
predicate,xor_heavy,0.25,GateBeam,ood_tpr,0.8142857142857143,0.2025909274874538,0.6857142857142857,0.9285714285714285,10,,,,,
predicate,xor_heavy,0.25,GateBeam,ood_tnr,0.6545454545454545,0.2176761817705209,0.5272727272727272,0.7818181818181819,10,,,,,
predicate,xor_heavy,0.25,GateBeam,ood_f1,0.6952459468635939,0.15140674422575262,0.6061773194126135,0.7822897727272727,10,,,,,
predicate,xor_heavy,0.25,GateBeam,ood_mcc,0.4771975514380766,0.30588842928017734,0.29665654494954063,0.6464422277196554,10,,,,,
predicate,xor_heavy,0.25,GateBeam,full_accuracy,0.8125,0.08907620508587015,0.76015625,0.8640625,10,,,,,
predicate,xor_heavy,0.25,GateBeam,fit_seconds,0.740832949965261,0.026449093852596528,0.7244407609460176,0.7556503670063102,10,,,,,
predicate,xor_heavy,0.25,GateBeam,gate_count,12.6,2.0655911179772892,11.4,13.7,10,,,,,
predicate,xor_heavy,0.25,MLP,iid_accuracy,0.4550561797752809,0.056553066930867035,0.4241573033707865,0.4904494382022472,10,,,,,
predicate,xor_heavy,0.25,MLP,ood_accuracy,0.4666666666666666,0.12614360271056593,0.3944444444444445,0.538888888888889,10,,,,,
predicate,xor_heavy,0.25,MLP,ood_balanced_accuracy,0.4701298701298701,0.13984761214368194,0.39090909090909093,0.5526136363636361,10,,,,,
predicate,xor_heavy,0.25,MLP,ood_tpr,0.48571428571428565,0.24467109673647866,0.3571428571428571,0.6428571428571428,10,,,,,
predicate,xor_heavy,0.25,MLP,ood_tnr,0.4545454545454546,0.13551927136362363,0.38181818181818183,0.5363636363636364,10,,,,,
predicate,xor_heavy,0.25,MLP,ood_f1,0.4028244631185808,0.16076356522909935,0.3111164799253034,0.49767635387488324,10,,,,,
predicate,xor_heavy,0.25,MLP,ood_mcc,-0.053501326883805246,0.2844744594075147,-0.2139761787877921,0.12134023582118011,10,,,,,
predicate,xor_heavy,0.25,MLP,full_accuracy,0.58359375,0.0372040550218581,0.56328125,0.60703125,10,,,,,
predicate,xor_heavy,0.25,MLP,fit_seconds,0.1749514299910515,0.011375733889238725,0.1691589492198545,0.18238858001888725,10,,,,,
predicate,xor_heavy,0.25,MLP,gate_count,,,,,10,,,,,
predicate,xor_heavy,0.25,OracleRule,iid_accuracy,1.0,0.0,1.0,1.0,10,,,,,
predicate,xor_heavy,0.25,OracleRule,ood_accuracy,1.0,0.0,1.0,1.0,10,,,,,
predicate,xor_heavy,0.25,OracleRule,ood_balanced_accuracy,1.0,0.0,1.0,1.0,10,,,,,
predicate,xor_heavy,0.25,OracleRule,ood_tpr,1.0,0.0,1.0,1.0,10,,,,,
predicate,xor_heavy,0.25,OracleRule,ood_tnr,1.0,0.0,1.0,1.0,10,,,,,
predicate,xor_heavy,0.25,OracleRule,ood_f1,1.0,0.0,1.0,1.0,10,,,,,
predicate,xor_heavy,0.25,OracleRule,ood_mcc,1.0,0.0,1.0,1.0,10,,,,,
predicate,xor_heavy,0.25,OracleRule,full_accuracy,1.0,0.0,1.0,1.0,10,,,,,
predicate,xor_heavy,0.25,OracleRule,fit_seconds,0.0,0.0,0.0,0.0,10,,,,,
predicate,xor_heavy,0.25,OracleRule,gate_count,,,,,10,,,,,
predicate,xor_heavy,0.25,TruthMemorizer,iid_accuracy,0.4893258426966292,0.013360343806544578,0.48146067415730326,0.49719101123595505,10,,,,,
predicate,xor_heavy,0.25,TruthMemorizer,ood_accuracy,0.45555555555555555,0.10734353145325512,0.3888888888888889,0.5222222222222224,10,,,,,
predicate,xor_heavy,0.25,TruthMemorizer,ood_balanced_accuracy,0.5,0.0,0.5,0.5,10,,,,,
predicate,xor_heavy,0.25,TruthMemorizer,ood_tpr,0.7,0.48304589153964794,0.4,1.0,10,,,,,
predicate,xor_heavy,0.25,TruthMemorizer,ood_tnr,0.3,0.48304589153964794,0.0,0.6,10,,,,,
predicate,xor_heavy,0.25,TruthMemorizer,ood_f1,0.392,0.2705056992622029,0.22400000000000003,0.5600000000000002,10,,,,,
predicate,xor_heavy,0.25,TruthMemorizer,ood_mcc,0.0,0.0,0.0,0.0,10,,,,,
predicate,xor_heavy,0.25,TruthMemorizer,full_accuracy,0.606640625,0.006652104049190001,0.602734375,0.61015625,10,,,,,
predicate,xor_heavy,0.25,TruthMemorizer,fit_seconds,0.0,0.0,0.0,0.0,10,,,,,
predicate,xor_heavy,0.25,TruthMemorizer,gate_count,,,,,10,,,,,
predicate,xor_heavy,0.5,GateBeam,iid_accuracy,0.8478991596638655,0.019183074138110854,0.8361344537815125,0.8579831932773111,10,,,,,
predicate,xor_heavy,0.5,GateBeam,ood_accuracy,0.8222222222222222,0.06829292190587323,0.7777777777777778,0.861111111111111,10,,,,,
predicate,xor_heavy,0.5,GateBeam,ood_balanced_accuracy,0.8233766233766234,0.08045428631948646,0.7727272727272727,0.8662337662337662,10,,,,,
predicate,xor_heavy,0.5,GateBeam,ood_tpr,0.8285714285714285,0.22131333406899525,0.7,0.9571428571428571,10,,,,,
predicate,xor_heavy,0.5,GateBeam,ood_tnr,0.8181818181818181,0.14213381090374028,0.7363636363636364,0.9,10,,,,,
predicate,xor_heavy,0.5,GateBeam,ood_f1,0.7757331720567014,0.0946573731992913,0.715830574654104,0.8304887106357695,10,,,,,
predicate,xor_heavy,0.5,GateBeam,ood_mcc,0.6688284927875114,0.14565747006271015,0.5725773001409628,0.7399190272553047,10,,,,,
predicate,xor_heavy,0.5,GateBeam,full_accuracy,0.871875,0.009882117688026184,0.865625,0.875,10,,,,,
predicate,xor_heavy,0.5,GateBeam,fit_seconds,0.7663317699916661,0.023124977209232664,0.7537463645543903,0.7812333999900147,10,,,,,
predicate,xor_heavy,0.5,GateBeam,gate_count,9.8,1.3165611772087666,9.0,10.6,10,,,,,
predicate,xor_heavy,0.5,MLP,iid_accuracy,0.7361344537815125,0.10023158928088677,0.6739495798319328,0.7915966386554623,10,,,,,
predicate,xor_heavy,0.5,MLP,ood_accuracy,0.7055555555555555,0.15281985952427968,0.6055555555555556,0.7888888888888889,10,,,,,
predicate,xor_heavy,0.5,MLP,ood_balanced_accuracy,0.6993506493506493,0.1485816831141579,0.6071428571428572,0.7785714285714285,10,,,,,
predicate,xor_heavy,0.5,MLP,ood_tpr,0.6714285714285715,0.1656431155326294,0.5714285714285714,0.7714285714285712,10,,,,,
predicate,xor_heavy,0.5,MLP,ood_tnr,0.7272727272727273,0.18680042433239327,0.618181818181818,0.8363636363636363,10,,,,,
predicate,xor_heavy,0.5,MLP,ood_f1,0.6460197155785391,0.1571590943019078,0.5479804998922646,0.731408371040724,10,,,,,
predicate,xor_heavy,0.5,MLP,ood_mcc,0.4056595626827494,0.29999979537746835,0.21649786179576164,0.5681849605023116,10,,,,,
predicate,xor_heavy,0.5,MLP,full_accuracy,0.856640625,0.05195459349428354,0.82421875,0.8847753906249999,10,,,,,
predicate,xor_heavy,0.5,MLP,fit_seconds,0.20165002997964615,0.007958757909240858,0.1973697899735998,0.20656431344803416,10,,,,,
predicate,xor_heavy,0.5,MLP,gate_count,,,,,10,,,,,
predicate,xor_heavy,0.5,OracleRule,iid_accuracy,1.0,0.0,1.0,1.0,10,,,,,
predicate,xor_heavy,0.5,OracleRule,ood_accuracy,1.0,0.0,1.0,1.0,10,,,,,
predicate,xor_heavy,0.5,OracleRule,ood_balanced_accuracy,1.0,0.0,1.0,1.0,10,,,,,
predicate,xor_heavy,0.5,OracleRule,ood_tpr,1.0,0.0,1.0,1.0,10,,,,,
predicate,xor_heavy,0.5,OracleRule,ood_tnr,1.0,0.0,1.0,1.0,10,,,,,
predicate,xor_heavy,0.5,OracleRule,ood_f1,1.0,0.0,1.0,1.0,10,,,,,
predicate,xor_heavy,0.5,OracleRule,ood_mcc,1.0,0.0,1.0,1.0,10,,,,,
predicate,xor_heavy,0.5,OracleRule,full_accuracy,1.0,0.0,1.0,1.0,10,,,,,
predicate,xor_heavy,0.5,OracleRule,fit_seconds,0.0,0.0,0.0,0.0,10,,,,,
predicate,xor_heavy,0.5,OracleRule,gate_count,,,,,10,,,,,
predicate,xor_heavy,0.5,TruthMemorizer,iid_accuracy,0.4840336134453781,0.023166468490907935,0.4705882352941176,0.49747899159663866,10,,,,,
predicate,xor_heavy,0.5,TruthMemorizer,ood_accuracy,0.4111111111111111,0.07027283689263067,0.3888888888888889,0.4555555555555556,10,,,,,
predicate,xor_heavy,0.5,TruthMemorizer,ood_balanced_accuracy,0.5,0.0,0.5,0.5,10,,,,,
predicate,xor_heavy,0.5,TruthMemorizer,ood_tpr,0.9,0.31622776601683794,0.7,1.0,10,,,,,
predicate,xor_heavy,0.5,TruthMemorizer,ood_tnr,0.1,0.31622776601683794,0.0,0.3,10,,,,,
predicate,xor_heavy,0.5,TruthMemorizer,ood_f1,0.5040000000000001,0.17708754896942927,0.392,0.5600000000000002,10,,,,,
predicate,xor_heavy,0.5,TruthMemorizer,ood_mcc,0.0,0.0,0.0,0.0,10,,,,,
predicate,xor_heavy,0.5,TruthMemorizer,full_accuracy,0.71875,0.010252614419286212,0.7125,0.72421875,10,,,,,
predicate,xor_heavy,0.5,TruthMemorizer,fit_seconds,0.0,0.0,0.0,0.0,10,,,,,
predicate,xor_heavy,0.5,TruthMemorizer,gate_count,,,,,10,,,,,
predicate,xor_heavy,0.75,GateBeam,iid_accuracy,0.8566666666666667,0.054546389816149184,0.8266666666666665,0.8916666666666666,10,,,,,
predicate,xor_heavy,0.75,GateBeam,ood_accuracy,0.8222222222222223,0.07768954430890011,0.7833333333333333,0.8722222222222223,10,,,,,
predicate,xor_heavy,0.75,GateBeam,ood_balanced_accuracy,0.8181818181818181,0.09142299602572676,0.764935064935065,0.8720779220779221,10,,,,,
predicate,xor_heavy,0.75,GateBeam,ood_tpr,0.8,0.2710523708715754,0.6285714285714286,0.9571428571428571,10,,,,,
predicate,xor_heavy,0.75,GateBeam,ood_tnr,0.8363636363636363,0.18080525927486424,0.7272727272727273,0.9454545454545455,10,,,,,
predicate,xor_heavy,0.75,GateBeam,ood_f1,0.7612373737373738,0.1393885131468778,0.67739898989899,0.8390151515151516,10,,,,,
predicate,xor_heavy,0.75,GateBeam,ood_mcc,0.6796559393667441,0.14151707195062346,0.6044705867130716,0.7683297369192992,10,,,,,
predicate,xor_heavy,0.75,GateBeam,full_accuracy,0.884375,0.029646353064078555,0.875,0.903125,10,,,,,
predicate,xor_heavy,0.75,GateBeam,fit_seconds,0.7535555800423026,0.023969469878586506,0.7392471837735503,0.7672269538056571,10,,,,,
predicate,xor_heavy,0.75,GateBeam,gate_count,10.2,2.5298221281347035,9.0,12.0,10,,,,,
predicate,xor_heavy,0.75,MLP,iid_accuracy,0.9733333333333334,0.039440531887330786,0.9483333333333333,0.9933333333333334,10,,,,,
predicate,xor_heavy,0.75,MLP,ood_accuracy,0.9333333333333333,0.09728833730787922,0.8722222222222221,0.9833333333333334,10,,,,,
predicate,xor_heavy,0.75,MLP,ood_balanced_accuracy,0.9194805194805195,0.12121985133050618,0.8435064935064934,0.9863636363636363,10,,,,,
predicate,xor_heavy,0.75,MLP,ood_tpr,0.8571428571428571,0.23328473740792174,0.7142857142857142,1.0,10,,,,,
predicate,xor_heavy,0.75,MLP,ood_tnr,0.9818181818181818,0.03833063830507123,0.9545454545454547,1.0,10,,,,,
predicate,xor_heavy,0.75,MLP,ood_f1,0.8927272727272726,0.1615416494899905,0.7866666666666666,0.9799999999999999,10,,,,,
predicate,xor_heavy,0.75,MLP,ood_mcc,0.8645551474485484,0.1993573829710668,0.7360275969306553,0.9675647755047534,10,,,,,
predicate,xor_heavy,0.75,MLP,full_accuracy,0.9890625,0.013999666724703761,0.980078125,0.996484375,10,,,,,
predicate,xor_heavy,0.75,MLP,fit_seconds,0.2204272400354966,0.006693108582601623,0.21683570184104606,0.22471246453293134,10,,,,,
predicate,xor_heavy,0.75,MLP,gate_count,,,,,10,,,,,
predicate,xor_heavy,0.75,OracleRule,iid_accuracy,1.0,0.0,1.0,1.0,10,,,,,
predicate,xor_heavy,0.75,OracleRule,ood_accuracy,1.0,0.0,1.0,1.0,10,,,,,
predicate,xor_heavy,0.75,OracleRule,ood_balanced_accuracy,1.0,0.0,1.0,1.0,10,,,,,
predicate,xor_heavy,0.75,OracleRule,ood_tpr,1.0,0.0,1.0,1.0,10,,,,,
predicate,xor_heavy,0.75,OracleRule,ood_tnr,1.0,0.0,1.0,1.0,10,,,,,
predicate,xor_heavy,0.75,OracleRule,ood_f1,1.0,0.0,1.0,1.0,10,,,,,
predicate,xor_heavy,0.75,OracleRule,ood_mcc,1.0,0.0,1.0,1.0,10,,,,,
predicate,xor_heavy,0.75,OracleRule,full_accuracy,1.0,0.0,1.0,1.0,10,,,,,
predicate,xor_heavy,0.75,OracleRule,fit_seconds,0.0,0.0,0.0,0.0,10,,,,,
predicate,xor_heavy,0.75,OracleRule,gate_count,,,,,10,,,,,
predicate,xor_heavy,0.75,TruthMemorizer,iid_accuracy,0.4716666666666667,0.05094780674715721,0.4416666666666667,0.5016666666666667,10,,,,,
predicate,xor_heavy,0.75,TruthMemorizer,ood_accuracy,0.45555555555555555,0.10734353145325512,0.3888888888888889,0.5222222222222224,10,,,,,
predicate,xor_heavy,0.75,TruthMemorizer,ood_balanced_accuracy,0.5,0.0,0.5,0.5,10,,,,,
predicate,xor_heavy,0.75,TruthMemorizer,ood_tpr,0.7,0.4830458915396479,0.4,1.0,10,,,,,
predicate,xor_heavy,0.75,TruthMemorizer,ood_tnr,0.3,0.4830458915396479,0.0,0.6,10,,,,,
predicate,xor_heavy,0.75,TruthMemorizer,ood_f1,0.392,0.2705056992622029,0.22400000000000003,0.5600000000000002,10,,,,,
predicate,xor_heavy,0.75,TruthMemorizer,ood_mcc,0.0,0.0,0.0,0.0,10,,,,,
predicate,xor_heavy,0.75,TruthMemorizer,full_accuracy,0.837890625,0.008079214613275296,0.833203125,0.842578125,10,,,,,
predicate,xor_heavy,0.75,TruthMemorizer,fit_seconds,0.0,0.0,0.0,0.0,10,,,,,
predicate,xor_heavy,0.75,TruthMemorizer,gate_count,,,,,10,,,,,
efficiency,,,bool_numpy,median_ms,0.0114,0.0,0.0114,0.0114,1,1024.0,,,,
efficiency,,,bool_numpy,samples_per_second,89824561.40350877,0.0,89824561.40350877,89824561.40350877,1,1024.0,,,,
efficiency,,,bool_numpy,source_input_bytes,8192.0,0.0,8192.0,8192.0,1,1024.0,,,,
efficiency,,,bool_numpy,explicit_buffer_bytes,9216.0,0.0,9216.0,9216.0,1,1024.0,,,,
efficiency,,,float_tnorm,median_ms,0.0211,0.0,0.0211,0.0211,1,1024.0,,,,
efficiency,,,float_tnorm,samples_per_second,48530805.68720379,0.0,48530805.68720379,48530805.68720379,1,1024.0,,,,
efficiency,,,float_tnorm,source_input_bytes,32768.0,0.0,32768.0,32768.0,1,1024.0,,,,
efficiency,,,float_tnorm,explicit_buffer_bytes,33792.0,0.0,33792.0,33792.0,1,1024.0,,,,
efficiency,,,packed_end_to_end,median_ms,0.02155,0.0,0.02155,0.02155,1,1024.0,,,,
efficiency,,,packed_end_to_end,samples_per_second,47517401.39211137,0.0,47517401.39211137,47517401.39211137,1,1024.0,,,,
efficiency,,,packed_end_to_end,source_input_bytes,8192.0,0.0,8192.0,8192.0,1,1024.0,,,,
efficiency,,,packed_end_to_end,explicit_buffer_bytes,10368.0,0.0,10368.0,10368.0,1,1024.0,,,,
efficiency,,,packed_kernel,median_ms,0.0036,0.0,0.0036,0.0036,1,1024.0,,,,
efficiency,,,packed_kernel,samples_per_second,284444444.4444445,0.0,284444444.4444445,284444444.4444445,1,1024.0,,,,
efficiency,,,packed_kernel,source_input_bytes,1024.0,0.0,1024.0,1024.0,1,1024.0,,,,
efficiency,,,packed_kernel,explicit_buffer_bytes,1152.0,0.0,1152.0,1152.0,1,1024.0,,,,
efficiency,,,bool_numpy,median_ms,0.07585,0.0,0.07585,0.07585,1,16384.0,,,,
efficiency,,,bool_numpy,samples_per_second,216005273.5662492,0.0,216005273.5662492,216005273.5662492,1,16384.0,,,,
efficiency,,,bool_numpy,source_input_bytes,131072.0,0.0,131072.0,131072.0,1,16384.0,,,,
efficiency,,,bool_numpy,explicit_buffer_bytes,147456.0,0.0,147456.0,147456.0,1,16384.0,,,,
efficiency,,,float_tnorm,median_ms,0.1002,0.0,0.1002,0.1002,1,16384.0,,,,
efficiency,,,float_tnorm,samples_per_second,163512974.0518962,0.0,163512974.0518962,163512974.0518962,1,16384.0,,,,
efficiency,,,float_tnorm,source_input_bytes,524288.0,0.0,524288.0,524288.0,1,16384.0,,,,
efficiency,,,float_tnorm,explicit_buffer_bytes,540672.0,0.0,540672.0,540672.0,1,16384.0,,,,
efficiency,,,packed_end_to_end,median_ms,0.14325,0.0,0.14325,0.14325,1,16384.0,,,,
efficiency,,,packed_end_to_end,samples_per_second,114373472.9493892,0.0,114373472.9493892,114373472.9493892,1,16384.0,,,,
efficiency,,,packed_end_to_end,source_input_bytes,131072.0,0.0,131072.0,131072.0,1,16384.0,,,,
efficiency,,,packed_end_to_end,explicit_buffer_bytes,165888.0,0.0,165888.0,165888.0,1,16384.0,,,,
efficiency,,,packed_kernel,median_ms,0.01105,0.0,0.01105,0.01105,1,16384.0,,,,
efficiency,,,packed_kernel,samples_per_second,1482714932.1266968,0.0,1482714932.1266968,1482714932.1266968,1,16384.0,,,,
efficiency,,,packed_kernel,source_input_bytes,16384.0,0.0,16384.0,16384.0,1,16384.0,,,,
efficiency,,,packed_kernel,explicit_buffer_bytes,18432.0,0.0,18432.0,18432.0,1,16384.0,,,,
efficiency,,,bool_numpy,median_ms,0.99995,0.0,0.99995,0.99995,1,262144.0,,,,
efficiency,,,bool_numpy,samples_per_second,262157107.85539275,0.0,262157107.85539275,262157107.85539275,1,262144.0,,,,
efficiency,,,bool_numpy,source_input_bytes,2097152.0,0.0,2097152.0,2097152.0,1,262144.0,,,,
efficiency,,,bool_numpy,explicit_buffer_bytes,2359296.0,0.0,2359296.0,2359296.0,1,262144.0,,,,
efficiency,,,float_tnorm,median_ms,7.00185,0.0,7.00185,7.00185,1,262144.0,,,,
efficiency,,,float_tnorm,samples_per_second,37439248.19869035,0.0,37439248.19869035,37439248.19869035,1,262144.0,,,,
efficiency,,,float_tnorm,source_input_bytes,8388608.0,0.0,8388608.0,8388608.0,1,262144.0,,,,
efficiency,,,float_tnorm,explicit_buffer_bytes,8650752.0,0.0,8650752.0,8650752.0,1,262144.0,,,,
efficiency,,,packed_end_to_end,median_ms,2.09485,0.0,2.09485,2.09485,1,262144.0,,,,
efficiency,,,packed_end_to_end,samples_per_second,125137360.67021504,0.0,125137360.67021504,125137360.67021504,1,262144.0,,,,
efficiency,,,packed_end_to_end,source_input_bytes,2097152.0,0.0,2097152.0,2097152.0,1,262144.0,,,,
efficiency,,,packed_end_to_end,explicit_buffer_bytes,2654208.0,0.0,2654208.0,2654208.0,1,262144.0,,,,
efficiency,,,packed_kernel,median_ms,0.116,0.0,0.116,0.116,1,262144.0,,,,
efficiency,,,packed_kernel,samples_per_second,2259862068.965517,0.0,2259862068.965517,2259862068.965517,1,262144.0,,,,
efficiency,,,packed_kernel,source_input_bytes,262144.0,0.0,262144.0,262144.0,1,262144.0,,,,
efficiency,,,packed_kernel,explicit_buffer_bytes,294912.0,0.0,294912.0,294912.0,1,262144.0,,,,
efficiency,,,bool_numpy,median_ms,7.03665,0.0,7.03665,7.03665,1,1048576.0,,,,
efficiency,,,bool_numpy,samples_per_second,149016364.32109028,0.0,149016364.32109028,149016364.32109028,1,1048576.0,,,,
efficiency,,,bool_numpy,source_input_bytes,8388608.0,0.0,8388608.0,8388608.0,1,1048576.0,,,,
efficiency,,,bool_numpy,explicit_buffer_bytes,9437184.0,0.0,9437184.0,9437184.0,1,1048576.0,,,,
efficiency,,,float_tnorm,median_ms,33.3775,0.0,33.3775,33.3775,1,1048576.0,,,,
efficiency,,,float_tnorm,samples_per_second,31415654.25810801,0.0,31415654.25810801,31415654.25810801,1,1048576.0,,,,
efficiency,,,float_tnorm,source_input_bytes,33554432.0,0.0,33554432.0,33554432.0,1,1048576.0,,,,
efficiency,,,float_tnorm,explicit_buffer_bytes,34603008.0,0.0,34603008.0,34603008.0,1,1048576.0,,,,
efficiency,,,packed_end_to_end,median_ms,10.0218,0.0,10.0218,10.0218,1,1048576.0,,,,
efficiency,,,packed_end_to_end,samples_per_second,104629507.67327224,0.0,104629507.67327224,104629507.67327224,1,1048576.0,,,,
efficiency,,,packed_end_to_end,source_input_bytes,8388608.0,0.0,8388608.0,8388608.0,1,1048576.0,,,,
efficiency,,,packed_end_to_end,explicit_buffer_bytes,10616832.0,0.0,10616832.0,10616832.0,1,1048576.0,,,,
efficiency,,,packed_kernel,median_ms,0.4301,0.0,0.4301,0.4301,1,1048576.0,,,,
efficiency,,,packed_kernel,samples_per_second,2437981864.6826315,0.0,2437981864.6826315,2437981864.6826315,1,1048576.0,,,,
efficiency,,,packed_kernel,source_input_bytes,1048576.0,0.0,1048576.0,1048576.0,1,1048576.0,,,,
efficiency,,,packed_kernel,explicit_buffer_bytes,1179648.0,0.0,1179648.0,1179648.0,1,1048576.0,,,,
relation,,,dense_boolean_gate,median_ms,0.023549999999999974,0.00392974008591627,0.021712499999999985,0.026431249999999986,8,,64.0,,,
relation,,,dense_boolean_gate,candidate_ratio,1.0,0.0,1.0,1.0,8,,64.0,,,
relation,,,dense_boolean_gate,evaluated_pairs,4032.0,0.0,4032.0,4032.0,8,,64.0,,,
relation,,,indexed_gate_filter,median_ms,0.09186875,0.014110582085290257,0.08502484375,0.10218781249999999,8,,64.0,,,
relation,,,indexed_gate_filter,candidate_ratio,0.011842757936507901,0.0018452971456915568,0.010602678571428551,0.013020833333333275,8,,64.0,,,
relation,,,indexed_gate_filter,evaluated_pairs,47.75,7.44023809142845,43.0,52.5,8,,64.0,,,
relation,,,dense_boolean_gate,median_ms,0.054375,0.010552115563105955,0.0501,0.062044374999999985,8,,128.0,,,
relation,,,dense_boolean_gate,candidate_ratio,1.0,0.0,1.0,1.0,8,,128.0,,,
relation,,,dense_boolean_gate,evaluated_pairs,16256.0,0.0,16256.0,16256.0,8,,128.0,,,
relation,,,indexed_gate_filter,median_ms,0.17184374999999996,0.010648019181988736,0.16519953124999998,0.17878125,8,,128.0,,,
relation,,,indexed_gate_filter,candidate_ratio,0.00544414370078735,0.000725632570069707,0.0049366387795275,0.005859374999999962,8,,128.0,,,
relation,,,indexed_gate_filter,evaluated_pairs,88.5,11.795883059053152,80.25,95.25,8,,128.0,,,
relation,,,dense_boolean_gate,median_ms,0.17481249999999998,0.06953870325221775,0.14762499999999995,0.2246625,8,,256.0,,,
relation,,,dense_boolean_gate,candidate_ratio,1.0,0.0,1.0,1.0,8,,256.0,,,
relation,,,dense_boolean_gate,evaluated_pairs,65280.0,0.0,65280.0,65280.0,8,,256.0,,,
relation,,,indexed_gate_filter,median_ms,0.34978124999999993,0.010633939516607056,0.34310624999999995,0.35694999999999993,8,,256.0,,,
relation,,,indexed_gate_filter,candidate_ratio,0.0029220281862744626,0.00018231281360522812,0.002803308823529375,0.0030407475490195623,8,,256.0,,,
relation,,,indexed_gate_filter,evaluated_pairs,190.75,11.901380472149318,183.0,198.5,8,,256.0,,,
relation,,,dense_boolean_gate,median_ms,0.9939625,0.14054665150760445,0.9303125000000001,1.0964756249999998,8,,512.0,,,
relation,,,dense_boolean_gate,candidate_ratio,1.0,0.0,1.0,1.0,8,,512.0,,,
relation,,,dense_boolean_gate,evaluated_pairs,261632.0,0.0,261632.0,261632.0,8,,512.0,,,
relation,,,indexed_gate_filter,median_ms,0.7158,0.020568109851348562,0.7019750000000001,0.7287874999999999,8,,512.0,,,
relation,,,indexed_gate_filter,candidate_ratio,0.0014256665851271626,8.522161122767365e-05,0.0013712007705479,0.001480156288221603,8,,512.0,,,
relation,,,indexed_gate_filter,evaluated_pairs,373.0,22.296700588716195,359.0,387.75,8,,512.0,,,
relation,,,dense_boolean_gate,median_ms,4.73459375,0.3768949213521874,4.5053071875,4.98165375,8,,1024.0,,,
relation,,,dense_boolean_gate,candidate_ratio,1.0,0.0,1.0,1.0,8,,1024.0,,,
relation,,,dense_boolean_gate,evaluated_pairs,1047552.0,0.0,1047552.0,1047552.0,8,,1024.0,,,
relation,,,indexed_gate_filter,median_ms,1.4845937500000002,0.061321095400126625,1.448625,1.527119375,8,,1024.0,,,
relation,,,indexed_gate_filter,candidate_ratio,0.0007391041208454875,2.6026943487441095e-05,0.0007238304160556625,0.000757002993646075,8,,1024.0,,,
relation,,,indexed_gate_filter,evaluated_pairs,774.25,27.264576704162177,758.0,793.5,8,,1024.0,,,
relation,,,dense_boolean_gate,median_ms,21.86580625,1.6279568949272185,20.908243749999997,23.03544375,8,,2048.0,,,
relation,,,dense_boolean_gate,candidate_ratio,1.0,0.0,1.0,1.0,8,,2048.0,,,
relation,,,dense_boolean_gate,evaluated_pairs,4192256.0,0.0,4192256.0,4192256.0,8,,2048.0,,,
relation,,,indexed_gate_filter,median_ms,3.15205,0.3782582640018779,2.95190609375,3.42906078125,8,,2048.0,,,
relation,,,indexed_gate_filter,candidate_ratio,0.0003730091864618375,1.3068679694925147e-05,0.00036519716353195,0.00038225241969948754,8,,2048.0,,,
relation,,,indexed_gate_filter,evaluated_pairs,1563.75,54.78725086316028,1530.75,1601.5,8,,2048.0,,,
reachability,,,FixedK=4GateCircuit,balanced_accuracy,1.0,0.0,1.0,1.0,1,,,8.0,2.0,
reachability,,,FixedK=4GateCircuit,positive_accuracy,1.0,0.0,1.0,1.0,1,,,8.0,2.0,
reachability,,,FixedK=4GateCircuit,negative_accuracy,1.0,0.0,1.0,1.0,1,,,8.0,2.0,
reachability,,,OracleGate+BFS,balanced_accuracy,1.0,0.0,1.0,1.0,1,,,8.0,2.0,
reachability,,,OracleGate+BFS,positive_accuracy,1.0,0.0,1.0,1.0,1,,,8.0,2.0,
reachability,,,OracleGate+BFS,negative_accuracy,1.0,0.0,1.0,1.0,1,,,8.0,2.0,
reachability,,,FixedK=4GateCircuit,balanced_accuracy,1.0,0.0,1.0,1.0,1,,,8.0,4.0,
reachability,,,FixedK=4GateCircuit,positive_accuracy,1.0,0.0,1.0,1.0,1,,,8.0,4.0,
reachability,,,FixedK=4GateCircuit,negative_accuracy,1.0,0.0,1.0,1.0,1,,,8.0,4.0,
reachability,,,OracleGate+BFS,balanced_accuracy,1.0,0.0,1.0,1.0,1,,,8.0,4.0,
reachability,,,OracleGate+BFS,positive_accuracy,1.0,0.0,1.0,1.0,1,,,8.0,4.0,
reachability,,,OracleGate+BFS,negative_accuracy,1.0,0.0,1.0,1.0,1,,,8.0,4.0,
reachability,,,FixedK=4GateCircuit,balanced_accuracy,0.5,0.0,0.5,0.5,1,,,8.0,6.0,
reachability,,,FixedK=4GateCircuit,positive_accuracy,0.0,0.0,0.0,0.0,1,,,8.0,6.0,
reachability,,,FixedK=4GateCircuit,negative_accuracy,1.0,0.0,1.0,1.0,1,,,8.0,6.0,
reachability,,,OracleGate+BFS,balanced_accuracy,1.0,0.0,1.0,1.0,1,,,8.0,6.0,
reachability,,,OracleGate+BFS,positive_accuracy,1.0,0.0,1.0,1.0,1,,,8.0,6.0,
reachability,,,OracleGate+BFS,negative_accuracy,1.0,0.0,1.0,1.0,1,,,8.0,6.0,
reachability,,,FixedK=4GateCircuit,balanced_accuracy,0.5,0.0,0.5,0.5,1,,,8.0,8.0,
reachability,,,FixedK=4GateCircuit,positive_accuracy,0.0,0.0,0.0,0.0,1,,,8.0,8.0,
reachability,,,FixedK=4GateCircuit,negative_accuracy,1.0,0.0,1.0,1.0,1,,,8.0,8.0,
reachability,,,OracleGate+BFS,balanced_accuracy,1.0,0.0,1.0,1.0,1,,,8.0,8.0,
reachability,,,OracleGate+BFS,positive_accuracy,1.0,0.0,1.0,1.0,1,,,8.0,8.0,
reachability,,,OracleGate+BFS,negative_accuracy,1.0,0.0,1.0,1.0,1,,,8.0,8.0,
reachability,,,FixedK=4GateCircuit,balanced_accuracy,0.5,0.0,0.5,0.5,1,,,8.0,12.0,
reachability,,,FixedK=4GateCircuit,positive_accuracy,0.0,0.0,0.0,0.0,1,,,8.0,12.0,
reachability,,,FixedK=4GateCircuit,negative_accuracy,1.0,0.0,1.0,1.0,1,,,8.0,12.0,
reachability,,,OracleGate+BFS,balanced_accuracy,1.0,0.0,1.0,1.0,1,,,8.0,12.0,
reachability,,,OracleGate+BFS,positive_accuracy,1.0,0.0,1.0,1.0,1,,,8.0,12.0,
reachability,,,OracleGate+BFS,negative_accuracy,1.0,0.0,1.0,1.0,1,,,8.0,12.0,
reachability,,,FixedK=4GateCircuit,balanced_accuracy,1.0,0.0,1.0,1.0,1,,,16.0,2.0,
reachability,,,FixedK=4GateCircuit,positive_accuracy,1.0,0.0,1.0,1.0,1,,,16.0,2.0,
reachability,,,FixedK=4GateCircuit,negative_accuracy,1.0,0.0,1.0,1.0,1,,,16.0,2.0,
reachability,,,OracleGate+BFS,balanced_accuracy,1.0,0.0,1.0,1.0,1,,,16.0,2.0,
reachability,,,OracleGate+BFS,positive_accuracy,1.0,0.0,1.0,1.0,1,,,16.0,2.0,
reachability,,,OracleGate+BFS,negative_accuracy,1.0,0.0,1.0,1.0,1,,,16.0,2.0,
reachability,,,FixedK=4GateCircuit,balanced_accuracy,1.0,0.0,1.0,1.0,1,,,16.0,4.0,
reachability,,,FixedK=4GateCircuit,positive_accuracy,1.0,0.0,1.0,1.0,1,,,16.0,4.0,
reachability,,,FixedK=4GateCircuit,negative_accuracy,1.0,0.0,1.0,1.0,1,,,16.0,4.0,
reachability,,,OracleGate+BFS,balanced_accuracy,1.0,0.0,1.0,1.0,1,,,16.0,4.0,
reachability,,,OracleGate+BFS,positive_accuracy,1.0,0.0,1.0,1.0,1,,,16.0,4.0,
reachability,,,OracleGate+BFS,negative_accuracy,1.0,0.0,1.0,1.0,1,,,16.0,4.0,
reachability,,,FixedK=4GateCircuit,balanced_accuracy,0.5,0.0,0.5,0.5,1,,,16.0,6.0,
reachability,,,FixedK=4GateCircuit,positive_accuracy,0.0,0.0,0.0,0.0,1,,,16.0,6.0,
reachability,,,FixedK=4GateCircuit,negative_accuracy,1.0,0.0,1.0,1.0,1,,,16.0,6.0,
reachability,,,OracleGate+BFS,balanced_accuracy,1.0,0.0,1.0,1.0,1,,,16.0,6.0,
reachability,,,OracleGate+BFS,positive_accuracy,1.0,0.0,1.0,1.0,1,,,16.0,6.0,
reachability,,,OracleGate+BFS,negative_accuracy,1.0,0.0,1.0,1.0,1,,,16.0,6.0,
reachability,,,FixedK=4GateCircuit,balanced_accuracy,0.5,0.0,0.5,0.5,1,,,16.0,8.0,
reachability,,,FixedK=4GateCircuit,positive_accuracy,0.0,0.0,0.0,0.0,1,,,16.0,8.0,
reachability,,,FixedK=4GateCircuit,negative_accuracy,1.0,0.0,1.0,1.0,1,,,16.0,8.0,
reachability,,,OracleGate+BFS,balanced_accuracy,1.0,0.0,1.0,1.0,1,,,16.0,8.0,
reachability,,,OracleGate+BFS,positive_accuracy,1.0,0.0,1.0,1.0,1,,,16.0,8.0,
reachability,,,OracleGate+BFS,negative_accuracy,1.0,0.0,1.0,1.0,1,,,16.0,8.0,
reachability,,,FixedK=4GateCircuit,balanced_accuracy,0.5,0.0,0.5,0.5,1,,,16.0,12.0,
reachability,,,FixedK=4GateCircuit,positive_accuracy,0.0,0.0,0.0,0.0,1,,,16.0,12.0,
reachability,,,FixedK=4GateCircuit,negative_accuracy,1.0,0.0,1.0,1.0,1,,,16.0,12.0,
reachability,,,OracleGate+BFS,balanced_accuracy,1.0,0.0,1.0,1.0,1,,,16.0,12.0,
reachability,,,OracleGate+BFS,positive_accuracy,1.0,0.0,1.0,1.0,1,,,16.0,12.0,
reachability,,,OracleGate+BFS,negative_accuracy,1.0,0.0,1.0,1.0,1,,,16.0,12.0,
reachability,,,FixedK=4GateCircuit,balanced_accuracy,1.0,0.0,1.0,1.0,1,,,32.0,2.0,
reachability,,,FixedK=4GateCircuit,positive_accuracy,1.0,0.0,1.0,1.0,1,,,32.0,2.0,
reachability,,,FixedK=4GateCircuit,negative_accuracy,1.0,0.0,1.0,1.0,1,,,32.0,2.0,
reachability,,,OracleGate+BFS,balanced_accuracy,1.0,0.0,1.0,1.0,1,,,32.0,2.0,
reachability,,,OracleGate+BFS,positive_accuracy,1.0,0.0,1.0,1.0,1,,,32.0,2.0,
reachability,,,OracleGate+BFS,negative_accuracy,1.0,0.0,1.0,1.0,1,,,32.0,2.0,
reachability,,,FixedK=4GateCircuit,balanced_accuracy,1.0,0.0,1.0,1.0,1,,,32.0,4.0,
reachability,,,FixedK=4GateCircuit,positive_accuracy,1.0,0.0,1.0,1.0,1,,,32.0,4.0,
reachability,,,FixedK=4GateCircuit,negative_accuracy,1.0,0.0,1.0,1.0,1,,,32.0,4.0,
reachability,,,OracleGate+BFS,balanced_accuracy,1.0,0.0,1.0,1.0,1,,,32.0,4.0,
reachability,,,OracleGate+BFS,positive_accuracy,1.0,0.0,1.0,1.0,1,,,32.0,4.0,
reachability,,,OracleGate+BFS,negative_accuracy,1.0,0.0,1.0,1.0,1,,,32.0,4.0,
reachability,,,FixedK=4GateCircuit,balanced_accuracy,0.5,0.0,0.5,0.5,1,,,32.0,6.0,
reachability,,,FixedK=4GateCircuit,positive_accuracy,0.0,0.0,0.0,0.0,1,,,32.0,6.0,
reachability,,,FixedK=4GateCircuit,negative_accuracy,1.0,0.0,1.0,1.0,1,,,32.0,6.0,
reachability,,,OracleGate+BFS,balanced_accuracy,1.0,0.0,1.0,1.0,1,,,32.0,6.0,
reachability,,,OracleGate+BFS,positive_accuracy,1.0,0.0,1.0,1.0,1,,,32.0,6.0,
reachability,,,OracleGate+BFS,negative_accuracy,1.0,0.0,1.0,1.0,1,,,32.0,6.0,
reachability,,,FixedK=4GateCircuit,balanced_accuracy,0.5,0.0,0.5,0.5,1,,,32.0,8.0,
reachability,,,FixedK=4GateCircuit,positive_accuracy,0.0,0.0,0.0,0.0,1,,,32.0,8.0,
reachability,,,FixedK=4GateCircuit,negative_accuracy,1.0,0.0,1.0,1.0,1,,,32.0,8.0,
reachability,,,OracleGate+BFS,balanced_accuracy,1.0,0.0,1.0,1.0,1,,,32.0,8.0,
reachability,,,OracleGate+BFS,positive_accuracy,1.0,0.0,1.0,1.0,1,,,32.0,8.0,
reachability,,,OracleGate+BFS,negative_accuracy,1.0,0.0,1.0,1.0,1,,,32.0,8.0,
reachability,,,FixedK=4GateCircuit,balanced_accuracy,0.5,0.0,0.5,0.5,1,,,32.0,12.0,
reachability,,,FixedK=4GateCircuit,positive_accuracy,0.0,0.0,0.0,0.0,1,,,32.0,12.0,
reachability,,,FixedK=4GateCircuit,negative_accuracy,1.0,0.0,1.0,1.0,1,,,32.0,12.0,
reachability,,,OracleGate+BFS,balanced_accuracy,1.0,0.0,1.0,1.0,1,,,32.0,12.0,
reachability,,,OracleGate+BFS,positive_accuracy,1.0,0.0,1.0,1.0,1,,,32.0,12.0,
reachability,,,OracleGate+BFS,negative_accuracy,1.0,0.0,1.0,1.0,1,,,32.0,12.0,
noise,,,HardGate,accuracy,1.0,0.0,1.0,1.0,10,,,,,0.0
noise,,,HardGate,brier,0.0,0.0,0.0,0.0,10,,,,,0.0
noise,,,SoftProbabilityCircuit,accuracy,1.0,0.0,1.0,1.0,10,,,,,0.0
noise,,,SoftProbabilityCircuit,brier,0.0,0.0,0.0,0.0,10,,,,,0.0
noise,,,HardGate,accuracy,0.9790790000000001,0.00031624357700986476,0.97888,0.9792500000000001,10,,,,,0.01
noise,,,HardGate,brier,0.020921,0.0003162435770098738,0.020753,0.021119,10,,,,,0.01
noise,,,SoftProbabilityCircuit,accuracy,0.9790790000000001,0.00031624357700986476,0.978884975,0.9792510250000002,10,,,,,0.01
noise,,,SoftProbabilityCircuit,brier,0.02035930633093002,0.0002991573282129292,0.020194334939407355,0.0205444680816701,10,,,,,0.01
noise,,,HardGate,accuracy,0.9022499999999999,0.001128204079253601,0.9016249999999999,0.9029470749999999,10,,,,,0.05
noise,,,HardGate,brier,0.09775,0.0011282040792535914,0.097051975,0.098372025,10,,,,,0.05
noise,,,SoftProbabilityCircuit,accuracy,0.9022499999999999,0.001128204079253601,0.9016149999999999,0.9029389999999999,10,,,,,0.05
noise,,,SoftProbabilityCircuit,brier,0.08603569779734928,0.0009104959094055256,0.08546678123146603,0.08654539625548263,10,,,,,0.05
noise,,,HardGate,accuracy,0.8204929999999999,0.0015733266242794887,0.819533975,0.821388,10,,,,,0.1
noise,,,HardGate,brier,0.179507,0.0015733266242794776,0.17860797500000003,0.180452,10,,,,,0.1
noise,,,SoftProbabilityCircuit,accuracy,0.8204929999999999,0.0015733266242794887,0.819529975,0.821368,10,,,,,0.1
noise,,,SoftProbabilityCircuit,brier,0.1419021302972771,0.0009606451010643766,0.14133703602440711,0.1424678508591714,10,,,,,0.1
noise,,,HardGate,accuracy,0.6941750000000001,0.0021118304330077823,0.692835,0.695311025,10,,,,,0.2
noise,,,HardGate,brier,0.305825,0.0021118304330077645,0.304694,0.30713,10,,,,,0.2
noise,,,SoftProbabilityCircuit,accuracy,0.6941750000000001,0.0021118304330077823,0.6928259999999999,0.69531,10,,,,,0.2
noise,,,SoftProbabilityCircuit,brier,0.20413886137049472,0.0006607435107892283,0.20376791077791329,0.20454634931748703,10,,,,,0.2
learned_gate,,0.5,LearnedHardenedGate,full_accuracy,1.0,0.0,1.0,1.0,10,,,,,
learned_gate,,0.5,LearnedHardenedGate,full_balanced_accuracy,1.0,0.0,1.0,1.0,10,,,,,
learned_gate,,0.5,LearnedHardenedGate,ood_accuracy,1.0,0.0,1.0,1.0,10,,,,,
learned_gate,,0.5,LearnedHardenedGate,ood_balanced_accuracy,1.0,0.0,1.0,1.0,10,,,,,
learned_gate,,0.5,LearnedHardenedGate,ood_brier,0.0,0.0,0.0,0.0,10,,,,,
learned_gate,,0.5,LearnedHardenedGate,fit_seconds,0.4247890600236133,0.01764329913618751,0.41783433357020844,0.4364846355095505,10,,,,,
learned_gate,,0.5,LearnedHardenedGate,hardening_seconds,4.449e-05,5.0072059185848455e-06,4.2040000000000004e-05,4.7879999999999996e-05,10,,,,,
learned_gate,,0.5,LearnedHardenedGate,soft_to_hard_ood_balanced_drop,0.0,0.0,0.0,0.0,10,,,,,
learned_gate,,0.5,LearnedSoftGate,full_accuracy,1.0,0.0,1.0,1.0,10,,,,,
learned_gate,,0.5,LearnedSoftGate,full_balanced_accuracy,1.0,0.0,1.0,1.0,10,,,,,
learned_gate,,0.5,LearnedSoftGate,ood_accuracy,1.0,0.0,1.0,1.0,10,,,,,
learned_gate,,0.5,LearnedSoftGate,ood_balanced_accuracy,1.0,0.0,1.0,1.0,10,,,,,
learned_gate,,0.5,LearnedSoftGate,ood_brier,1.5425002081895212e-05,2.647971477281458e-06,1.392345094651046e-05,1.704361262485332e-05,10,,,,,
learned_gate,,0.5,LearnedSoftGate,fit_seconds,0.4247890600236133,0.01764329913618751,0.41784842281136664,0.4362339827697724,10,,,,,
learned_gate,,0.5,LearnedSoftGate,hardening_seconds,0.0,0.0,0.0,0.0,10,,,,,
learned_gate,,0.5,LearnedSoftGate,soft_to_hard_ood_balanced_drop,0.0,0.0,0.0,0.0,10,,,,,
learned_gate,,0.75,LearnedHardenedGate,full_accuracy,1.0,0.0,1.0,1.0,10,,,,,
learned_gate,,0.75,LearnedHardenedGate,full_balanced_accuracy,1.0,0.0,1.0,1.0,10,,,,,
learned_gate,,0.75,LearnedHardenedGate,ood_accuracy,1.0,0.0,1.0,1.0,10,,,,,
learned_gate,,0.75,LearnedHardenedGate,ood_balanced_accuracy,1.0,0.0,1.0,1.0,10,,,,,
learned_gate,,0.75,LearnedHardenedGate,ood_brier,0.0,0.0,0.0,0.0,10,,,,,
learned_gate,,0.75,LearnedHardenedGate,fit_seconds,0.4943992200074717,0.014857301382905513,0.48655883425497454,0.5036387350416044,10,,,,,
learned_gate,,0.75,LearnedHardenedGate,hardening_seconds,4.429999999999999e-05,5.280782770259223e-06,4.1349999999999995e-05,4.753e-05,10,,,,,
learned_gate,,0.75,LearnedHardenedGate,soft_to_hard_ood_balanced_drop,0.0,0.0,0.0,0.0,10,,,,,
learned_gate,,0.75,LearnedSoftGate,full_accuracy,1.0,0.0,1.0,1.0,10,,,,,
learned_gate,,0.75,LearnedSoftGate,full_balanced_accuracy,1.0,0.0,1.0,1.0,10,,,,,
learned_gate,,0.75,LearnedSoftGate,ood_accuracy,1.0,0.0,1.0,1.0,10,,,,,
learned_gate,,0.75,LearnedSoftGate,ood_balanced_accuracy,1.0,0.0,1.0,1.0,10,,,,,
learned_gate,,0.75,LearnedSoftGate,ood_brier,1.715384181715416e-05,1.9065415667205363e-06,1.6037280177694527e-05,1.8225744573031166e-05,10,,,,,
learned_gate,,0.75,LearnedSoftGate,fit_seconds,0.4943992200074717,0.014857301382905513,0.48618022226146423,0.5037814100272954,10,,,,,
learned_gate,,0.75,LearnedSoftGate,hardening_seconds,0.0,0.0,0.0,0.0,10,,,,,
learned_gate,,0.75,LearnedSoftGate,soft_to_hard_ood_balanced_drop,0.0,0.0,0.0,0.0,10,,,,,
learned_gate_bfs,,0.5,LearnedHardenedGate+BFS,accuracy,1.0,0.0,1.0,1.0,10,,,8.0,4.0,
learned_gate_bfs,,0.5,LearnedHardenedGate+BFS,balanced_accuracy,1.0,0.0,1.0,1.0,10,,,8.0,4.0,
learned_gate_bfs,,0.5,LearnedHardenedGate+BFS,positive_accuracy,1.0,0.0,1.0,1.0,10,,,8.0,4.0,
learned_gate_bfs,,0.5,LearnedHardenedGate+BFS,negative_accuracy,1.0,0.0,1.0,1.0,10,,,8.0,4.0,
learned_gate_bfs,,0.5,LearnedHardenedGate+BFS,median_query_ms,0.02144,0.0006899275324264136,0.021060000000000002,0.02187,10,,,8.0,4.0,
learned_gate_bfs,,0.5,LearnedSoftGate+BFS,accuracy,1.0,0.0,1.0,1.0,10,,,8.0,4.0,
learned_gate_bfs,,0.5,LearnedSoftGate+BFS,balanced_accuracy,1.0,0.0,1.0,1.0,10,,,8.0,4.0,
learned_gate_bfs,,0.5,LearnedSoftGate+BFS,positive_accuracy,1.0,0.0,1.0,1.0,10,,,8.0,4.0,
learned_gate_bfs,,0.5,LearnedSoftGate+BFS,negative_accuracy,1.0,0.0,1.0,1.0,10,,,8.0,4.0,
learned_gate_bfs,,0.5,LearnedSoftGate+BFS,median_query_ms,0.024419999999999983,0.0009490345971916016,0.02391,0.025029999999999976,10,,,8.0,4.0,
learned_gate_bfs,,0.5,LearnedHardenedGate+BFS,accuracy,1.0,0.0,1.0,1.0,10,,,8.0,8.0,
learned_gate_bfs,,0.5,LearnedHardenedGate+BFS,balanced_accuracy,1.0,0.0,1.0,1.0,10,,,8.0,8.0,
learned_gate_bfs,,0.5,LearnedHardenedGate+BFS,positive_accuracy,1.0,0.0,1.0,1.0,10,,,8.0,8.0,
learned_gate_bfs,,0.5,LearnedHardenedGate+BFS,negative_accuracy,1.0,0.0,1.0,1.0,10,,,8.0,8.0,
learned_gate_bfs,,0.5,LearnedHardenedGate+BFS,median_query_ms,0.04114999999999999,0.0013044794619566271,0.040429999999999994,0.04195499999999999,10,,,8.0,8.0,
learned_gate_bfs,,0.5,LearnedSoftGate+BFS,accuracy,1.0,0.0,1.0,1.0,10,,,8.0,8.0,
learned_gate_bfs,,0.5,LearnedSoftGate+BFS,balanced_accuracy,1.0,0.0,1.0,1.0,10,,,8.0,8.0,
learned_gate_bfs,,0.5,LearnedSoftGate+BFS,positive_accuracy,1.0,0.0,1.0,1.0,10,,,8.0,8.0,
learned_gate_bfs,,0.5,LearnedSoftGate+BFS,negative_accuracy,1.0,0.0,1.0,1.0,10,,,8.0,8.0,
learned_gate_bfs,,0.5,LearnedSoftGate+BFS,median_query_ms,0.04429500000000001,0.0013510181345933146,0.043605,0.04515,10,,,8.0,8.0,
learned_gate_bfs,,0.5,LearnedHardenedGate+BFS,accuracy,1.0,0.0,1.0,1.0,10,,,8.0,12.0,
learned_gate_bfs,,0.5,LearnedHardenedGate+BFS,balanced_accuracy,1.0,0.0,1.0,1.0,10,,,8.0,12.0,
learned_gate_bfs,,0.5,LearnedHardenedGate+BFS,positive_accuracy,1.0,0.0,1.0,1.0,10,,,8.0,12.0,
learned_gate_bfs,,0.5,LearnedHardenedGate+BFS,negative_accuracy,1.0,0.0,1.0,1.0,10,,,8.0,12.0,
learned_gate_bfs,,0.5,LearnedHardenedGate+BFS,median_query_ms,0.060094999999999996,0.0014000892828673463,0.05928499999999999,0.06091512500000001,10,,,8.0,12.0,
learned_gate_bfs,,0.5,LearnedSoftGate+BFS,accuracy,1.0,0.0,1.0,1.0,10,,,8.0,12.0,
learned_gate_bfs,,0.5,LearnedSoftGate+BFS,balanced_accuracy,1.0,0.0,1.0,1.0,10,,,8.0,12.0,
learned_gate_bfs,,0.5,LearnedSoftGate+BFS,positive_accuracy,1.0,0.0,1.0,1.0,10,,,8.0,12.0,
learned_gate_bfs,,0.5,LearnedSoftGate+BFS,negative_accuracy,1.0,0.0,1.0,1.0,10,,,8.0,12.0,
learned_gate_bfs,,0.5,LearnedSoftGate+BFS,median_query_ms,0.06346999999999997,0.0013262729734107915,0.06273,0.06426999999999997,10,,,8.0,12.0,
learned_gate_bfs,,0.5,LearnedHardenedGate+BFS,accuracy,1.0,0.0,1.0,1.0,10,,,16.0,4.0,
learned_gate_bfs,,0.5,LearnedHardenedGate+BFS,balanced_accuracy,1.0,0.0,1.0,1.0,10,,,16.0,4.0,
learned_gate_bfs,,0.5,LearnedHardenedGate+BFS,positive_accuracy,1.0,0.0,1.0,1.0,10,,,16.0,4.0,
learned_gate_bfs,,0.5,LearnedHardenedGate+BFS,negative_accuracy,1.0,0.0,1.0,1.0,10,,,16.0,4.0,
learned_gate_bfs,,0.5,LearnedHardenedGate+BFS,median_query_ms,0.02212499999999999,0.0017581950972517292,0.02138,0.023304999999999992,10,,,16.0,4.0,
learned_gate_bfs,,0.5,LearnedSoftGate+BFS,accuracy,1.0,0.0,1.0,1.0,10,,,16.0,4.0,
learned_gate_bfs,,0.5,LearnedSoftGate+BFS,balanced_accuracy,1.0,0.0,1.0,1.0,10,,,16.0,4.0,
learned_gate_bfs,,0.5,LearnedSoftGate+BFS,positive_accuracy,1.0,0.0,1.0,1.0,10,,,16.0,4.0,
learned_gate_bfs,,0.5,LearnedSoftGate+BFS,negative_accuracy,1.0,0.0,1.0,1.0,10,,,16.0,4.0,
learned_gate_bfs,,0.5,LearnedSoftGate+BFS,median_query_ms,0.02588499999999999,0.002641027788149489,0.02486,0.027624999999999976,10,,,16.0,4.0,
learned_gate_bfs,,0.5,LearnedHardenedGate+BFS,accuracy,1.0,0.0,1.0,1.0,10,,,16.0,8.0,
learned_gate_bfs,,0.5,LearnedHardenedGate+BFS,balanced_accuracy,1.0,0.0,1.0,1.0,10,,,16.0,8.0,
learned_gate_bfs,,0.5,LearnedHardenedGate+BFS,positive_accuracy,1.0,0.0,1.0,1.0,10,,,16.0,8.0,
learned_gate_bfs,,0.5,LearnedHardenedGate+BFS,negative_accuracy,1.0,0.0,1.0,1.0,10,,,16.0,8.0,
learned_gate_bfs,,0.5,LearnedHardenedGate+BFS,median_query_ms,0.04136,0.0010498147984816714,0.040755,0.04198,10,,,16.0,8.0,
learned_gate_bfs,,0.5,LearnedSoftGate+BFS,accuracy,1.0,0.0,1.0,1.0,10,,,16.0,8.0,
learned_gate_bfs,,0.5,LearnedSoftGate+BFS,balanced_accuracy,1.0,0.0,1.0,1.0,10,,,16.0,8.0,
learned_gate_bfs,,0.5,LearnedSoftGate+BFS,positive_accuracy,1.0,0.0,1.0,1.0,10,,,16.0,8.0,
learned_gate_bfs,,0.5,LearnedSoftGate+BFS,negative_accuracy,1.0,0.0,1.0,1.0,10,,,16.0,8.0,
learned_gate_bfs,,0.5,LearnedSoftGate+BFS,median_query_ms,0.046254999999999984,0.0010245459699029951,0.04566487499999995,0.04685999999999999,10,,,16.0,8.0,
learned_gate_bfs,,0.5,LearnedHardenedGate+BFS,accuracy,1.0,0.0,1.0,1.0,10,,,16.0,12.0,
learned_gate_bfs,,0.5,LearnedHardenedGate+BFS,balanced_accuracy,1.0,0.0,1.0,1.0,10,,,16.0,12.0,
learned_gate_bfs,,0.5,LearnedHardenedGate+BFS,positive_accuracy,1.0,0.0,1.0,1.0,10,,,16.0,12.0,
learned_gate_bfs,,0.5,LearnedHardenedGate+BFS,negative_accuracy,1.0,0.0,1.0,1.0,10,,,16.0,12.0,
learned_gate_bfs,,0.5,LearnedHardenedGate+BFS,median_query_ms,0.06382999999999998,0.00038456324432905545,0.063625,0.06407499999999998,10,,,16.0,12.0,
learned_gate_bfs,,0.5,LearnedSoftGate+BFS,accuracy,1.0,0.0,1.0,1.0,10,,,16.0,12.0,
learned_gate_bfs,,0.5,LearnedSoftGate+BFS,balanced_accuracy,1.0,0.0,1.0,1.0,10,,,16.0,12.0,
learned_gate_bfs,,0.5,LearnedSoftGate+BFS,positive_accuracy,1.0,0.0,1.0,1.0,10,,,16.0,12.0,
learned_gate_bfs,,0.5,LearnedSoftGate+BFS,negative_accuracy,1.0,0.0,1.0,1.0,10,,,16.0,12.0,
learned_gate_bfs,,0.5,LearnedSoftGate+BFS,median_query_ms,0.07252499999999998,0.0011778629424135556,0.07187999999999999,0.07324,10,,,16.0,12.0,
learned_gate_bfs,,0.5,LearnedHardenedGate+BFS,accuracy,1.0,0.0,1.0,1.0,10,,,32.0,4.0,
learned_gate_bfs,,0.5,LearnedHardenedGate+BFS,balanced_accuracy,1.0,0.0,1.0,1.0,10,,,32.0,4.0,
learned_gate_bfs,,0.5,LearnedHardenedGate+BFS,positive_accuracy,1.0,0.0,1.0,1.0,10,,,32.0,4.0,
learned_gate_bfs,,0.5,LearnedHardenedGate+BFS,negative_accuracy,1.0,0.0,1.0,1.0,10,,,32.0,4.0,
learned_gate_bfs,,0.5,LearnedHardenedGate+BFS,median_query_ms,0.0237,0.00012692955176439892,0.023625,0.023770000000000003,10,,,32.0,4.0,
learned_gate_bfs,,0.5,LearnedSoftGate+BFS,accuracy,1.0,0.0,1.0,1.0,10,,,32.0,4.0,
learned_gate_bfs,,0.5,LearnedSoftGate+BFS,balanced_accuracy,1.0,0.0,1.0,1.0,10,,,32.0,4.0,
learned_gate_bfs,,0.5,LearnedSoftGate+BFS,positive_accuracy,1.0,0.0,1.0,1.0,10,,,32.0,4.0,
learned_gate_bfs,,0.5,LearnedSoftGate+BFS,negative_accuracy,1.0,0.0,1.0,1.0,10,,,32.0,4.0,
learned_gate_bfs,,0.5,LearnedSoftGate+BFS,median_query_ms,0.03279999999999999,0.0022622506001276346,0.03147499999999999,0.034145125,10,,,32.0,4.0,
learned_gate_bfs,,0.5,LearnedHardenedGate+BFS,accuracy,1.0,0.0,1.0,1.0,10,,,32.0,8.0,
learned_gate_bfs,,0.5,LearnedHardenedGate+BFS,balanced_accuracy,1.0,0.0,1.0,1.0,10,,,32.0,8.0,
learned_gate_bfs,,0.5,LearnedHardenedGate+BFS,positive_accuracy,1.0,0.0,1.0,1.0,10,,,32.0,8.0,
learned_gate_bfs,,0.5,LearnedHardenedGate+BFS,negative_accuracy,1.0,0.0,1.0,1.0,10,,,32.0,8.0,
learned_gate_bfs,,0.5,LearnedHardenedGate+BFS,median_query_ms,0.04462499999999999,0.0002720804619552398,0.044465,0.044785000000000005,10,,,32.0,8.0,
learned_gate_bfs,,0.5,LearnedSoftGate+BFS,accuracy,1.0,0.0,1.0,1.0,10,,,32.0,8.0,
learned_gate_bfs,,0.5,LearnedSoftGate+BFS,balanced_accuracy,1.0,0.0,1.0,1.0,10,,,32.0,8.0,
learned_gate_bfs,,0.5,LearnedSoftGate+BFS,positive_accuracy,1.0,0.0,1.0,1.0,10,,,32.0,8.0,
learned_gate_bfs,,0.5,LearnedSoftGate+BFS,negative_accuracy,1.0,0.0,1.0,1.0,10,,,32.0,8.0,
learned_gate_bfs,,0.5,LearnedSoftGate+BFS,median_query_ms,0.05704999999999999,0.0032805826040845443,0.05504,0.05886999999999998,10,,,32.0,8.0,
learned_gate_bfs,,0.5,LearnedHardenedGate+BFS,accuracy,1.0,0.0,1.0,1.0,10,,,32.0,12.0,
learned_gate_bfs,,0.5,LearnedHardenedGate+BFS,balanced_accuracy,1.0,0.0,1.0,1.0,10,,,32.0,12.0,
learned_gate_bfs,,0.5,LearnedHardenedGate+BFS,positive_accuracy,1.0,0.0,1.0,1.0,10,,,32.0,12.0,
learned_gate_bfs,,0.5,LearnedHardenedGate+BFS,negative_accuracy,1.0,0.0,1.0,1.0,10,,,32.0,12.0,
learned_gate_bfs,,0.5,LearnedHardenedGate+BFS,median_query_ms,0.065525,0.00019329022507905242,0.06541,0.06563000000000001,10,,,32.0,12.0,
learned_gate_bfs,,0.5,LearnedSoftGate+BFS,accuracy,1.0,0.0,1.0,1.0,10,,,32.0,12.0,
learned_gate_bfs,,0.5,LearnedSoftGate+BFS,balanced_accuracy,1.0,0.0,1.0,1.0,10,,,32.0,12.0,
learned_gate_bfs,,0.5,LearnedSoftGate+BFS,positive_accuracy,1.0,0.0,1.0,1.0,10,,,32.0,12.0,
learned_gate_bfs,,0.5,LearnedSoftGate+BFS,negative_accuracy,1.0,0.0,1.0,1.0,10,,,32.0,12.0,
learned_gate_bfs,,0.5,LearnedSoftGate+BFS,median_query_ms,0.07885499999999998,0.002268191888805788,0.07758,0.08022499999999999,10,,,32.0,12.0,
learned_gate_bfs,,0.75,LearnedHardenedGate+BFS,accuracy,1.0,0.0,1.0,1.0,10,,,8.0,4.0,
learned_gate_bfs,,0.75,LearnedHardenedGate+BFS,balanced_accuracy,1.0,0.0,1.0,1.0,10,,,8.0,4.0,
learned_gate_bfs,,0.75,LearnedHardenedGate+BFS,positive_accuracy,1.0,0.0,1.0,1.0,10,,,8.0,4.0,
learned_gate_bfs,,0.75,LearnedHardenedGate+BFS,negative_accuracy,1.0,0.0,1.0,1.0,10,,,8.0,4.0,
learned_gate_bfs,,0.75,LearnedHardenedGate+BFS,median_query_ms,0.021315,0.0004978007187173952,0.02105,0.021634999999999998,10,,,8.0,4.0,
learned_gate_bfs,,0.75,LearnedSoftGate+BFS,accuracy,1.0,0.0,1.0,1.0,10,,,8.0,4.0,
learned_gate_bfs,,0.75,LearnedSoftGate+BFS,balanced_accuracy,1.0,0.0,1.0,1.0,10,,,8.0,4.0,
learned_gate_bfs,,0.75,LearnedSoftGate+BFS,positive_accuracy,1.0,0.0,1.0,1.0,10,,,8.0,4.0,
learned_gate_bfs,,0.75,LearnedSoftGate+BFS,negative_accuracy,1.0,0.0,1.0,1.0,10,,,8.0,4.0,
learned_gate_bfs,,0.75,LearnedSoftGate+BFS,median_query_ms,0.02433999999999999,0.0005810909280540097,0.024015,0.024699999999999986,10,,,8.0,4.0,
learned_gate_bfs,,0.75,LearnedHardenedGate+BFS,accuracy,1.0,0.0,1.0,1.0,10,,,8.0,8.0,
learned_gate_bfs,,0.75,LearnedHardenedGate+BFS,balanced_accuracy,1.0,0.0,1.0,1.0,10,,,8.0,8.0,
learned_gate_bfs,,0.75,LearnedHardenedGate+BFS,positive_accuracy,1.0,0.0,1.0,1.0,10,,,8.0,8.0,
learned_gate_bfs,,0.75,LearnedHardenedGate+BFS,negative_accuracy,1.0,0.0,1.0,1.0,10,,,8.0,8.0,
learned_gate_bfs,,0.75,LearnedHardenedGate+BFS,median_query_ms,0.040655000000000004,0.0008945669343319143,0.040159875,0.0412,10,,,8.0,8.0,
learned_gate_bfs,,0.75,LearnedSoftGate+BFS,accuracy,1.0,0.0,1.0,1.0,10,,,8.0,8.0,
learned_gate_bfs,,0.75,LearnedSoftGate+BFS,balanced_accuracy,1.0,0.0,1.0,1.0,10,,,8.0,8.0,
learned_gate_bfs,,0.75,LearnedSoftGate+BFS,positive_accuracy,1.0,0.0,1.0,1.0,10,,,8.0,8.0,
learned_gate_bfs,,0.75,LearnedSoftGate+BFS,negative_accuracy,1.0,0.0,1.0,1.0,10,,,8.0,8.0,
learned_gate_bfs,,0.75,LearnedSoftGate+BFS,median_query_ms,0.04385999999999998,0.0007381658952355559,0.04341999999999998,0.044289999999999996,10,,,8.0,8.0,
learned_gate_bfs,,0.75,LearnedHardenedGate+BFS,accuracy,1.0,0.0,1.0,1.0,10,,,8.0,12.0,
learned_gate_bfs,,0.75,LearnedHardenedGate+BFS,balanced_accuracy,1.0,0.0,1.0,1.0,10,,,8.0,12.0,
learned_gate_bfs,,0.75,LearnedHardenedGate+BFS,positive_accuracy,1.0,0.0,1.0,1.0,10,,,8.0,12.0,
learned_gate_bfs,,0.75,LearnedHardenedGate+BFS,negative_accuracy,1.0,0.0,1.0,1.0,10,,,8.0,12.0,
learned_gate_bfs,,0.75,LearnedHardenedGate+BFS,median_query_ms,0.05994999999999999,0.0010898521816181204,0.059324999999999996,0.060584999999999986,10,,,8.0,12.0,
learned_gate_bfs,,0.75,LearnedSoftGate+BFS,accuracy,1.0,0.0,1.0,1.0,10,,,8.0,12.0,
learned_gate_bfs,,0.75,LearnedSoftGate+BFS,balanced_accuracy,1.0,0.0,1.0,1.0,10,,,8.0,12.0,
learned_gate_bfs,,0.75,LearnedSoftGate+BFS,positive_accuracy,1.0,0.0,1.0,1.0,10,,,8.0,12.0,
learned_gate_bfs,,0.75,LearnedSoftGate+BFS,negative_accuracy,1.0,0.0,1.0,1.0,10,,,8.0,12.0,
learned_gate_bfs,,0.75,LearnedSoftGate+BFS,median_query_ms,0.063395,0.0008301438964955942,0.06293,0.06391,10,,,8.0,12.0,
learned_gate_bfs,,0.75,LearnedHardenedGate+BFS,accuracy,1.0,0.0,1.0,1.0,10,,,16.0,4.0,
learned_gate_bfs,,0.75,LearnedHardenedGate+BFS,balanced_accuracy,1.0,0.0,1.0,1.0,10,,,16.0,4.0,
learned_gate_bfs,,0.75,LearnedHardenedGate+BFS,positive_accuracy,1.0,0.0,1.0,1.0,10,,,16.0,4.0,
learned_gate_bfs,,0.75,LearnedHardenedGate+BFS,negative_accuracy,1.0,0.0,1.0,1.0,10,,,16.0,4.0,
learned_gate_bfs,,0.75,LearnedHardenedGate+BFS,median_query_ms,0.021589999999999998,0.0005295700562196135,0.021305,0.021920000000000002,10,,,16.0,4.0,
learned_gate_bfs,,0.75,LearnedSoftGate+BFS,accuracy,1.0,0.0,1.0,1.0,10,,,16.0,4.0,
learned_gate_bfs,,0.75,LearnedSoftGate+BFS,balanced_accuracy,1.0,0.0,1.0,1.0,10,,,16.0,4.0,
learned_gate_bfs,,0.75,LearnedSoftGate+BFS,positive_accuracy,1.0,0.0,1.0,1.0,10,,,16.0,4.0,
learned_gate_bfs,,0.75,LearnedSoftGate+BFS,negative_accuracy,1.0,0.0,1.0,1.0,10,,,16.0,4.0,
learned_gate_bfs,,0.75,LearnedSoftGate+BFS,median_query_ms,0.025099999999999983,0.0003153481321404084,0.02492499999999997,0.025294999999999977,10,,,16.0,4.0,
learned_gate_bfs,,0.75,LearnedHardenedGate+BFS,accuracy,1.0,0.0,1.0,1.0,10,,,16.0,8.0,
learned_gate_bfs,,0.75,LearnedHardenedGate+BFS,balanced_accuracy,1.0,0.0,1.0,1.0,10,,,16.0,8.0,
learned_gate_bfs,,0.75,LearnedHardenedGate+BFS,positive_accuracy,1.0,0.0,1.0,1.0,10,,,16.0,8.0,
learned_gate_bfs,,0.75,LearnedHardenedGate+BFS,negative_accuracy,1.0,0.0,1.0,1.0,10,,,16.0,8.0,
learned_gate_bfs,,0.75,LearnedHardenedGate+BFS,median_query_ms,0.04092999999999999,0.0009049861877398907,0.04041,0.04149499999999998,10,,,16.0,8.0,
learned_gate_bfs,,0.75,LearnedSoftGate+BFS,accuracy,1.0,0.0,1.0,1.0,10,,,16.0,8.0,
learned_gate_bfs,,0.75,LearnedSoftGate+BFS,balanced_accuracy,1.0,0.0,1.0,1.0,10,,,16.0,8.0,
learned_gate_bfs,,0.75,LearnedSoftGate+BFS,positive_accuracy,1.0,0.0,1.0,1.0,10,,,16.0,8.0,
learned_gate_bfs,,0.75,LearnedSoftGate+BFS,negative_accuracy,1.0,0.0,1.0,1.0,10,,,16.0,8.0,
learned_gate_bfs,,0.75,LearnedSoftGate+BFS,median_query_ms,0.04571999999999999,0.0006920982589199289,0.04538,0.046174999999999994,10,,,16.0,8.0,
learned_gate_bfs,,0.75,LearnedHardenedGate+BFS,accuracy,1.0,0.0,1.0,1.0,10,,,16.0,12.0,
learned_gate_bfs,,0.75,LearnedHardenedGate+BFS,balanced_accuracy,1.0,0.0,1.0,1.0,10,,,16.0,12.0,
learned_gate_bfs,,0.75,LearnedHardenedGate+BFS,positive_accuracy,1.0,0.0,1.0,1.0,10,,,16.0,12.0,
learned_gate_bfs,,0.75,LearnedHardenedGate+BFS,negative_accuracy,1.0,0.0,1.0,1.0,10,,,16.0,12.0,
learned_gate_bfs,,0.75,LearnedHardenedGate+BFS,median_query_ms,0.06378,0.00011832159566199207,0.063715,0.06384999999999999,10,,,16.0,12.0,
learned_gate_bfs,,0.75,LearnedSoftGate+BFS,accuracy,1.0,0.0,1.0,1.0,10,,,16.0,12.0,
learned_gate_bfs,,0.75,LearnedSoftGate+BFS,balanced_accuracy,1.0,0.0,1.0,1.0,10,,,16.0,12.0,
learned_gate_bfs,,0.75,LearnedSoftGate+BFS,positive_accuracy,1.0,0.0,1.0,1.0,10,,,16.0,12.0,
learned_gate_bfs,,0.75,LearnedSoftGate+BFS,negative_accuracy,1.0,0.0,1.0,1.0,10,,,16.0,12.0,
learned_gate_bfs,,0.75,LearnedSoftGate+BFS,median_query_ms,0.072085,0.00103227095926086,0.071465,0.07266999999999998,10,,,16.0,12.0,
learned_gate_bfs,,0.75,LearnedHardenedGate+BFS,accuracy,1.0,0.0,1.0,1.0,10,,,32.0,4.0,
learned_gate_bfs,,0.75,LearnedHardenedGate+BFS,balanced_accuracy,1.0,0.0,1.0,1.0,10,,,32.0,4.0,
learned_gate_bfs,,0.75,LearnedHardenedGate+BFS,positive_accuracy,1.0,0.0,1.0,1.0,10,,,32.0,4.0,
learned_gate_bfs,,0.75,LearnedHardenedGate+BFS,negative_accuracy,1.0,0.0,1.0,1.0,10,,,32.0,4.0,
learned_gate_bfs,,0.75,LearnedHardenedGate+BFS,median_query_ms,0.023594999999999998,0.00014804278660801592,0.02351,0.023684999999999998,10,,,32.0,4.0,
learned_gate_bfs,,0.75,LearnedSoftGate+BFS,accuracy,1.0,0.0,1.0,1.0,10,,,32.0,4.0,
learned_gate_bfs,,0.75,LearnedSoftGate+BFS,balanced_accuracy,1.0,0.0,1.0,1.0,10,,,32.0,4.0,
learned_gate_bfs,,0.75,LearnedSoftGate+BFS,positive_accuracy,1.0,0.0,1.0,1.0,10,,,32.0,4.0,
learned_gate_bfs,,0.75,LearnedSoftGate+BFS,negative_accuracy,1.0,0.0,1.0,1.0,10,,,32.0,4.0,
learned_gate_bfs,,0.75,LearnedSoftGate+BFS,median_query_ms,0.031194999999999973,0.0020029769511071926,0.03003499999999998,0.032394999999999965,10,,,32.0,4.0,
learned_gate_bfs,,0.75,LearnedHardenedGate+BFS,accuracy,1.0,0.0,1.0,1.0,10,,,32.0,8.0,
learned_gate_bfs,,0.75,LearnedHardenedGate+BFS,balanced_accuracy,1.0,0.0,1.0,1.0,10,,,32.0,8.0,
learned_gate_bfs,,0.75,LearnedHardenedGate+BFS,positive_accuracy,1.0,0.0,1.0,1.0,10,,,32.0,8.0,
learned_gate_bfs,,0.75,LearnedHardenedGate+BFS,negative_accuracy,1.0,0.0,1.0,1.0,10,,,32.0,8.0,
learned_gate_bfs,,0.75,LearnedHardenedGate+BFS,median_query_ms,0.044675,0.0002440969752646134,0.04453,0.044815,10,,,32.0,8.0,
learned_gate_bfs,,0.75,LearnedSoftGate+BFS,accuracy,1.0,0.0,1.0,1.0,10,,,32.0,8.0,
learned_gate_bfs,,0.75,LearnedSoftGate+BFS,balanced_accuracy,1.0,0.0,1.0,1.0,10,,,32.0,8.0,
learned_gate_bfs,,0.75,LearnedSoftGate+BFS,positive_accuracy,1.0,0.0,1.0,1.0,10,,,32.0,8.0,
learned_gate_bfs,,0.75,LearnedSoftGate+BFS,negative_accuracy,1.0,0.0,1.0,1.0,10,,,32.0,8.0,
learned_gate_bfs,,0.75,LearnedSoftGate+BFS,median_query_ms,0.055654999999999975,0.0024336129976276436,0.054249999999999965,0.05713999999999998,10,,,32.0,8.0,
learned_gate_bfs,,0.75,LearnedHardenedGate+BFS,accuracy,1.0,0.0,1.0,1.0,10,,,32.0,12.0,
learned_gate_bfs,,0.75,LearnedHardenedGate+BFS,balanced_accuracy,1.0,0.0,1.0,1.0,10,,,32.0,12.0,
learned_gate_bfs,,0.75,LearnedHardenedGate+BFS,positive_accuracy,1.0,0.0,1.0,1.0,10,,,32.0,12.0,
learned_gate_bfs,,0.75,LearnedHardenedGate+BFS,negative_accuracy,1.0,0.0,1.0,1.0,10,,,32.0,12.0,
learned_gate_bfs,,0.75,LearnedHardenedGate+BFS,median_query_ms,0.065785,0.00021479964825131835,0.06565499999999999,0.06590500000000002,10,,,32.0,12.0,
learned_gate_bfs,,0.75,LearnedSoftGate+BFS,accuracy,1.0,0.0,1.0,1.0,10,,,32.0,12.0,
learned_gate_bfs,,0.75,LearnedSoftGate+BFS,balanced_accuracy,1.0,0.0,1.0,1.0,10,,,32.0,12.0,
learned_gate_bfs,,0.75,LearnedSoftGate+BFS,positive_accuracy,1.0,0.0,1.0,1.0,10,,,32.0,12.0,
learned_gate_bfs,,0.75,LearnedSoftGate+BFS,negative_accuracy,1.0,0.0,1.0,1.0,10,,,32.0,12.0,
learned_gate_bfs,,0.75,LearnedSoftGate+BFS,median_query_ms,0.08016999999999999,0.0017781388522209905,0.079125,0.08123000000000001,10,,,32.0,12.0,
