benchmark,samples,method,repeat,milliseconds,objects,seed
efficiency,1024.0,float_tnorm,0,0.023,,
efficiency,1024.0,float_tnorm,1,0.0225,,
efficiency,1024.0,float_tnorm,2,0.0225,,
efficiency,1024.0,float_tnorm,3,0.0226,,
efficiency,1024.0,float_tnorm,4,0.0228,,
efficiency,1024.0,float_tnorm,5,0.0231,,
efficiency,1024.0,float_tnorm,6,0.0226,,
efficiency,1024.0,float_tnorm,7,0.0227,,
efficiency,1024.0,float_tnorm,8,0.0224,,
efficiency,1024.0,float_tnorm,9,0.0226,,
efficiency,1024.0,float_tnorm,10,0.0228,,
efficiency,1024.0,float_tnorm,11,0.0223,,
efficiency,1024.0,bool_numpy,0,0.0123,,
efficiency,1024.0,bool_numpy,1,0.0124,,
efficiency,1024.0,bool_numpy,2,0.0119,,
efficiency,1024.0,bool_numpy,3,0.0122,,
efficiency,1024.0,bool_numpy,4,0.0122,,
efficiency,1024.0,bool_numpy,5,0.0192,,
efficiency,1024.0,bool_numpy,6,0.0325,,
efficiency,1024.0,bool_numpy,7,0.013,,
efficiency,1024.0,bool_numpy,8,0.012,,
efficiency,1024.0,bool_numpy,9,0.012,,
efficiency,1024.0,bool_numpy,10,0.0119,,
efficiency,1024.0,bool_numpy,11,0.0121,,
efficiency,1024.0,packed_kernel,0,0.004,,
efficiency,1024.0,packed_kernel,1,0.004,,
efficiency,1024.0,packed_kernel,2,0.0039,,
efficiency,1024.0,packed_kernel,3,0.0037,,
efficiency,1024.0,packed_kernel,4,0.0036,,
efficiency,1024.0,packed_kernel,5,0.0038,,
efficiency,1024.0,packed_kernel,6,0.0037,,
efficiency,1024.0,packed_kernel,7,0.0037,,
efficiency,1024.0,packed_kernel,8,0.0038,,
efficiency,1024.0,packed_kernel,9,0.0038,,
efficiency,1024.0,packed_kernel,10,0.0037,,
efficiency,1024.0,packed_kernel,11,0.0038,,
efficiency,1024.0,packed_end_to_end,0,0.0229,,
efficiency,1024.0,packed_end_to_end,1,0.0228,,
efficiency,1024.0,packed_end_to_end,2,0.0232,,
efficiency,1024.0,packed_end_to_end,3,0.0227,,
efficiency,1024.0,packed_end_to_end,4,0.0227,,
efficiency,1024.0,packed_end_to_end,5,0.0226,,
efficiency,1024.0,packed_end_to_end,6,0.0231,,
efficiency,1024.0,packed_end_to_end,7,0.0228,,
efficiency,1024.0,packed_end_to_end,8,0.0232,,
efficiency,1024.0,packed_end_to_end,9,0.0228,,
efficiency,1024.0,packed_end_to_end,10,0.0233,,
efficiency,1024.0,packed_end_to_end,11,0.0228,,
efficiency,16384.0,float_tnorm,0,0.1041,,
efficiency,16384.0,float_tnorm,1,0.1039,,
efficiency,16384.0,float_tnorm,2,0.1039,,
efficiency,16384.0,float_tnorm,3,0.1044,,
efficiency,16384.0,float_tnorm,4,0.1124,,
efficiency,16384.0,float_tnorm,5,0.1146,,
efficiency,16384.0,float_tnorm,6,0.1056,,
efficiency,16384.0,float_tnorm,7,0.1249,,
efficiency,16384.0,float_tnorm,8,0.1053,,
efficiency,16384.0,float_tnorm,9,0.1046,,
efficiency,16384.0,float_tnorm,10,0.1037,,
efficiency,16384.0,float_tnorm,11,0.1046,,
efficiency,16384.0,bool_numpy,0,0.0697,,
efficiency,16384.0,bool_numpy,1,0.0698,,
efficiency,16384.0,bool_numpy,2,0.0697,,
efficiency,16384.0,bool_numpy,3,0.0696,,
efficiency,16384.0,bool_numpy,4,0.0693,,
efficiency,16384.0,bool_numpy,5,0.07,,
efficiency,16384.0,bool_numpy,6,0.0698,,
efficiency,16384.0,bool_numpy,7,0.0702,,
efficiency,16384.0,bool_numpy,8,0.1008,,
efficiency,16384.0,bool_numpy,9,0.0742,,
efficiency,16384.0,bool_numpy,10,0.0701,,
efficiency,16384.0,bool_numpy,11,0.0747,,
efficiency,16384.0,packed_kernel,0,0.0134,,
efficiency,16384.0,packed_kernel,1,0.0132,,
efficiency,16384.0,packed_kernel,2,0.0132,,
efficiency,16384.0,packed_kernel,3,0.0131,,
efficiency,16384.0,packed_kernel,4,0.0131,,
efficiency,16384.0,packed_kernel,5,0.0133,,
efficiency,16384.0,packed_kernel,6,0.013,,
efficiency,16384.0,packed_kernel,7,0.0131,,
efficiency,16384.0,packed_kernel,8,0.0135,,
efficiency,16384.0,packed_kernel,9,0.0131,,
efficiency,16384.0,packed_kernel,10,0.0159,,
efficiency,16384.0,packed_kernel,11,0.013,,
efficiency,16384.0,packed_end_to_end,0,0.2731,,
efficiency,16384.0,packed_end_to_end,1,0.2798,,
efficiency,16384.0,packed_end_to_end,2,0.2638,,
efficiency,16384.0,packed_end_to_end,3,0.267,,
efficiency,16384.0,packed_end_to_end,4,0.2658,,
efficiency,16384.0,packed_end_to_end,5,0.2577,,
efficiency,16384.0,packed_end_to_end,6,0.2512,,
efficiency,16384.0,packed_end_to_end,7,0.2576,,
efficiency,16384.0,packed_end_to_end,8,0.353,,
efficiency,16384.0,packed_end_to_end,9,0.3227,,
efficiency,16384.0,packed_end_to_end,10,0.3165,,
efficiency,16384.0,packed_end_to_end,11,0.2674,,
efficiency,262144.0,float_tnorm,0,10.6491,,
efficiency,262144.0,float_tnorm,1,9.3727,,
efficiency,262144.0,float_tnorm,2,8.5397,,
efficiency,262144.0,float_tnorm,3,9.3041,,
efficiency,262144.0,float_tnorm,4,7.8282,,
efficiency,262144.0,float_tnorm,5,8.8483,,
efficiency,262144.0,float_tnorm,6,8.22,,
efficiency,262144.0,float_tnorm,7,7.9336,,
efficiency,262144.0,float_tnorm,8,8.4147,,
efficiency,262144.0,float_tnorm,9,10.2836,,
efficiency,262144.0,float_tnorm,10,8.758,,
efficiency,262144.0,float_tnorm,11,12.2614,,
efficiency,262144.0,bool_numpy,0,1.3879,,
efficiency,262144.0,bool_numpy,1,1.3973,,
efficiency,262144.0,bool_numpy,2,1.3913,,
efficiency,262144.0,bool_numpy,3,1.3701,,
efficiency,262144.0,bool_numpy,4,1.2396,,
efficiency,262144.0,bool_numpy,5,1.2528,,
efficiency,262144.0,bool_numpy,6,1.2071,,
efficiency,262144.0,bool_numpy,7,1.1381,,
efficiency,262144.0,bool_numpy,8,1.0956,,
efficiency,262144.0,bool_numpy,9,1.0598,,
efficiency,262144.0,bool_numpy,10,1.2479,,
efficiency,262144.0,bool_numpy,11,1.0197,,
efficiency,262144.0,packed_kernel,0,0.1443,,
efficiency,262144.0,packed_kernel,1,0.1386,,
efficiency,262144.0,packed_kernel,2,0.1354,,
efficiency,262144.0,packed_kernel,3,0.1387,,
efficiency,262144.0,packed_kernel,4,0.1391,,
efficiency,262144.0,packed_kernel,5,0.144,,
efficiency,262144.0,packed_kernel,6,0.1201,,
efficiency,262144.0,packed_kernel,7,0.1183,,
efficiency,262144.0,packed_kernel,8,0.1239,,
efficiency,262144.0,packed_kernel,9,0.1184,,
efficiency,262144.0,packed_kernel,10,0.1221,,
efficiency,262144.0,packed_kernel,11,0.1192,,
efficiency,262144.0,packed_end_to_end,0,2.183,,
efficiency,262144.0,packed_end_to_end,1,3.0807,,
efficiency,262144.0,packed_end_to_end,2,3.4311,,
efficiency,262144.0,packed_end_to_end,3,2.8869,,
efficiency,262144.0,packed_end_to_end,4,2.1097,,
efficiency,262144.0,packed_end_to_end,5,2.0918,,
efficiency,262144.0,packed_end_to_end,6,3.1443,,
efficiency,262144.0,packed_end_to_end,7,2.3968,,
efficiency,262144.0,packed_end_to_end,8,3.2631,,
efficiency,262144.0,packed_end_to_end,9,2.078,,
efficiency,262144.0,packed_end_to_end,10,2.2858,,
efficiency,262144.0,packed_end_to_end,11,2.3085,,
efficiency,1048576.0,float_tnorm,0,35.5109,,
efficiency,1048576.0,float_tnorm,1,48.1272,,
efficiency,1048576.0,float_tnorm,2,48.8386,,
efficiency,1048576.0,float_tnorm,3,42.4962,,
efficiency,1048576.0,float_tnorm,4,43.8562,,
efficiency,1048576.0,float_tnorm,5,51.94,,
efficiency,1048576.0,float_tnorm,6,44.0807,,
efficiency,1048576.0,float_tnorm,7,42.7276,,
efficiency,1048576.0,bool_numpy,0,9.0939,,
efficiency,1048576.0,bool_numpy,1,9.2766,,
efficiency,1048576.0,bool_numpy,2,7.6345,,
efficiency,1048576.0,bool_numpy,3,7.9486,,
efficiency,1048576.0,bool_numpy,4,11.4233,,
efficiency,1048576.0,bool_numpy,5,8.9358,,
efficiency,1048576.0,bool_numpy,6,7.9723,,
efficiency,1048576.0,bool_numpy,7,7.7453,,
efficiency,1048576.0,packed_kernel,0,0.4875,,
efficiency,1048576.0,packed_kernel,1,0.4615,,
efficiency,1048576.0,packed_kernel,2,0.452,,
efficiency,1048576.0,packed_kernel,3,0.4781,,
efficiency,1048576.0,packed_kernel,4,0.451,,
efficiency,1048576.0,packed_kernel,5,0.4545,,
efficiency,1048576.0,packed_kernel,6,0.4509,,
efficiency,1048576.0,packed_kernel,7,0.4578,,
efficiency,1048576.0,packed_end_to_end,0,12.1563,,
efficiency,1048576.0,packed_end_to_end,1,11.8581,,
efficiency,1048576.0,packed_end_to_end,2,14.4842,,
efficiency,1048576.0,packed_end_to_end,3,15.1016,,
efficiency,1048576.0,packed_end_to_end,4,9.7059,,
efficiency,1048576.0,packed_end_to_end,5,11.5758,,
efficiency,1048576.0,packed_end_to_end,6,9.6561,,
efficiency,1048576.0,packed_end_to_end,7,10.7101,,
relation_filter,,dense_boolean_gate,0,0.0233,64.0,0.0
relation_filter,,dense_boolean_gate,1,0.0237,64.0,0.0
relation_filter,,dense_boolean_gate,2,0.024,64.0,0.0
relation_filter,,dense_boolean_gate,3,0.0258,64.0,0.0
relation_filter,,dense_boolean_gate,4,0.0303,64.0,0.0
relation_filter,,dense_boolean_gate,5,0.0251,64.0,0.0
relation_filter,,dense_boolean_gate,6,0.0247,64.0,0.0
relation_filter,,dense_boolean_gate,7,0.0247,64.0,0.0
relation_filter,,dense_boolean_gate,8,0.0275,64.0,0.0
relation_filter,,dense_boolean_gate,9,0.0233,64.0,0.0
relation_filter,,indexed_gate_filter,0,0.0854,64.0,0.0
relation_filter,,indexed_gate_filter,1,0.0845,64.0,0.0
relation_filter,,indexed_gate_filter,2,0.0846,64.0,0.0
relation_filter,,indexed_gate_filter,3,0.0855,64.0,0.0
relation_filter,,indexed_gate_filter,4,0.0954,64.0,0.0
relation_filter,,indexed_gate_filter,5,0.0891,64.0,0.0
relation_filter,,indexed_gate_filter,6,0.0831,64.0,0.0
relation_filter,,indexed_gate_filter,7,0.0864,64.0,0.0
relation_filter,,indexed_gate_filter,8,0.0861,64.0,0.0
relation_filter,,indexed_gate_filter,9,0.0835,64.0,0.0
relation_filter,,dense_boolean_gate,0,0.0492,128.0,0.0
relation_filter,,dense_boolean_gate,1,0.0505,128.0,0.0
relation_filter,,dense_boolean_gate,2,0.0487,128.0,0.0
relation_filter,,dense_boolean_gate,3,0.0489,128.0,0.0
relation_filter,,dense_boolean_gate,4,0.0491,128.0,0.0
relation_filter,,dense_boolean_gate,5,0.0488,128.0,0.0
relation_filter,,dense_boolean_gate,6,0.048,128.0,0.0
relation_filter,,dense_boolean_gate,7,0.0484,128.0,0.0
relation_filter,,dense_boolean_gate,8,0.0484,128.0,0.0
relation_filter,,dense_boolean_gate,9,0.0487,128.0,0.0
relation_filter,,indexed_gate_filter,0,0.1702,128.0,0.0
relation_filter,,indexed_gate_filter,1,0.1711,128.0,0.0
relation_filter,,indexed_gate_filter,2,0.1693,128.0,0.0
relation_filter,,indexed_gate_filter,3,0.1755,128.0,0.0
relation_filter,,indexed_gate_filter,4,0.1751,128.0,0.0
relation_filter,,indexed_gate_filter,5,0.1698,128.0,0.0
relation_filter,,indexed_gate_filter,6,0.168,128.0,0.0
relation_filter,,indexed_gate_filter,7,0.1687,128.0,0.0
relation_filter,,indexed_gate_filter,8,0.1689,128.0,0.0
relation_filter,,indexed_gate_filter,9,0.1834,128.0,0.0
relation_filter,,dense_boolean_gate,0,0.1554,256.0,0.0
relation_filter,,dense_boolean_gate,1,0.1768,256.0,0.0
relation_filter,,dense_boolean_gate,2,0.1676,256.0,0.0
relation_filter,,dense_boolean_gate,3,0.1712,256.0,0.0
relation_filter,,dense_boolean_gate,4,0.2072,256.0,0.0
relation_filter,,dense_boolean_gate,5,0.1873,256.0,0.0
relation_filter,,dense_boolean_gate,6,0.1672,256.0,0.0
relation_filter,,dense_boolean_gate,7,0.1709,256.0,0.0
relation_filter,,dense_boolean_gate,8,0.1806,256.0,0.0
relation_filter,,dense_boolean_gate,9,0.1731,256.0,0.0
relation_filter,,indexed_gate_filter,0,0.3538,256.0,0.0
relation_filter,,indexed_gate_filter,1,0.3483,256.0,0.0
relation_filter,,indexed_gate_filter,2,0.4758,256.0,0.0
relation_filter,,indexed_gate_filter,3,0.7428,256.0,0.0
relation_filter,,indexed_gate_filter,4,0.7152,256.0,0.0
relation_filter,,indexed_gate_filter,5,0.6741,256.0,0.0
relation_filter,,indexed_gate_filter,6,0.6454,256.0,0.0
relation_filter,,indexed_gate_filter,7,0.5132,256.0,0.0
relation_filter,,indexed_gate_filter,8,0.5489,256.0,0.0
relation_filter,,indexed_gate_filter,9,0.5998,256.0,0.0
relation_filter,,dense_boolean_gate,0,1.0919,512.0,0.0
relation_filter,,dense_boolean_gate,1,1.0885,512.0,0.0
relation_filter,,dense_boolean_gate,2,1.0586,512.0,0.0
relation_filter,,dense_boolean_gate,3,1.0828,512.0,0.0
relation_filter,,dense_boolean_gate,4,1.2763,512.0,0.0
relation_filter,,dense_boolean_gate,5,1.097,512.0,0.0
relation_filter,,dense_boolean_gate,6,1.3521,512.0,0.0
relation_filter,,dense_boolean_gate,7,1.0705,512.0,0.0
relation_filter,,dense_boolean_gate,8,1.047,512.0,0.0
relation_filter,,dense_boolean_gate,9,1.0195,512.0,0.0
relation_filter,,indexed_gate_filter,0,0.8995,512.0,0.0
relation_filter,,indexed_gate_filter,1,1.3594,512.0,0.0
relation_filter,,indexed_gate_filter,2,1.3449,512.0,0.0
relation_filter,,indexed_gate_filter,3,1.3701,512.0,0.0
relation_filter,,indexed_gate_filter,4,1.3447,512.0,0.0
relation_filter,,indexed_gate_filter,5,1.4152,512.0,0.0
relation_filter,,indexed_gate_filter,6,1.352,512.0,0.0
relation_filter,,indexed_gate_filter,7,1.3483,512.0,0.0
relation_filter,,indexed_gate_filter,8,1.3585,512.0,0.0
relation_filter,,indexed_gate_filter,9,1.1596,512.0,0.0
relation_filter,,dense_boolean_gate,0,5.9984,1024.0,0.0
relation_filter,,dense_boolean_gate,1,4.9413,1024.0,0.0
relation_filter,,dense_boolean_gate,2,6.0735,1024.0,0.0
relation_filter,,dense_boolean_gate,3,6.1234,1024.0,0.0
relation_filter,,dense_boolean_gate,4,4.92,1024.0,0.0
relation_filter,,dense_boolean_gate,5,5.8717,1024.0,0.0
relation_filter,,dense_boolean_gate,6,4.8097,1024.0,0.0
relation_filter,,dense_boolean_gate,7,4.7039,1024.0,0.0
relation_filter,,dense_boolean_gate,8,7.1143,1024.0,0.0
relation_filter,,dense_boolean_gate,9,6.3777,1024.0,0.0
relation_filter,,indexed_gate_filter,0,1.5577,1024.0,0.0
relation_filter,,indexed_gate_filter,1,1.5223,1024.0,0.0
relation_filter,,indexed_gate_filter,2,1.5447,1024.0,0.0
relation_filter,,indexed_gate_filter,3,1.5094,1024.0,0.0
relation_filter,,indexed_gate_filter,4,1.5275,1024.0,0.0
relation_filter,,indexed_gate_filter,5,1.5151,1024.0,0.0
relation_filter,,indexed_gate_filter,6,1.5495,1024.0,0.0
relation_filter,,indexed_gate_filter,7,1.5905,1024.0,0.0
relation_filter,,indexed_gate_filter,8,1.9094,1024.0,0.0
relation_filter,,indexed_gate_filter,9,1.6242,1024.0,0.0
relation_filter,,dense_boolean_gate,0,27.0807,2048.0,0.0
relation_filter,,dense_boolean_gate,1,25.999,2048.0,0.0
relation_filter,,dense_boolean_gate,2,24.4069,2048.0,0.0
relation_filter,,dense_boolean_gate,3,24.042,2048.0,0.0
relation_filter,,dense_boolean_gate,4,25.2749,2048.0,0.0
relation_filter,,dense_boolean_gate,5,25.9564,2048.0,0.0
relation_filter,,dense_boolean_gate,6,24.6567,2048.0,0.0
relation_filter,,dense_boolean_gate,7,23.7366,2048.0,0.0
relation_filter,,dense_boolean_gate,8,27.4724,2048.0,0.0
relation_filter,,dense_boolean_gate,9,23.1608,2048.0,0.0
relation_filter,,indexed_gate_filter,0,3.4838,2048.0,0.0
relation_filter,,indexed_gate_filter,1,3.16,2048.0,0.0
relation_filter,,indexed_gate_filter,2,3.3836,2048.0,0.0
relation_filter,,indexed_gate_filter,3,3.5042,2048.0,0.0
relation_filter,,indexed_gate_filter,4,3.2414,2048.0,0.0
relation_filter,,indexed_gate_filter,5,4.0377,2048.0,0.0
relation_filter,,indexed_gate_filter,6,3.1527,2048.0,0.0
relation_filter,,indexed_gate_filter,7,3.2153,2048.0,0.0
relation_filter,,indexed_gate_filter,8,3.0763,2048.0,0.0
relation_filter,,indexed_gate_filter,9,3.1346,2048.0,0.0
relation_filter,,dense_boolean_gate,0,0.0256,64.0,1.0
relation_filter,,dense_boolean_gate,1,0.0318,64.0,1.0
relation_filter,,dense_boolean_gate,2,0.0246,64.0,1.0
relation_filter,,dense_boolean_gate,3,0.0255,64.0,1.0
relation_filter,,dense_boolean_gate,4,0.0235,64.0,1.0
relation_filter,,dense_boolean_gate,5,0.0243,64.0,1.0
relation_filter,,dense_boolean_gate,6,0.0249,64.0,1.0
relation_filter,,dense_boolean_gate,7,0.0236,64.0,1.0
relation_filter,,dense_boolean_gate,8,0.0275,64.0,1.0
relation_filter,,dense_boolean_gate,9,0.0315,64.0,1.0
relation_filter,,indexed_gate_filter,0,0.0868,64.0,1.0
relation_filter,,indexed_gate_filter,1,0.095,64.0,1.0
relation_filter,,indexed_gate_filter,2,0.0833,64.0,1.0
relation_filter,,indexed_gate_filter,3,0.085,64.0,1.0
relation_filter,,indexed_gate_filter,4,0.0818,64.0,1.0
relation_filter,,indexed_gate_filter,5,0.0817,64.0,1.0
relation_filter,,indexed_gate_filter,6,0.1282,64.0,1.0
relation_filter,,indexed_gate_filter,7,0.1056,64.0,1.0
relation_filter,,indexed_gate_filter,8,0.0875,64.0,1.0
relation_filter,,indexed_gate_filter,9,0.0862,64.0,1.0
relation_filter,,dense_boolean_gate,0,0.0531,128.0,1.0
relation_filter,,dense_boolean_gate,1,0.0531,128.0,1.0
relation_filter,,dense_boolean_gate,2,0.0521,128.0,1.0
relation_filter,,dense_boolean_gate,3,0.0525,128.0,1.0
relation_filter,,dense_boolean_gate,4,0.0521,128.0,1.0
relation_filter,,dense_boolean_gate,5,0.0524,128.0,1.0
relation_filter,,dense_boolean_gate,6,0.0527,128.0,1.0
relation_filter,,dense_boolean_gate,7,0.0541,128.0,1.0
relation_filter,,dense_boolean_gate,8,0.0531,128.0,1.0
relation_filter,,dense_boolean_gate,9,0.0526,128.0,1.0
relation_filter,,indexed_gate_filter,0,0.1801,128.0,1.0
relation_filter,,indexed_gate_filter,1,0.1827,128.0,1.0
relation_filter,,indexed_gate_filter,2,0.1912,128.0,1.0
relation_filter,,indexed_gate_filter,3,0.1855,128.0,1.0
relation_filter,,indexed_gate_filter,4,0.1832,128.0,1.0
relation_filter,,indexed_gate_filter,5,0.183,128.0,1.0
relation_filter,,indexed_gate_filter,6,0.1833,128.0,1.0
relation_filter,,indexed_gate_filter,7,0.1833,128.0,1.0
relation_filter,,indexed_gate_filter,8,0.1856,128.0,1.0
relation_filter,,indexed_gate_filter,9,0.1805,128.0,1.0
relation_filter,,dense_boolean_gate,0,0.1689,256.0,1.0
relation_filter,,dense_boolean_gate,1,0.259,256.0,1.0
relation_filter,,dense_boolean_gate,2,0.2504,256.0,1.0
relation_filter,,dense_boolean_gate,3,0.2419,256.0,1.0
relation_filter,,dense_boolean_gate,4,0.2397,256.0,1.0
relation_filter,,dense_boolean_gate,5,0.2356,256.0,1.0
relation_filter,,dense_boolean_gate,6,0.2359,256.0,1.0
relation_filter,,dense_boolean_gate,7,0.233,256.0,1.0
relation_filter,,dense_boolean_gate,8,0.2302,256.0,1.0
relation_filter,,dense_boolean_gate,9,0.2399,256.0,1.0
relation_filter,,indexed_gate_filter,0,0.3793,256.0,1.0
relation_filter,,indexed_gate_filter,1,0.387,256.0,1.0
relation_filter,,indexed_gate_filter,2,0.3668,256.0,1.0
relation_filter,,indexed_gate_filter,3,0.3698,256.0,1.0
relation_filter,,indexed_gate_filter,4,0.7649,256.0,1.0
relation_filter,,indexed_gate_filter,5,0.551,256.0,1.0
relation_filter,,indexed_gate_filter,6,0.3591,256.0,1.0
relation_filter,,indexed_gate_filter,7,0.3597,256.0,1.0
relation_filter,,indexed_gate_filter,8,0.4864,256.0,1.0
relation_filter,,indexed_gate_filter,9,0.3694,256.0,1.0
relation_filter,,dense_boolean_gate,0,1.1455,512.0,1.0
relation_filter,,dense_boolean_gate,1,1.4241,512.0,1.0
relation_filter,,dense_boolean_gate,2,1.3937,512.0,1.0
relation_filter,,dense_boolean_gate,3,1.3209,512.0,1.0
relation_filter,,dense_boolean_gate,4,1.2918,512.0,1.0
relation_filter,,dense_boolean_gate,5,1.3149,512.0,1.0
relation_filter,,dense_boolean_gate,6,1.1225,512.0,1.0
relation_filter,,dense_boolean_gate,7,2.0501,512.0,1.0
relation_filter,,dense_boolean_gate,8,1.8443,512.0,1.0
relation_filter,,dense_boolean_gate,9,1.0986,512.0,1.0
relation_filter,,indexed_gate_filter,0,1.397,512.0,1.0
relation_filter,,indexed_gate_filter,1,0.9194,512.0,1.0
relation_filter,,indexed_gate_filter,2,0.8393,512.0,1.0
relation_filter,,indexed_gate_filter,3,0.761,512.0,1.0
relation_filter,,indexed_gate_filter,4,0.7799,512.0,1.0
relation_filter,,indexed_gate_filter,5,0.7589,512.0,1.0
relation_filter,,indexed_gate_filter,6,0.784,512.0,1.0
relation_filter,,indexed_gate_filter,7,0.8052,512.0,1.0
relation_filter,,indexed_gate_filter,8,1.3451,512.0,1.0
relation_filter,,indexed_gate_filter,9,1.335,512.0,1.0
relation_filter,,dense_boolean_gate,0,7.4222,1024.0,1.0
relation_filter,,dense_boolean_gate,1,6.3312,1024.0,1.0
relation_filter,,dense_boolean_gate,2,6.0909,1024.0,1.0
relation_filter,,dense_boolean_gate,3,6.0459,1024.0,1.0
relation_filter,,dense_boolean_gate,4,7.0094,1024.0,1.0
relation_filter,,dense_boolean_gate,5,7.8838,1024.0,1.0
relation_filter,,dense_boolean_gate,6,7.2169,1024.0,1.0
relation_filter,,dense_boolean_gate,7,4.84,1024.0,1.0
relation_filter,,dense_boolean_gate,8,4.7628,1024.0,1.0
relation_filter,,dense_boolean_gate,9,6.197,1024.0,1.0
relation_filter,,indexed_gate_filter,0,1.567,1024.0,1.0
relation_filter,,indexed_gate_filter,1,1.6308,1024.0,1.0
relation_filter,,indexed_gate_filter,2,1.5567,1024.0,1.0
relation_filter,,indexed_gate_filter,3,1.5289,1024.0,1.0
relation_filter,,indexed_gate_filter,4,1.832,1024.0,1.0
relation_filter,,indexed_gate_filter,5,1.5382,1024.0,1.0
relation_filter,,indexed_gate_filter,6,1.5795,1024.0,1.0
relation_filter,,indexed_gate_filter,7,1.5641,1024.0,1.0
relation_filter,,indexed_gate_filter,8,1.5579,1024.0,1.0
relation_filter,,indexed_gate_filter,9,1.5475,1024.0,1.0
relation_filter,,dense_boolean_gate,0,31.14,2048.0,1.0
relation_filter,,dense_boolean_gate,1,25.7147,2048.0,1.0
relation_filter,,dense_boolean_gate,2,24.9821,2048.0,1.0
relation_filter,,dense_boolean_gate,3,24.3721,2048.0,1.0
relation_filter,,dense_boolean_gate,4,24.6302,2048.0,1.0
relation_filter,,dense_boolean_gate,5,25.6331,2048.0,1.0
relation_filter,,dense_boolean_gate,6,24.8883,2048.0,1.0
relation_filter,,dense_boolean_gate,7,25.0235,2048.0,1.0
relation_filter,,dense_boolean_gate,8,25.7895,2048.0,1.0
relation_filter,,dense_boolean_gate,9,26.6971,2048.0,1.0
relation_filter,,indexed_gate_filter,0,3.2646,2048.0,1.0
relation_filter,,indexed_gate_filter,1,3.1522,2048.0,1.0
relation_filter,,indexed_gate_filter,2,3.2263,2048.0,1.0
relation_filter,,indexed_gate_filter,3,3.1914,2048.0,1.0
relation_filter,,indexed_gate_filter,4,3.145,2048.0,1.0
relation_filter,,indexed_gate_filter,5,3.1554,2048.0,1.0
relation_filter,,indexed_gate_filter,6,3.1835,2048.0,1.0
relation_filter,,indexed_gate_filter,7,3.8518,2048.0,1.0
relation_filter,,indexed_gate_filter,8,4.0965,2048.0,1.0
relation_filter,,indexed_gate_filter,9,3.1907,2048.0,1.0
relation_filter,,dense_boolean_gate,0,0.0254,64.0,2.0
relation_filter,,dense_boolean_gate,1,0.0258,64.0,2.0
relation_filter,,dense_boolean_gate,2,0.0247,64.0,2.0
relation_filter,,dense_boolean_gate,3,0.0249,64.0,2.0
relation_filter,,dense_boolean_gate,4,0.0249,64.0,2.0
relation_filter,,dense_boolean_gate,5,0.0251,64.0,2.0
relation_filter,,dense_boolean_gate,6,0.0254,64.0,2.0
relation_filter,,dense_boolean_gate,7,0.025,64.0,2.0
relation_filter,,dense_boolean_gate,8,0.0255,64.0,2.0
relation_filter,,dense_boolean_gate,9,0.0242,64.0,2.0
relation_filter,,indexed_gate_filter,0,0.1724,64.0,2.0
relation_filter,,indexed_gate_filter,1,0.1709,64.0,2.0
relation_filter,,indexed_gate_filter,2,0.1692,64.0,2.0
relation_filter,,indexed_gate_filter,3,0.1845,64.0,2.0
relation_filter,,indexed_gate_filter,4,0.1691,64.0,2.0
relation_filter,,indexed_gate_filter,5,0.17,64.0,2.0
relation_filter,,indexed_gate_filter,6,0.1687,64.0,2.0
relation_filter,,indexed_gate_filter,7,0.1687,64.0,2.0
relation_filter,,indexed_gate_filter,8,0.1971,64.0,2.0
relation_filter,,indexed_gate_filter,9,0.1954,64.0,2.0
relation_filter,,dense_boolean_gate,0,0.0718,128.0,2.0
relation_filter,,dense_boolean_gate,1,0.0724,128.0,2.0
relation_filter,,dense_boolean_gate,2,0.0733,128.0,2.0
relation_filter,,dense_boolean_gate,3,0.0717,128.0,2.0
relation_filter,,dense_boolean_gate,4,0.0714,128.0,2.0
relation_filter,,dense_boolean_gate,5,0.0729,128.0,2.0
relation_filter,,dense_boolean_gate,6,0.0783,128.0,2.0
relation_filter,,dense_boolean_gate,7,0.1186,128.0,2.0
relation_filter,,dense_boolean_gate,8,0.0827,128.0,2.0
relation_filter,,dense_boolean_gate,9,0.0718,128.0,2.0
relation_filter,,indexed_gate_filter,0,0.3332,128.0,2.0
relation_filter,,indexed_gate_filter,1,0.2504,128.0,2.0
relation_filter,,indexed_gate_filter,2,0.1844,128.0,2.0
relation_filter,,indexed_gate_filter,3,0.1877,128.0,2.0
relation_filter,,indexed_gate_filter,4,0.1798,128.0,2.0
relation_filter,,indexed_gate_filter,5,0.1893,128.0,2.0
relation_filter,,indexed_gate_filter,6,0.1836,128.0,2.0
relation_filter,,indexed_gate_filter,7,0.1781,128.0,2.0
relation_filter,,indexed_gate_filter,8,0.1772,128.0,2.0
relation_filter,,indexed_gate_filter,9,0.177,128.0,2.0
relation_filter,,dense_boolean_gate,0,0.1622,256.0,2.0
relation_filter,,dense_boolean_gate,1,0.1611,256.0,2.0
relation_filter,,dense_boolean_gate,2,0.1625,256.0,2.0
relation_filter,,dense_boolean_gate,3,0.1618,256.0,2.0
relation_filter,,dense_boolean_gate,4,0.1621,256.0,2.0
relation_filter,,dense_boolean_gate,5,0.1688,256.0,2.0
relation_filter,,dense_boolean_gate,6,0.1623,256.0,2.0
relation_filter,,dense_boolean_gate,7,0.1621,256.0,2.0
relation_filter,,dense_boolean_gate,8,0.1624,256.0,2.0
relation_filter,,dense_boolean_gate,9,0.1613,256.0,2.0
relation_filter,,indexed_gate_filter,0,0.3619,256.0,2.0
relation_filter,,indexed_gate_filter,1,0.3712,256.0,2.0
relation_filter,,indexed_gate_filter,2,0.3837,256.0,2.0
relation_filter,,indexed_gate_filter,3,0.3582,256.0,2.0
relation_filter,,indexed_gate_filter,4,0.3552,256.0,2.0
relation_filter,,indexed_gate_filter,5,0.3781,256.0,2.0
relation_filter,,indexed_gate_filter,6,0.3577,256.0,2.0
relation_filter,,indexed_gate_filter,7,0.3636,256.0,2.0
relation_filter,,indexed_gate_filter,8,0.362,256.0,2.0
relation_filter,,indexed_gate_filter,9,0.3581,256.0,2.0
relation_filter,,dense_boolean_gate,0,1.3714,512.0,2.0
relation_filter,,dense_boolean_gate,1,1.112,512.0,2.0
relation_filter,,dense_boolean_gate,2,1.1622,512.0,2.0
relation_filter,,dense_boolean_gate,3,1.3819,512.0,2.0
relation_filter,,dense_boolean_gate,4,1.3473,512.0,2.0
relation_filter,,dense_boolean_gate,5,1.3261,512.0,2.0
relation_filter,,dense_boolean_gate,6,1.271,512.0,2.0
relation_filter,,dense_boolean_gate,7,1.0935,512.0,2.0
relation_filter,,dense_boolean_gate,8,1.0935,512.0,2.0
relation_filter,,dense_boolean_gate,9,1.0778,512.0,2.0
relation_filter,,indexed_gate_filter,0,0.7814,512.0,2.0
relation_filter,,indexed_gate_filter,1,1.2221,512.0,2.0
relation_filter,,indexed_gate_filter,2,0.7825,512.0,2.0
relation_filter,,indexed_gate_filter,3,0.7222,512.0,2.0
relation_filter,,indexed_gate_filter,4,0.7078,512.0,2.0
relation_filter,,indexed_gate_filter,5,1.2998,512.0,2.0
relation_filter,,indexed_gate_filter,6,1.2952,512.0,2.0
relation_filter,,indexed_gate_filter,7,1.2843,512.0,2.0
relation_filter,,indexed_gate_filter,8,1.2903,512.0,2.0
relation_filter,,indexed_gate_filter,9,1.2873,512.0,2.0
relation_filter,,dense_boolean_gate,0,5.4161,1024.0,2.0
relation_filter,,dense_boolean_gate,1,5.5205,1024.0,2.0
relation_filter,,dense_boolean_gate,2,5.4209,1024.0,2.0
relation_filter,,dense_boolean_gate,3,5.2433,1024.0,2.0
relation_filter,,dense_boolean_gate,4,6.9754,1024.0,2.0
relation_filter,,dense_boolean_gate,5,7.358,1024.0,2.0
relation_filter,,dense_boolean_gate,6,5.0716,1024.0,2.0
relation_filter,,dense_boolean_gate,7,6.6334,1024.0,2.0
relation_filter,,dense_boolean_gate,8,6.9557,1024.0,2.0
relation_filter,,dense_boolean_gate,9,8.3012,1024.0,2.0
relation_filter,,indexed_gate_filter,0,1.58,1024.0,2.0
relation_filter,,indexed_gate_filter,1,1.5697,1024.0,2.0
relation_filter,,indexed_gate_filter,2,2.2797,1024.0,2.0
relation_filter,,indexed_gate_filter,3,2.457,1024.0,2.0
relation_filter,,indexed_gate_filter,4,2.4264,1024.0,2.0
relation_filter,,indexed_gate_filter,5,2.4036,1024.0,2.0
relation_filter,,indexed_gate_filter,6,2.4194,1024.0,2.0
relation_filter,,indexed_gate_filter,7,2.3719,1024.0,2.0
relation_filter,,indexed_gate_filter,8,2.8744,1024.0,2.0
relation_filter,,indexed_gate_filter,9,2.9965,1024.0,2.0
relation_filter,,dense_boolean_gate,0,25.3635,2048.0,2.0
relation_filter,,dense_boolean_gate,1,25.5368,2048.0,2.0
relation_filter,,dense_boolean_gate,2,25.1716,2048.0,2.0
relation_filter,,dense_boolean_gate,3,25.0581,2048.0,2.0
relation_filter,,dense_boolean_gate,4,25.133,2048.0,2.0
relation_filter,,dense_boolean_gate,5,26.0954,2048.0,2.0
relation_filter,,dense_boolean_gate,6,27.8506,2048.0,2.0
relation_filter,,dense_boolean_gate,7,26.3915,2048.0,2.0
relation_filter,,dense_boolean_gate,8,25.6965,2048.0,2.0
relation_filter,,dense_boolean_gate,9,25.4766,2048.0,2.0
relation_filter,,indexed_gate_filter,0,4.3312,2048.0,2.0
relation_filter,,indexed_gate_filter,1,3.2268,2048.0,2.0
relation_filter,,indexed_gate_filter,2,3.0283,2048.0,2.0
relation_filter,,indexed_gate_filter,3,3.1172,2048.0,2.0
relation_filter,,indexed_gate_filter,4,4.0098,2048.0,2.0
relation_filter,,indexed_gate_filter,5,3.5229,2048.0,2.0
relation_filter,,indexed_gate_filter,6,5.7534,2048.0,2.0
relation_filter,,indexed_gate_filter,7,5.0427,2048.0,2.0
relation_filter,,indexed_gate_filter,8,3.1949,2048.0,2.0
relation_filter,,indexed_gate_filter,9,3.1625,2048.0,2.0
relation_filter,,dense_boolean_gate,0,0.0243,64.0,3.0
relation_filter,,dense_boolean_gate,1,0.0242,64.0,3.0
relation_filter,,dense_boolean_gate,2,0.0252,64.0,3.0
relation_filter,,dense_boolean_gate,3,0.0253,64.0,3.0
relation_filter,,dense_boolean_gate,4,0.0243,64.0,3.0
relation_filter,,dense_boolean_gate,5,0.0243,64.0,3.0
relation_filter,,dense_boolean_gate,6,0.0245,64.0,3.0
relation_filter,,dense_boolean_gate,7,0.025,64.0,3.0
relation_filter,,dense_boolean_gate,8,0.0253,64.0,3.0
relation_filter,,dense_boolean_gate,9,0.026,64.0,3.0
relation_filter,,indexed_gate_filter,0,0.0876,64.0,3.0
relation_filter,,indexed_gate_filter,1,0.0871,64.0,3.0
relation_filter,,indexed_gate_filter,2,0.1488,64.0,3.0
relation_filter,,indexed_gate_filter,3,0.0938,64.0,3.0
relation_filter,,indexed_gate_filter,4,0.1001,64.0,3.0
relation_filter,,indexed_gate_filter,5,0.0891,64.0,3.0
relation_filter,,indexed_gate_filter,6,0.089,64.0,3.0
relation_filter,,indexed_gate_filter,7,0.0916,64.0,3.0
relation_filter,,indexed_gate_filter,8,0.0887,64.0,3.0
relation_filter,,indexed_gate_filter,9,0.0887,64.0,3.0
relation_filter,,dense_boolean_gate,0,0.0524,128.0,3.0
relation_filter,,dense_boolean_gate,1,0.0527,128.0,3.0
relation_filter,,dense_boolean_gate,2,0.0516,128.0,3.0
relation_filter,,dense_boolean_gate,3,0.0522,128.0,3.0
relation_filter,,dense_boolean_gate,4,0.0521,128.0,3.0
relation_filter,,dense_boolean_gate,5,0.0526,128.0,3.0
relation_filter,,dense_boolean_gate,6,0.0521,128.0,3.0
relation_filter,,dense_boolean_gate,7,0.0521,128.0,3.0
relation_filter,,dense_boolean_gate,8,0.0517,128.0,3.0
relation_filter,,dense_boolean_gate,9,0.0524,128.0,3.0
relation_filter,,indexed_gate_filter,0,0.1787,128.0,3.0
relation_filter,,indexed_gate_filter,1,0.1775,128.0,3.0
relation_filter,,indexed_gate_filter,2,0.1753,128.0,3.0
relation_filter,,indexed_gate_filter,3,0.1889,128.0,3.0
relation_filter,,indexed_gate_filter,4,0.1817,128.0,3.0
relation_filter,,indexed_gate_filter,5,0.1795,128.0,3.0
relation_filter,,indexed_gate_filter,6,0.1836,128.0,3.0
relation_filter,,indexed_gate_filter,7,0.1784,128.0,3.0
relation_filter,,indexed_gate_filter,8,0.1776,128.0,3.0
relation_filter,,indexed_gate_filter,9,0.2129,128.0,3.0
relation_filter,,dense_boolean_gate,0,0.1678,256.0,3.0
relation_filter,,dense_boolean_gate,1,0.1677,256.0,3.0
relation_filter,,dense_boolean_gate,2,0.1655,256.0,3.0
relation_filter,,dense_boolean_gate,3,0.166,256.0,3.0
relation_filter,,dense_boolean_gate,4,0.17,256.0,3.0
relation_filter,,dense_boolean_gate,5,0.1672,256.0,3.0
relation_filter,,dense_boolean_gate,6,0.1672,256.0,3.0
relation_filter,,dense_boolean_gate,7,0.1683,256.0,3.0
relation_filter,,dense_boolean_gate,8,0.1677,256.0,3.0
relation_filter,,dense_boolean_gate,9,0.1676,256.0,3.0
relation_filter,,indexed_gate_filter,0,0.4608,256.0,3.0
relation_filter,,indexed_gate_filter,1,0.369,256.0,3.0
relation_filter,,indexed_gate_filter,2,0.3648,256.0,3.0
relation_filter,,indexed_gate_filter,3,0.3798,256.0,3.0
relation_filter,,indexed_gate_filter,4,0.3711,256.0,3.0
relation_filter,,indexed_gate_filter,5,0.3648,256.0,3.0
relation_filter,,indexed_gate_filter,6,0.3709,256.0,3.0
relation_filter,,indexed_gate_filter,7,0.3731,256.0,3.0
relation_filter,,indexed_gate_filter,8,0.3658,256.0,3.0
relation_filter,,indexed_gate_filter,9,0.3677,256.0,3.0
relation_filter,,dense_boolean_gate,0,1.1723,512.0,3.0
relation_filter,,dense_boolean_gate,1,1.4363,512.0,3.0
relation_filter,,dense_boolean_gate,2,1.2465,512.0,3.0
relation_filter,,dense_boolean_gate,3,1.1131,512.0,3.0
relation_filter,,dense_boolean_gate,4,1.2229,512.0,3.0
relation_filter,,dense_boolean_gate,5,1.4252,512.0,3.0
relation_filter,,dense_boolean_gate,6,1.5938,512.0,3.0
relation_filter,,dense_boolean_gate,7,1.6871,512.0,3.0
relation_filter,,dense_boolean_gate,8,1.2063,512.0,3.0
relation_filter,,dense_boolean_gate,9,1.0537,512.0,3.0
relation_filter,,indexed_gate_filter,0,0.7316,512.0,3.0
relation_filter,,indexed_gate_filter,1,0.725,512.0,3.0
relation_filter,,indexed_gate_filter,2,0.9326,512.0,3.0
relation_filter,,indexed_gate_filter,3,1.1913,512.0,3.0
relation_filter,,indexed_gate_filter,4,0.7285,512.0,3.0
relation_filter,,indexed_gate_filter,5,0.7247,512.0,3.0
relation_filter,,indexed_gate_filter,6,0.7353,512.0,3.0
relation_filter,,indexed_gate_filter,7,0.7214,512.0,3.0
relation_filter,,indexed_gate_filter,8,0.7152,512.0,3.0
relation_filter,,indexed_gate_filter,9,0.9246,512.0,3.0
relation_filter,,dense_boolean_gate,0,5.0303,1024.0,3.0
relation_filter,,dense_boolean_gate,1,4.8968,1024.0,3.0
relation_filter,,dense_boolean_gate,2,6.4051,1024.0,3.0
relation_filter,,dense_boolean_gate,3,7.5628,1024.0,3.0
relation_filter,,dense_boolean_gate,4,6.4424,1024.0,3.0
relation_filter,,dense_boolean_gate,5,5.0763,1024.0,3.0
relation_filter,,dense_boolean_gate,6,5.2176,1024.0,3.0
relation_filter,,dense_boolean_gate,7,5.099,1024.0,3.0
relation_filter,,dense_boolean_gate,8,6.3173,1024.0,3.0
relation_filter,,dense_boolean_gate,9,5.7791,1024.0,3.0
relation_filter,,indexed_gate_filter,0,1.6017,1024.0,3.0
relation_filter,,indexed_gate_filter,1,2.2839,1024.0,3.0
relation_filter,,indexed_gate_filter,2,2.7534,1024.0,3.0
relation_filter,,indexed_gate_filter,3,2.7936,1024.0,3.0
relation_filter,,indexed_gate_filter,4,2.2994,1024.0,3.0
relation_filter,,indexed_gate_filter,5,1.5979,1024.0,3.0
relation_filter,,indexed_gate_filter,6,2.0648,1024.0,3.0
relation_filter,,indexed_gate_filter,7,2.4842,1024.0,3.0
relation_filter,,indexed_gate_filter,8,1.6117,1024.0,3.0
relation_filter,,indexed_gate_filter,9,1.6415,1024.0,3.0
relation_filter,,dense_boolean_gate,0,27.3062,2048.0,3.0
relation_filter,,dense_boolean_gate,1,26.6142,2048.0,3.0
relation_filter,,dense_boolean_gate,2,26.4683,2048.0,3.0
relation_filter,,dense_boolean_gate,3,25.5817,2048.0,3.0
relation_filter,,dense_boolean_gate,4,29.7066,2048.0,3.0
relation_filter,,dense_boolean_gate,5,26.7724,2048.0,3.0
relation_filter,,dense_boolean_gate,6,29.09,2048.0,3.0
relation_filter,,dense_boolean_gate,7,29.6631,2048.0,3.0
relation_filter,,dense_boolean_gate,8,22.7898,2048.0,3.0
relation_filter,,dense_boolean_gate,9,30.9396,2048.0,3.0
relation_filter,,indexed_gate_filter,0,5.1005,2048.0,3.0
relation_filter,,indexed_gate_filter,1,5.8097,2048.0,3.0
relation_filter,,indexed_gate_filter,2,3.1746,2048.0,3.0
relation_filter,,indexed_gate_filter,3,3.2771,2048.0,3.0
relation_filter,,indexed_gate_filter,4,3.1769,2048.0,3.0
relation_filter,,indexed_gate_filter,5,3.3471,2048.0,3.0
relation_filter,,indexed_gate_filter,6,3.5995,2048.0,3.0
relation_filter,,indexed_gate_filter,7,5.1459,2048.0,3.0
relation_filter,,indexed_gate_filter,8,5.7088,2048.0,3.0
relation_filter,,indexed_gate_filter,9,4.1265,2048.0,3.0
relation_filter,,dense_boolean_gate,0,0.0248,64.0,4.0
relation_filter,,dense_boolean_gate,1,0.0247,64.0,4.0
relation_filter,,dense_boolean_gate,2,0.0255,64.0,4.0
relation_filter,,dense_boolean_gate,3,0.0249,64.0,4.0
relation_filter,,dense_boolean_gate,4,0.0245,64.0,4.0
relation_filter,,dense_boolean_gate,5,0.024,64.0,4.0
relation_filter,,dense_boolean_gate,6,0.025,64.0,4.0
relation_filter,,dense_boolean_gate,7,0.0263,64.0,4.0
relation_filter,,dense_boolean_gate,8,0.0246,64.0,4.0
relation_filter,,dense_boolean_gate,9,0.0233,64.0,4.0
relation_filter,,indexed_gate_filter,0,0.0873,64.0,4.0
relation_filter,,indexed_gate_filter,1,0.0879,64.0,4.0
relation_filter,,indexed_gate_filter,2,0.0851,64.0,4.0
relation_filter,,indexed_gate_filter,3,0.0882,64.0,4.0
relation_filter,,indexed_gate_filter,4,0.0871,64.0,4.0
relation_filter,,indexed_gate_filter,5,0.0885,64.0,4.0
relation_filter,,indexed_gate_filter,6,0.0854,64.0,4.0
relation_filter,,indexed_gate_filter,7,0.0851,64.0,4.0
relation_filter,,indexed_gate_filter,8,0.0893,64.0,4.0
relation_filter,,indexed_gate_filter,9,0.0923,64.0,4.0
relation_filter,,dense_boolean_gate,0,0.0505,128.0,4.0
relation_filter,,dense_boolean_gate,1,0.0504,128.0,4.0
relation_filter,,dense_boolean_gate,2,0.0496,128.0,4.0
relation_filter,,dense_boolean_gate,3,0.0499,128.0,4.0
relation_filter,,dense_boolean_gate,4,0.0498,128.0,4.0
relation_filter,,dense_boolean_gate,5,0.0995,128.0,4.0
relation_filter,,dense_boolean_gate,6,0.061,128.0,4.0
relation_filter,,dense_boolean_gate,7,0.0528,128.0,4.0
relation_filter,,dense_boolean_gate,8,0.0503,128.0,4.0
relation_filter,,dense_boolean_gate,9,0.0499,128.0,4.0
relation_filter,,indexed_gate_filter,0,0.1985,128.0,4.0
relation_filter,,indexed_gate_filter,1,0.1713,128.0,4.0
relation_filter,,indexed_gate_filter,2,0.1716,128.0,4.0
relation_filter,,indexed_gate_filter,3,0.1698,128.0,4.0
relation_filter,,indexed_gate_filter,4,0.1699,128.0,4.0
relation_filter,,indexed_gate_filter,5,0.1742,128.0,4.0
relation_filter,,indexed_gate_filter,6,0.18,128.0,4.0
relation_filter,,indexed_gate_filter,7,0.1699,128.0,4.0
relation_filter,,indexed_gate_filter,8,0.1692,128.0,4.0
relation_filter,,indexed_gate_filter,9,0.1704,128.0,4.0
relation_filter,,dense_boolean_gate,0,0.186,256.0,4.0
relation_filter,,dense_boolean_gate,1,0.17,256.0,4.0
relation_filter,,dense_boolean_gate,2,0.1695,256.0,4.0
relation_filter,,dense_boolean_gate,3,0.1714,256.0,4.0
relation_filter,,dense_boolean_gate,4,0.1668,256.0,4.0
relation_filter,,dense_boolean_gate,5,0.1657,256.0,4.0
relation_filter,,dense_boolean_gate,6,0.1734,256.0,4.0
relation_filter,,dense_boolean_gate,7,0.1617,256.0,4.0
relation_filter,,dense_boolean_gate,8,0.162,256.0,4.0
relation_filter,,dense_boolean_gate,9,0.1609,256.0,4.0
relation_filter,,indexed_gate_filter,0,0.3596,256.0,4.0
relation_filter,,indexed_gate_filter,1,0.3899,256.0,4.0
relation_filter,,indexed_gate_filter,2,0.3675,256.0,4.0
relation_filter,,indexed_gate_filter,3,0.3634,256.0,4.0
relation_filter,,indexed_gate_filter,4,0.3599,256.0,4.0
relation_filter,,indexed_gate_filter,5,0.3588,256.0,4.0
relation_filter,,indexed_gate_filter,6,0.3585,256.0,4.0
relation_filter,,indexed_gate_filter,7,0.361,256.0,4.0
relation_filter,,indexed_gate_filter,8,0.36,256.0,4.0
relation_filter,,indexed_gate_filter,9,0.3602,256.0,4.0
relation_filter,,dense_boolean_gate,0,1.4783,512.0,4.0
relation_filter,,dense_boolean_gate,1,1.3448,512.0,4.0
relation_filter,,dense_boolean_gate,2,1.2829,512.0,4.0
relation_filter,,dense_boolean_gate,3,1.0827,512.0,4.0
relation_filter,,dense_boolean_gate,4,0.9718,512.0,4.0
relation_filter,,dense_boolean_gate,5,0.9669,512.0,4.0
relation_filter,,dense_boolean_gate,6,0.96,512.0,4.0
relation_filter,,dense_boolean_gate,7,0.9966,512.0,4.0
relation_filter,,dense_boolean_gate,8,0.9663,512.0,4.0
relation_filter,,dense_boolean_gate,9,1.0063,512.0,4.0
relation_filter,,indexed_gate_filter,0,0.7426,512.0,4.0
relation_filter,,indexed_gate_filter,1,0.7297,512.0,4.0
relation_filter,,indexed_gate_filter,2,0.7325,512.0,4.0
relation_filter,,indexed_gate_filter,3,0.7306,512.0,4.0
relation_filter,,indexed_gate_filter,4,0.7232,512.0,4.0
relation_filter,,indexed_gate_filter,5,0.8295,512.0,4.0
relation_filter,,indexed_gate_filter,6,0.736,512.0,4.0
relation_filter,,indexed_gate_filter,7,0.7178,512.0,4.0
relation_filter,,indexed_gate_filter,8,0.8397,512.0,4.0
relation_filter,,indexed_gate_filter,9,0.7499,512.0,4.0
relation_filter,,dense_boolean_gate,0,4.9944,1024.0,4.0
relation_filter,,dense_boolean_gate,1,5.2186,1024.0,4.0
relation_filter,,dense_boolean_gate,2,5.7875,1024.0,4.0
relation_filter,,dense_boolean_gate,3,6.7612,1024.0,4.0
relation_filter,,dense_boolean_gate,4,5.5518,1024.0,4.0
relation_filter,,dense_boolean_gate,5,4.8792,1024.0,4.0
relation_filter,,dense_boolean_gate,6,4.9728,1024.0,4.0
relation_filter,,dense_boolean_gate,7,5.2375,1024.0,4.0
relation_filter,,dense_boolean_gate,8,4.946,1024.0,4.0
relation_filter,,dense_boolean_gate,9,4.9587,1024.0,4.0
relation_filter,,indexed_gate_filter,0,1.7753,1024.0,4.0
relation_filter,,indexed_gate_filter,1,1.6027,1024.0,4.0
relation_filter,,indexed_gate_filter,2,2.2223,1024.0,4.0
relation_filter,,indexed_gate_filter,3,2.6654,1024.0,4.0
relation_filter,,indexed_gate_filter,4,2.7095,1024.0,4.0
relation_filter,,indexed_gate_filter,5,2.8075,1024.0,4.0
relation_filter,,indexed_gate_filter,6,2.3475,1024.0,4.0
relation_filter,,indexed_gate_filter,7,1.5637,1024.0,4.0
relation_filter,,indexed_gate_filter,8,1.5521,1024.0,4.0
relation_filter,,indexed_gate_filter,9,1.5216,1024.0,4.0
relation_filter,,dense_boolean_gate,0,25.7607,2048.0,4.0
relation_filter,,dense_boolean_gate,1,22.0616,2048.0,4.0
relation_filter,,dense_boolean_gate,2,22.4,2048.0,4.0
relation_filter,,dense_boolean_gate,3,22.5205,2048.0,4.0
relation_filter,,dense_boolean_gate,4,21.5514,2048.0,4.0
relation_filter,,dense_boolean_gate,5,21.868,2048.0,4.0
relation_filter,,dense_boolean_gate,6,21.9828,2048.0,4.0
relation_filter,,dense_boolean_gate,7,23.0121,2048.0,4.0
relation_filter,,dense_boolean_gate,8,23.8657,2048.0,4.0
relation_filter,,dense_boolean_gate,9,24.6018,2048.0,4.0
relation_filter,,indexed_gate_filter,0,2.9595,2048.0,4.0
relation_filter,,indexed_gate_filter,1,3.0426,2048.0,4.0
relation_filter,,indexed_gate_filter,2,2.9826,2048.0,4.0
relation_filter,,indexed_gate_filter,3,3.1854,2048.0,4.0
relation_filter,,indexed_gate_filter,4,3.2384,2048.0,4.0
relation_filter,,indexed_gate_filter,5,3.4781,2048.0,4.0
relation_filter,,indexed_gate_filter,6,3.7588,2048.0,4.0
relation_filter,,indexed_gate_filter,7,3.1278,2048.0,4.0
relation_filter,,indexed_gate_filter,8,3.6963,2048.0,4.0
relation_filter,,indexed_gate_filter,9,5.5385,2048.0,4.0
relation_filter,,dense_boolean_gate,0,0.0349,64.0,5.0
relation_filter,,dense_boolean_gate,1,0.035,64.0,5.0
relation_filter,,dense_boolean_gate,2,0.0343,64.0,5.0
relation_filter,,dense_boolean_gate,3,0.045,64.0,5.0
relation_filter,,dense_boolean_gate,4,0.0433,64.0,5.0
relation_filter,,dense_boolean_gate,5,0.0489,64.0,5.0
relation_filter,,dense_boolean_gate,6,0.0371,64.0,5.0
relation_filter,,dense_boolean_gate,7,0.0353,64.0,5.0
relation_filter,,dense_boolean_gate,8,0.0342,64.0,5.0
relation_filter,,dense_boolean_gate,9,0.0332,64.0,5.0
relation_filter,,indexed_gate_filter,0,0.1753,64.0,5.0
relation_filter,,indexed_gate_filter,1,0.164,64.0,5.0
relation_filter,,indexed_gate_filter,2,0.162,64.0,5.0
relation_filter,,indexed_gate_filter,3,0.1629,64.0,5.0
relation_filter,,indexed_gate_filter,4,0.1643,64.0,5.0
relation_filter,,indexed_gate_filter,5,0.1658,64.0,5.0
relation_filter,,indexed_gate_filter,6,0.1731,64.0,5.0
relation_filter,,indexed_gate_filter,7,0.1632,64.0,5.0
relation_filter,,indexed_gate_filter,8,0.1632,64.0,5.0
relation_filter,,indexed_gate_filter,9,0.164,64.0,5.0
relation_filter,,dense_boolean_gate,0,0.068,128.0,5.0
relation_filter,,dense_boolean_gate,1,0.0683,128.0,5.0
relation_filter,,dense_boolean_gate,2,0.0681,128.0,5.0
relation_filter,,dense_boolean_gate,3,0.0676,128.0,5.0
relation_filter,,dense_boolean_gate,4,0.0682,128.0,5.0
relation_filter,,dense_boolean_gate,5,0.0715,128.0,5.0
relation_filter,,dense_boolean_gate,6,0.0724,128.0,5.0
relation_filter,,dense_boolean_gate,7,0.0702,128.0,5.0
relation_filter,,dense_boolean_gate,8,0.0723,128.0,5.0
relation_filter,,dense_boolean_gate,9,0.0685,128.0,5.0
relation_filter,,indexed_gate_filter,0,0.3057,128.0,5.0
relation_filter,,indexed_gate_filter,1,0.3072,128.0,5.0
relation_filter,,indexed_gate_filter,2,0.3156,128.0,5.0
relation_filter,,indexed_gate_filter,3,0.3042,128.0,5.0
relation_filter,,indexed_gate_filter,4,0.3047,128.0,5.0
relation_filter,,indexed_gate_filter,5,0.6265,128.0,5.0
relation_filter,,indexed_gate_filter,6,0.333,128.0,5.0
relation_filter,,indexed_gate_filter,7,0.3021,128.0,5.0
relation_filter,,indexed_gate_filter,8,0.2698,128.0,5.0
relation_filter,,indexed_gate_filter,9,0.2745,128.0,5.0
relation_filter,,dense_boolean_gate,0,0.2399,256.0,5.0
relation_filter,,dense_boolean_gate,1,0.2679,256.0,5.0
relation_filter,,dense_boolean_gate,2,0.2196,256.0,5.0
relation_filter,,dense_boolean_gate,3,0.2309,256.0,5.0
relation_filter,,dense_boolean_gate,4,0.2409,256.0,5.0
relation_filter,,dense_boolean_gate,5,0.2295,256.0,5.0
relation_filter,,dense_boolean_gate,6,0.2209,256.0,5.0
relation_filter,,dense_boolean_gate,7,0.2208,256.0,5.0
relation_filter,,dense_boolean_gate,8,0.2235,256.0,5.0
relation_filter,,dense_boolean_gate,9,0.2452,256.0,5.0
relation_filter,,indexed_gate_filter,0,0.6088,256.0,5.0
relation_filter,,indexed_gate_filter,1,0.7389,256.0,5.0
relation_filter,,indexed_gate_filter,2,0.7205,256.0,5.0
relation_filter,,indexed_gate_filter,3,0.7054,256.0,5.0
relation_filter,,indexed_gate_filter,4,0.6905,256.0,5.0
relation_filter,,indexed_gate_filter,5,0.4439,256.0,5.0
relation_filter,,indexed_gate_filter,6,0.3439,256.0,5.0
relation_filter,,indexed_gate_filter,7,0.3451,256.0,5.0
relation_filter,,indexed_gate_filter,8,0.3585,256.0,5.0
relation_filter,,indexed_gate_filter,9,0.3455,256.0,5.0
relation_filter,,dense_boolean_gate,0,1.0904,512.0,5.0
relation_filter,,dense_boolean_gate,1,1.0191,512.0,5.0
relation_filter,,dense_boolean_gate,2,1.011,512.0,5.0
relation_filter,,dense_boolean_gate,3,0.9746,512.0,5.0
relation_filter,,dense_boolean_gate,4,0.9753,512.0,5.0
relation_filter,,dense_boolean_gate,5,0.9814,512.0,5.0
relation_filter,,dense_boolean_gate,6,0.9963,512.0,5.0
relation_filter,,dense_boolean_gate,7,0.9859,512.0,5.0
relation_filter,,dense_boolean_gate,8,0.9876,512.0,5.0
relation_filter,,dense_boolean_gate,9,0.9513,512.0,5.0
relation_filter,,indexed_gate_filter,0,1.3369,512.0,5.0
relation_filter,,indexed_gate_filter,1,1.2813,512.0,5.0
relation_filter,,indexed_gate_filter,2,1.3675,512.0,5.0
relation_filter,,indexed_gate_filter,3,1.3769,512.0,5.0
relation_filter,,indexed_gate_filter,4,1.3275,512.0,5.0
relation_filter,,indexed_gate_filter,5,1.3161,512.0,5.0
relation_filter,,indexed_gate_filter,6,1.3052,512.0,5.0
relation_filter,,indexed_gate_filter,7,1.3087,512.0,5.0
relation_filter,,indexed_gate_filter,8,1.3511,512.0,5.0
relation_filter,,indexed_gate_filter,9,1.3036,512.0,5.0
relation_filter,,dense_boolean_gate,0,5.0275,1024.0,5.0
relation_filter,,dense_boolean_gate,1,5.432,1024.0,5.0
relation_filter,,dense_boolean_gate,2,4.9479,1024.0,5.0
relation_filter,,dense_boolean_gate,3,5.829,1024.0,5.0
relation_filter,,dense_boolean_gate,4,5.723,1024.0,5.0
relation_filter,,dense_boolean_gate,5,5.8718,1024.0,5.0
relation_filter,,dense_boolean_gate,6,6.2178,1024.0,5.0
relation_filter,,dense_boolean_gate,7,6.115,1024.0,5.0
relation_filter,,dense_boolean_gate,8,6.2622,1024.0,5.0
relation_filter,,dense_boolean_gate,9,5.6322,1024.0,5.0
relation_filter,,indexed_gate_filter,0,2.2053,1024.0,5.0
relation_filter,,indexed_gate_filter,1,2.4491,1024.0,5.0
relation_filter,,indexed_gate_filter,2,1.5418,1024.0,5.0
relation_filter,,indexed_gate_filter,3,1.7743,1024.0,5.0
relation_filter,,indexed_gate_filter,4,1.5648,1024.0,5.0
relation_filter,,indexed_gate_filter,5,1.5406,1024.0,5.0
relation_filter,,indexed_gate_filter,6,1.5687,1024.0,5.0
relation_filter,,indexed_gate_filter,7,1.5561,1024.0,5.0
relation_filter,,indexed_gate_filter,8,1.5439,1024.0,5.0
relation_filter,,indexed_gate_filter,9,1.5814,1024.0,5.0
relation_filter,,dense_boolean_gate,0,25.0163,2048.0,5.0
relation_filter,,dense_boolean_gate,1,24.7153,2048.0,5.0
relation_filter,,dense_boolean_gate,2,22.7837,2048.0,5.0
relation_filter,,dense_boolean_gate,3,26.671,2048.0,5.0
relation_filter,,dense_boolean_gate,4,24.05,2048.0,5.0
relation_filter,,dense_boolean_gate,5,22.825,2048.0,5.0
relation_filter,,dense_boolean_gate,6,25.5754,2048.0,5.0
relation_filter,,dense_boolean_gate,7,28.1435,2048.0,5.0
relation_filter,,dense_boolean_gate,8,26.6086,2048.0,5.0
relation_filter,,dense_boolean_gate,9,27.1866,2048.0,5.0
relation_filter,,indexed_gate_filter,0,5.4362,2048.0,5.0
relation_filter,,indexed_gate_filter,1,3.341,2048.0,5.0
relation_filter,,indexed_gate_filter,2,3.3205,2048.0,5.0
relation_filter,,indexed_gate_filter,3,6.3443,2048.0,5.0
relation_filter,,indexed_gate_filter,4,5.0385,2048.0,5.0
relation_filter,,indexed_gate_filter,5,5.0586,2048.0,5.0
relation_filter,,indexed_gate_filter,6,4.4522,2048.0,5.0
relation_filter,,indexed_gate_filter,7,5.223,2048.0,5.0
relation_filter,,indexed_gate_filter,8,4.5633,2048.0,5.0
relation_filter,,indexed_gate_filter,9,5.8426,2048.0,5.0
relation_filter,,dense_boolean_gate,0,0.0246,64.0,6.0
relation_filter,,dense_boolean_gate,1,0.0239,64.0,6.0
relation_filter,,dense_boolean_gate,2,0.0246,64.0,6.0
relation_filter,,dense_boolean_gate,3,0.025,64.0,6.0
relation_filter,,dense_boolean_gate,4,0.025,64.0,6.0
relation_filter,,dense_boolean_gate,5,0.0248,64.0,6.0
relation_filter,,dense_boolean_gate,6,0.0243,64.0,6.0
relation_filter,,dense_boolean_gate,7,0.0247,64.0,6.0
relation_filter,,dense_boolean_gate,8,0.0242,64.0,6.0
relation_filter,,dense_boolean_gate,9,0.0247,64.0,6.0
relation_filter,,indexed_gate_filter,0,0.0906,64.0,6.0
relation_filter,,indexed_gate_filter,1,0.0904,64.0,6.0
relation_filter,,indexed_gate_filter,2,0.0905,64.0,6.0
relation_filter,,indexed_gate_filter,3,0.0905,64.0,6.0
relation_filter,,indexed_gate_filter,4,0.0897,64.0,6.0
relation_filter,,indexed_gate_filter,5,0.0875,64.0,6.0
relation_filter,,indexed_gate_filter,6,0.1202,64.0,6.0
relation_filter,,indexed_gate_filter,7,0.0913,64.0,6.0
relation_filter,,indexed_gate_filter,8,0.0892,64.0,6.0
relation_filter,,indexed_gate_filter,9,0.087,64.0,6.0
relation_filter,,dense_boolean_gate,0,0.0728,128.0,6.0
relation_filter,,dense_boolean_gate,1,0.0518,128.0,6.0
relation_filter,,dense_boolean_gate,2,0.0508,128.0,6.0
relation_filter,,dense_boolean_gate,3,0.0512,128.0,6.0
relation_filter,,dense_boolean_gate,4,0.051,128.0,6.0
relation_filter,,dense_boolean_gate,5,0.0515,128.0,6.0
relation_filter,,dense_boolean_gate,6,0.0512,128.0,6.0
relation_filter,,dense_boolean_gate,7,0.0517,128.0,6.0
relation_filter,,dense_boolean_gate,8,0.0509,128.0,6.0
relation_filter,,dense_boolean_gate,9,0.0515,128.0,6.0
relation_filter,,indexed_gate_filter,0,0.1773,128.0,6.0
relation_filter,,indexed_gate_filter,1,0.1746,128.0,6.0
relation_filter,,indexed_gate_filter,2,0.1719,128.0,6.0
relation_filter,,indexed_gate_filter,3,0.1695,128.0,6.0
relation_filter,,indexed_gate_filter,4,0.266,128.0,6.0
relation_filter,,indexed_gate_filter,5,0.3143,128.0,6.0
relation_filter,,indexed_gate_filter,6,0.3168,128.0,6.0
relation_filter,,indexed_gate_filter,7,0.3097,128.0,6.0
relation_filter,,indexed_gate_filter,8,0.3039,128.0,6.0
relation_filter,,indexed_gate_filter,9,0.3227,128.0,6.0
relation_filter,,dense_boolean_gate,0,0.1576,256.0,6.0
relation_filter,,dense_boolean_gate,1,0.1583,256.0,6.0
relation_filter,,dense_boolean_gate,2,0.1597,256.0,6.0
relation_filter,,dense_boolean_gate,3,0.1805,256.0,6.0
relation_filter,,dense_boolean_gate,4,0.161,256.0,6.0
relation_filter,,dense_boolean_gate,5,0.158,256.0,6.0
relation_filter,,dense_boolean_gate,6,0.1577,256.0,6.0
relation_filter,,dense_boolean_gate,7,0.1593,256.0,6.0
relation_filter,,dense_boolean_gate,8,0.1581,256.0,6.0
relation_filter,,dense_boolean_gate,9,0.1621,256.0,6.0
relation_filter,,indexed_gate_filter,0,0.3532,256.0,6.0
relation_filter,,indexed_gate_filter,1,0.3475,256.0,6.0
relation_filter,,indexed_gate_filter,2,0.3446,256.0,6.0
relation_filter,,indexed_gate_filter,3,0.3397,256.0,6.0
relation_filter,,indexed_gate_filter,4,0.5373,256.0,6.0
relation_filter,,indexed_gate_filter,5,0.7706,256.0,6.0
relation_filter,,indexed_gate_filter,6,0.3517,256.0,6.0
relation_filter,,indexed_gate_filter,7,0.3517,256.0,6.0
relation_filter,,indexed_gate_filter,8,0.3529,256.0,6.0
relation_filter,,indexed_gate_filter,9,0.3471,256.0,6.0
relation_filter,,dense_boolean_gate,0,1.4334,512.0,6.0
relation_filter,,dense_boolean_gate,1,1.4359,512.0,6.0
relation_filter,,dense_boolean_gate,2,1.8009,512.0,6.0
relation_filter,,dense_boolean_gate,3,2.1609,512.0,6.0
relation_filter,,dense_boolean_gate,4,1.3546,512.0,6.0
relation_filter,,dense_boolean_gate,5,1.3447,512.0,6.0
relation_filter,,dense_boolean_gate,6,1.1015,512.0,6.0
relation_filter,,dense_boolean_gate,7,1.0829,512.0,6.0
relation_filter,,dense_boolean_gate,8,1.0332,512.0,6.0
relation_filter,,dense_boolean_gate,9,1.0502,512.0,6.0
relation_filter,,indexed_gate_filter,0,1.4913,512.0,6.0
relation_filter,,indexed_gate_filter,1,1.4434,512.0,6.0
relation_filter,,indexed_gate_filter,2,1.3553,512.0,6.0
relation_filter,,indexed_gate_filter,3,0.9001,512.0,6.0
relation_filter,,indexed_gate_filter,4,0.9636,512.0,6.0
relation_filter,,indexed_gate_filter,5,0.7629,512.0,6.0
relation_filter,,indexed_gate_filter,6,0.7355,512.0,6.0
relation_filter,,indexed_gate_filter,7,0.7472,512.0,6.0
relation_filter,,indexed_gate_filter,8,0.7664,512.0,6.0
relation_filter,,indexed_gate_filter,9,0.8145,512.0,6.0
relation_filter,,dense_boolean_gate,0,4.9255,1024.0,6.0
relation_filter,,dense_boolean_gate,1,5.6102,1024.0,6.0
relation_filter,,dense_boolean_gate,2,6.7149,1024.0,6.0
relation_filter,,dense_boolean_gate,3,5.6956,1024.0,6.0
relation_filter,,dense_boolean_gate,4,4.9398,1024.0,6.0
relation_filter,,dense_boolean_gate,5,6.7727,1024.0,6.0
relation_filter,,dense_boolean_gate,6,5.3867,1024.0,6.0
relation_filter,,dense_boolean_gate,7,7.2401,1024.0,6.0
relation_filter,,dense_boolean_gate,8,6.5564,1024.0,6.0
relation_filter,,dense_boolean_gate,9,6.2389,1024.0,6.0
relation_filter,,indexed_gate_filter,0,2.71,1024.0,6.0
relation_filter,,indexed_gate_filter,1,2.2611,1024.0,6.0
relation_filter,,indexed_gate_filter,2,1.6394,1024.0,6.0
relation_filter,,indexed_gate_filter,3,1.5389,1024.0,6.0
relation_filter,,indexed_gate_filter,4,1.8751,1024.0,6.0
relation_filter,,indexed_gate_filter,5,2.175,1024.0,6.0
relation_filter,,indexed_gate_filter,6,1.6593,1024.0,6.0
relation_filter,,indexed_gate_filter,7,1.6,1024.0,6.0
relation_filter,,indexed_gate_filter,8,1.5806,1024.0,6.0
relation_filter,,indexed_gate_filter,9,1.5958,1024.0,6.0
relation_filter,,dense_boolean_gate,0,23.2254,2048.0,6.0
relation_filter,,dense_boolean_gate,1,25.3551,2048.0,6.0
relation_filter,,dense_boolean_gate,2,27.3199,2048.0,6.0
relation_filter,,dense_boolean_gate,3,26.9702,2048.0,6.0
relation_filter,,dense_boolean_gate,4,27.9796,2048.0,6.0
relation_filter,,dense_boolean_gate,5,27.1823,2048.0,6.0
relation_filter,,dense_boolean_gate,6,27.9636,2048.0,6.0
relation_filter,,dense_boolean_gate,7,26.8154,2048.0,6.0
relation_filter,,dense_boolean_gate,8,28.6563,2048.0,6.0
relation_filter,,dense_boolean_gate,9,26.0818,2048.0,6.0
relation_filter,,indexed_gate_filter,0,3.2841,2048.0,6.0
relation_filter,,indexed_gate_filter,1,3.6206,2048.0,6.0
relation_filter,,indexed_gate_filter,2,3.3615,2048.0,6.0
relation_filter,,indexed_gate_filter,3,4.366,2048.0,6.0
relation_filter,,indexed_gate_filter,4,5.4037,2048.0,6.0
relation_filter,,indexed_gate_filter,5,3.3777,2048.0,6.0
relation_filter,,indexed_gate_filter,6,3.3779,2048.0,6.0
relation_filter,,indexed_gate_filter,7,3.2816,2048.0,6.0
relation_filter,,indexed_gate_filter,8,4.9865,2048.0,6.0
relation_filter,,indexed_gate_filter,9,3.7667,2048.0,6.0
relation_filter,,dense_boolean_gate,0,0.0409,64.0,7.0
relation_filter,,dense_boolean_gate,1,0.0408,64.0,7.0
relation_filter,,dense_boolean_gate,2,0.0397,64.0,7.0
relation_filter,,dense_boolean_gate,3,0.0406,64.0,7.0
relation_filter,,dense_boolean_gate,4,0.0386,64.0,7.0
relation_filter,,dense_boolean_gate,5,0.037,64.0,7.0
relation_filter,,dense_boolean_gate,6,0.0366,64.0,7.0
relation_filter,,dense_boolean_gate,7,0.0389,64.0,7.0
relation_filter,,dense_boolean_gate,8,0.0477,64.0,7.0
relation_filter,,dense_boolean_gate,9,0.0495,64.0,7.0
relation_filter,,indexed_gate_filter,0,0.1845,64.0,7.0
relation_filter,,indexed_gate_filter,1,0.1652,64.0,7.0
relation_filter,,indexed_gate_filter,2,0.0949,64.0,7.0
relation_filter,,indexed_gate_filter,3,0.1373,64.0,7.0
relation_filter,,indexed_gate_filter,4,0.1148,64.0,7.0
relation_filter,,indexed_gate_filter,5,0.0952,64.0,7.0
relation_filter,,indexed_gate_filter,6,0.1639,64.0,7.0
relation_filter,,indexed_gate_filter,7,0.0964,64.0,7.0
relation_filter,,indexed_gate_filter,8,0.1717,64.0,7.0
relation_filter,,indexed_gate_filter,9,0.1045,64.0,7.0
relation_filter,,dense_boolean_gate,0,0.0518,128.0,7.0
relation_filter,,dense_boolean_gate,1,0.0511,128.0,7.0
relation_filter,,dense_boolean_gate,2,0.0511,128.0,7.0
relation_filter,,dense_boolean_gate,3,0.0511,128.0,7.0
relation_filter,,dense_boolean_gate,4,0.0514,128.0,7.0
relation_filter,,dense_boolean_gate,5,0.0505,128.0,7.0
relation_filter,,dense_boolean_gate,6,0.0509,128.0,7.0
relation_filter,,dense_boolean_gate,7,0.058,128.0,7.0
relation_filter,,dense_boolean_gate,8,0.0514,128.0,7.0
relation_filter,,dense_boolean_gate,9,0.0504,128.0,7.0
relation_filter,,indexed_gate_filter,0,0.1727,128.0,7.0
relation_filter,,indexed_gate_filter,1,0.1721,128.0,7.0
relation_filter,,indexed_gate_filter,2,0.1756,128.0,7.0
relation_filter,,indexed_gate_filter,3,0.1752,128.0,7.0
relation_filter,,indexed_gate_filter,4,0.1673,128.0,7.0
relation_filter,,indexed_gate_filter,5,0.1684,128.0,7.0
relation_filter,,indexed_gate_filter,6,0.1848,128.0,7.0
relation_filter,,indexed_gate_filter,7,0.1776,128.0,7.0
relation_filter,,indexed_gate_filter,8,0.1766,128.0,7.0
relation_filter,,indexed_gate_filter,9,0.1777,128.0,7.0
relation_filter,,dense_boolean_gate,0,0.162,256.0,7.0
relation_filter,,dense_boolean_gate,1,0.1625,256.0,7.0
relation_filter,,dense_boolean_gate,2,0.1609,256.0,7.0
relation_filter,,dense_boolean_gate,3,0.1766,256.0,7.0
relation_filter,,dense_boolean_gate,4,0.171,256.0,7.0
relation_filter,,dense_boolean_gate,5,0.1619,256.0,7.0
relation_filter,,dense_boolean_gate,6,0.1613,256.0,7.0
relation_filter,,dense_boolean_gate,7,0.1619,256.0,7.0
relation_filter,,dense_boolean_gate,8,0.1706,256.0,7.0
relation_filter,,dense_boolean_gate,9,0.1761,256.0,7.0
relation_filter,,indexed_gate_filter,0,0.3604,256.0,7.0
relation_filter,,indexed_gate_filter,1,0.3644,256.0,7.0
relation_filter,,indexed_gate_filter,2,0.3534,256.0,7.0
relation_filter,,indexed_gate_filter,3,0.3636,256.0,7.0
relation_filter,,indexed_gate_filter,4,0.3575,256.0,7.0
relation_filter,,indexed_gate_filter,5,0.4309,256.0,7.0
relation_filter,,indexed_gate_filter,6,0.4036,256.0,7.0
relation_filter,,indexed_gate_filter,7,0.3919,256.0,7.0
relation_filter,,indexed_gate_filter,8,0.3674,256.0,7.0
relation_filter,,indexed_gate_filter,9,0.7037,256.0,7.0
relation_filter,,dense_boolean_gate,0,1.7545,512.0,7.0
relation_filter,,dense_boolean_gate,1,1.6207,512.0,7.0
relation_filter,,dense_boolean_gate,2,1.22,512.0,7.0
relation_filter,,dense_boolean_gate,3,1.5567,512.0,7.0
relation_filter,,dense_boolean_gate,4,1.5492,512.0,7.0
relation_filter,,dense_boolean_gate,5,1.5052,512.0,7.0
relation_filter,,dense_boolean_gate,6,1.1595,512.0,7.0
relation_filter,,dense_boolean_gate,7,1.0881,512.0,7.0
relation_filter,,dense_boolean_gate,8,1.0521,512.0,7.0
relation_filter,,dense_boolean_gate,9,1.0327,512.0,7.0
relation_filter,,indexed_gate_filter,0,1.2539,512.0,7.0
relation_filter,,indexed_gate_filter,1,1.2347,512.0,7.0
relation_filter,,indexed_gate_filter,2,1.3497,512.0,7.0
relation_filter,,indexed_gate_filter,3,1.3474,512.0,7.0
relation_filter,,indexed_gate_filter,4,0.9721,512.0,7.0
relation_filter,,indexed_gate_filter,5,0.9895,512.0,7.0
relation_filter,,indexed_gate_filter,6,1.3404,512.0,7.0
relation_filter,,indexed_gate_filter,7,1.297,512.0,7.0
relation_filter,,indexed_gate_filter,8,1.366,512.0,7.0
relation_filter,,indexed_gate_filter,9,1.3125,512.0,7.0
relation_filter,,dense_boolean_gate,0,5.1849,1024.0,7.0
relation_filter,,dense_boolean_gate,1,7.8389,1024.0,7.0
relation_filter,,dense_boolean_gate,2,7.3898,1024.0,7.0
relation_filter,,dense_boolean_gate,3,5.2828,1024.0,7.0
relation_filter,,dense_boolean_gate,4,5.6238,1024.0,7.0
relation_filter,,dense_boolean_gate,5,5.9229,1024.0,7.0
relation_filter,,dense_boolean_gate,6,8.4217,1024.0,7.0
relation_filter,,dense_boolean_gate,7,7.9946,1024.0,7.0
relation_filter,,dense_boolean_gate,8,5.3622,1024.0,7.0
relation_filter,,dense_boolean_gate,9,5.7509,1024.0,7.0
relation_filter,,indexed_gate_filter,0,3.2518,1024.0,7.0
relation_filter,,indexed_gate_filter,1,2.4906,1024.0,7.0
relation_filter,,indexed_gate_filter,2,1.784,1024.0,7.0
relation_filter,,indexed_gate_filter,3,1.7703,1024.0,7.0
relation_filter,,indexed_gate_filter,4,1.6132,1024.0,7.0
relation_filter,,indexed_gate_filter,5,1.8179,1024.0,7.0
relation_filter,,indexed_gate_filter,6,2.4394,1024.0,7.0
relation_filter,,indexed_gate_filter,7,2.8364,1024.0,7.0
relation_filter,,indexed_gate_filter,8,2.3704,1024.0,7.0
relation_filter,,indexed_gate_filter,9,2.4228,1024.0,7.0
relation_filter,,dense_boolean_gate,0,20.9667,2048.0,7.0
relation_filter,,dense_boolean_gate,1,23.9531,2048.0,7.0
relation_filter,,dense_boolean_gate,2,21.9926,2048.0,7.0
relation_filter,,dense_boolean_gate,3,27.8197,2048.0,7.0
relation_filter,,dense_boolean_gate,4,28.2127,2048.0,7.0
relation_filter,,dense_boolean_gate,5,27.2618,2048.0,7.0
relation_filter,,dense_boolean_gate,6,30.9984,2048.0,7.0
relation_filter,,dense_boolean_gate,7,29.5426,2048.0,7.0
relation_filter,,dense_boolean_gate,8,25.2342,2048.0,7.0
relation_filter,,dense_boolean_gate,9,26.197,2048.0,7.0
relation_filter,,indexed_gate_filter,0,4.429,2048.0,7.0
relation_filter,,indexed_gate_filter,1,3.7393,2048.0,7.0
relation_filter,,indexed_gate_filter,2,5.7158,2048.0,7.0
relation_filter,,indexed_gate_filter,3,5.3446,2048.0,7.0
relation_filter,,indexed_gate_filter,4,3.4798,2048.0,7.0
relation_filter,,indexed_gate_filter,5,3.9345,2048.0,7.0
relation_filter,,indexed_gate_filter,6,5.9779,2048.0,7.0
relation_filter,,indexed_gate_filter,7,5.7522,2048.0,7.0
relation_filter,,indexed_gate_filter,8,5.4961,2048.0,7.0
relation_filter,,indexed_gate_filter,9,4.6001,2048.0,7.0
