function_id,task,family,positive_fraction,relevant_inputs,total_influence,max_influence,fourier_degree,fourier_mass_degree_le_1,fourier_mass_degree_le_2,anf_degree,anf_terms,monotonicity_violation_rate,symmetry_error_rate,certificate_c0,certificate_c1,certificate_mean,noise_sensitivity,noise_rate
0,zero,constant,0.0,0,0.0,0.0,0,1.0,1.0,0,0,0.0,0.0,0,0,0.0,0.0,0.1
1,truth_table_001,symmetric,0.125,3,0.75,0.25,3,0.75,0.9375,3,8,0.25,0.0,1,3,1.25,0.06774999999999998,0.1
2,truth_table_002,general,0.125,3,0.75,0.25,3,0.75,0.9375,3,4,0.16666666666666666,0.125,1,3,1.25,0.06774999999999998,0.1
3,truth_table_003,general,0.25,2,1.0,0.5,2,0.75,1.0,2,4,0.3333333333333333,0.125,1,2,1.25,0.09499999999999997,0.1
4,truth_table_004,general,0.125,3,0.75,0.25,3,0.75,0.9375,3,4,0.16666666666666666,0.125,1,3,1.25,0.06774999999999998,0.1
5,truth_table_005,general,0.25,2,1.0,0.5,2,0.75,1.0,2,4,0.3333333333333333,0.125,1,2,1.25,0.09499999999999997,0.1
6,truth_table_006,general,0.25,3,1.5,0.5,3,0.5,0.75,2,4,0.3333333333333333,0.125,2,3,1.75,0.13099999999999995,0.1
7,truth_table_007,general,0.375,3,1.25,0.75,3,0.75,0.9375,3,4,0.4166666666666667,0.125,2,2,1.5,0.11774999999999997,0.1
8,truth_table_008,general,0.125,3,0.75,0.25,3,0.75,0.9375,3,2,0.08333333333333333,0.125,1,3,1.25,0.06774999999999998,0.1
9,truth_table_009,general,0.25,3,1.5,0.5,3,0.5,0.75,2,6,0.3333333333333333,0.125,2,3,1.75,0.13099999999999995,0.1
10,truth_table_010,general,0.25,2,1.0,0.5,2,0.75,1.0,2,2,0.16666666666666666,0.25,1,2,1.25,0.09499999999999997,0.1
11,truth_table_011,general,0.375,3,1.25,0.75,3,0.75,0.9375,3,6,0.3333333333333333,0.25,2,2,1.5,0.11774999999999997,0.1
12,truth_table_012,general,0.25,2,1.0,0.5,2,0.75,1.0,2,2,0.16666666666666666,0.25,1,2,1.25,0.09499999999999997,0.1
13,truth_table_013,general,0.375,3,1.25,0.75,3,0.75,0.9375,3,6,0.3333333333333333,0.25,2,2,1.5,0.11774999999999997,0.1
14,truth_table_014,general,0.375,3,1.25,0.75,3,0.75,0.9375,3,6,0.25,0.25,2,2,1.5,0.11774999999999997,0.1
15,truth_table_015,literal,0.5,1,1.0,1.0,1,1.0,1.0,1,2,0.3333333333333333,0.25,1,1,1.0,0.09999999999999998,0.1
16,truth_table_016,general,0.125,3,0.75,0.25,3,0.75,0.9375,3,4,0.16666666666666666,0.125,1,3,1.25,0.06774999999999998,0.1
17,truth_table_017,general,0.25,2,1.0,0.5,2,0.75,1.0,2,4,0.3333333333333333,0.125,1,2,1.25,0.09499999999999997,0.1
18,truth_table_018,general,0.25,3,1.5,0.5,3,0.5,0.75,2,4,0.3333333333333333,0.125,2,3,1.75,0.131,0.1
19,truth_table_019,general,0.375,3,1.25,0.75,3,0.75,0.9375,3,4,0.4166666666666667,0.125,2,2,1.5,0.11774999999999997,0.1
20,truth_table_020,general,0.25,3,1.5,0.5,3,0.5,0.75,2,4,0.3333333333333333,0.125,2,3,1.75,0.131,0.1
21,truth_table_021,general,0.375,3,1.25,0.75,3,0.75,0.9375,3,4,0.4166666666666667,0.125,2,2,1.5,0.11775000000000002,0.1
22,exactly_one3,symmetric,0.375,3,2.25,0.75,3,0.25,0.4375,3,4,0.5,0.0,3,3,2.5,0.18974999999999997,0.1
23,truth_table_023,symmetric,0.5,3,1.5,0.5,3,0.75,0.75,2,4,0.5,0.0,2,2,2.0,0.13599999999999995,0.1
24,truth_table_024,general,0.25,3,1.5,0.5,2,0.25,1.0,2,4,0.25,0.25,2,3,2.25,0.135,0.1
25,truth_table_025,general,0.375,3,1.75,0.75,3,0.25,0.9375,3,4,0.4166666666666667,0.25,2,3,2.125,0.15775,0.1
26,truth_table_026,general,0.375,3,1.75,0.75,3,0.25,0.9375,3,4,0.3333333333333333,0.25,2,3,2.125,0.15775,0.1
27,truth_table_027,general,0.5,3,1.5,0.5,2,0.5,1.0,2,4,0.4166666666666667,0.25,2,2,2.0,0.14,0.1
28,truth_table_028,general,0.375,3,1.75,0.75,3,0.25,0.9375,3,4,0.3333333333333333,0.25,2,3,2.125,0.15775,0.1
29,truth_table_029,general,0.5,3,1.5,0.5,2,0.5,1.0,2,4,0.4166666666666667,0.25,2,2,2.0,0.14,0.1
30,truth_table_030,general,0.5,3,2.0,1.0,3,0.25,0.75,2,4,0.4166666666666667,0.125,3,3,2.25,0.176,0.1
31,truth_table_031,general,0.625,3,1.25,0.75,3,0.75,0.9375,3,4,0.4166666666666667,0.125,2,2,1.5,0.11774999999999997,0.1
32,truth_table_032,general,0.125,3,0.75,0.25,3,0.75,0.9375,3,2,0.08333333333333333,0.125,1,3,1.25,0.06774999999999998,0.1
33,truth_table_033,general,0.25,3,1.5,0.5,3,0.5,0.75,2,6,0.3333333333333333,0.125,2,3,1.75,0.131,0.1
34,truth_table_034,general,0.25,2,1.0,0.5,2,0.75,1.0,2,2,0.16666666666666666,0.25,1,2,1.25,0.09499999999999997,0.1
35,truth_table_035,general,0.375,3,1.25,0.75,3,0.75,0.9375,3,6,0.3333333333333333,0.25,2,2,1.5,0.11774999999999997,0.1
36,truth_table_036,general,0.25,3,1.5,0.5,2,0.25,1.0,2,4,0.25,0.25,2,3,2.25,0.135,0.1
37,truth_table_037,general,0.375,3,1.75,0.75,3,0.25,0.9375,3,4,0.4166666666666667,0.25,2,3,2.125,0.15775,0.1
38,truth_table_038,general,0.375,3,1.75,0.75,3,0.25,0.9375,3,4,0.3333333333333333,0.25,2,3,2.125,0.15775,0.1
39,truth_table_039,general,0.5,3,1.5,0.5,2,0.5,1.0,2,4,0.4166666666666667,0.25,2,2,2.0,0.14,0.1
40,truth_table_040,general,0.25,3,1.5,0.5,3,0.5,0.75,2,2,0.16666666666666666,0.125,2,3,1.75,0.131,0.1
41,truth_table_041,general,0.375,3,2.25,0.75,3,0.25,0.4375,3,6,0.4166666666666667,0.125,3,3,2.5,0.18974999999999997,0.1
42,truth_table_042,general,0.375,3,1.25,0.75,3,0.75,0.9375,3,2,0.16666666666666666,0.25,2,2,1.5,0.11775000000000002,0.1
43,truth_table_043,general,0.5,3,1.5,0.5,3,0.75,0.75,2,6,0.3333333333333333,0.25,2,2,2.0,0.13599999999999995,0.1
44,truth_table_044,general,0.375,3,1.75,0.75,3,0.25,0.9375,3,4,0.25,0.25,2,3,2.125,0.15775,0.1
45,truth_table_045,general,0.5,3,2.0,1.0,3,0.25,0.75,2,4,0.4166666666666667,0.25,3,3,2.25,0.176,0.1
46,truth_table_046,general,0.5,3,1.5,0.5,2,0.5,1.0,2,4,0.25,0.25,2,2,2.0,0.14,0.1
47,truth_table_047,general,0.625,3,1.25,0.75,3,0.75,0.9375,3,4,0.3333333333333333,0.25,2,2,1.5,0.11774999999999997,0.1
48,truth_table_048,general,0.25,2,1.0,0.5,2,0.75,1.0,2,2,0.16666666666666666,0.25,1,2,1.25,0.09499999999999997,0.1
49,truth_table_049,general,0.375,3,1.25,0.75,3,0.75,0.9375,3,6,0.3333333333333333,0.25,2,2,1.5,0.11774999999999997,0.1
50,truth_table_050,general,0.375,3,1.25,0.75,3,0.75,0.9375,3,6,0.25,0.25,2,2,1.5,0.11774999999999997,0.1
51,truth_table_051,literal,0.5,1,1.0,1.0,1,1.0,1.0,1,2,0.3333333333333333,0.25,1,1,1.0,0.09999999999999998,0.1
52,truth_table_052,general,0.375,3,1.75,0.75,3,0.25,0.9375,3,4,0.3333333333333333,0.25,2,3,2.125,0.15775,0.1
53,truth_table_053,general,0.5,3,1.5,0.5,2,0.5,1.0,2,4,0.4166666666666667,0.25,2,2,2.0,0.14,0.1
54,truth_table_054,general,0.5,3,2.0,1.0,3,0.25,0.75,2,4,0.4166666666666667,0.125,3,3,2.25,0.176,0.1
55,truth_table_055,general,0.625,3,1.25,0.75,3,0.75,0.9375,3,4,0.4166666666666667,0.125,2,2,1.5,0.11774999999999997,0.1
56,truth_table_056,general,0.375,3,1.75,0.75,3,0.25,0.9375,3,4,0.25,0.25,2,3,2.125,0.15775,0.1
57,truth_table_057,general,0.5,3,2.0,1.0,3,0.25,0.75,2,4,0.4166666666666667,0.25,3,3,2.25,0.176,0.1
58,truth_table_058,general,0.5,3,1.5,0.5,2,0.5,1.0,2,4,0.25,0.25,2,2,2.0,0.14,0.1
59,truth_table_059,general,0.625,3,1.25,0.75,3,0.75,0.9375,3,4,0.3333333333333333,0.25,2,2,1.5,0.11774999999999997,0.1
60,truth_table_060,affine,0.5,2,2.0,1.0,2,0.0,1.0,1,2,0.3333333333333333,0.25,2,2,2.0,0.18,0.1
61,truth_table_061,general,0.625,3,1.75,0.75,3,0.25,0.9375,3,6,0.4166666666666667,0.25,3,2,2.125,0.15775,0.1
62,truth_table_062,general,0.625,3,1.75,0.75,3,0.25,0.9375,3,6,0.3333333333333333,0.125,3,2,2.125,0.15775,0.1
63,truth_table_063,general,0.75,2,1.0,0.5,2,0.75,1.0,2,2,0.3333333333333333,0.125,2,1,1.25,0.09499999999999997,0.1
64,truth_table_064,general,0.125,3,0.75,0.25,3,0.75,0.9375,3,2,0.08333333333333333,0.125,1,3,1.25,0.06774999999999998,0.1
65,truth_table_065,general,0.25,3,1.5,0.5,3,0.5,0.75,2,6,0.3333333333333333,0.125,2,3,1.75,0.131,0.1
66,truth_table_066,general,0.25,3,1.5,0.5,2,0.25,1.0,2,4,0.25,0.25,2,3,2.25,0.135,0.1
67,truth_table_067,general,0.375,3,1.75,0.75,3,0.25,0.9375,3,4,0.4166666666666667,0.25,2,3,2.125,0.15775,0.1
68,truth_table_068,general,0.25,2,1.0,0.5,2,0.75,1.0,2,2,0.16666666666666666,0.25,1,2,1.25,0.09499999999999997,0.1
69,truth_table_069,general,0.375,3,1.25,0.75,3,0.75,0.9375,3,6,0.3333333333333333,0.25,2,2,1.5,0.11775000000000002,0.1
70,truth_table_070,general,0.375,3,1.75,0.75,3,0.25,0.9375,3,4,0.3333333333333333,0.25,2,3,2.125,0.15775,0.1
71,truth_table_071,general,0.5,3,1.5,0.5,2,0.5,1.0,2,4,0.4166666666666667,0.25,2,2,2.0,0.14,0.1
72,truth_table_072,general,0.25,3,1.5,0.5,3,0.5,0.75,2,2,0.16666666666666666,0.125,2,3,1.75,0.131,0.1
73,truth_table_073,general,0.375,3,2.25,0.75,3,0.25,0.4375,3,6,0.4166666666666667,0.125,3,3,2.5,0.18974999999999997,0.1
74,truth_table_074,general,0.375,3,1.75,0.75,3,0.25,0.9375,3,4,0.25,0.25,2,3,2.125,0.15775,0.1
75,truth_table_075,general,0.5,3,2.0,1.0,3,0.25,0.75,2,4,0.4166666666666667,0.25,3,3,2.25,0.176,0.1
76,truth_table_076,general,0.375,3,1.25,0.75,3,0.75,0.9375,3,2,0.16666666666666666,0.25,2,2,1.5,0.11774999999999997,0.1
77,truth_table_077,general,0.5,3,1.5,0.5,3,0.75,0.75,2,6,0.3333333333333333,0.25,2,2,2.0,0.13599999999999995,0.1
78,truth_table_078,general,0.5,3,1.5,0.5,2,0.5,1.0,2,4,0.25,0.25,2,2,2.0,0.14,0.1
79,truth_table_079,general,0.625,3,1.25,0.75,3,0.75,0.9375,3,4,0.3333333333333333,0.25,2,2,1.5,0.11774999999999997,0.1
80,truth_table_080,general,0.25,2,1.0,0.5,2,0.75,1.0,2,2,0.16666666666666666,0.25,1,2,1.25,0.09499999999999997,0.1
81,truth_table_081,general,0.375,3,1.25,0.75,3,0.75,0.9375,3,6,0.3333333333333333,0.25,2,2,1.5,0.11775000000000002,0.1
82,truth_table_082,general,0.375,3,1.75,0.75,3,0.25,0.9375,3,4,0.3333333333333333,0.25,2,3,2.125,0.15775,0.1
83,truth_table_083,general,0.5,3,1.5,0.5,2,0.5,1.0,2,4,0.4166666666666667,0.25,2,2,2.0,0.14,0.1
84,truth_table_084,general,0.375,3,1.25,0.75,3,0.75,0.9375,3,6,0.25,0.25,2,2,1.5,0.11775000000000002,0.1
85,truth_table_085,literal,0.5,1,1.0,1.0,1,1.0,1.0,1,2,0.3333333333333333,0.25,1,1,1.0,0.09999999999999998,0.1
86,truth_table_086,general,0.5,3,2.0,1.0,3,0.25,0.75,2,4,0.4166666666666667,0.125,3,3,2.25,0.176,0.1
87,truth_table_087,general,0.625,3,1.25,0.75,3,0.75,0.9375,3,4,0.4166666666666667,0.125,2,2,1.5,0.11775000000000002,0.1
88,truth_table_088,general,0.375,3,1.75,0.75,3,0.25,0.9375,3,4,0.25,0.25,2,3,2.125,0.15775,0.1
89,truth_table_089,general,0.5,3,2.0,1.0,3,0.25,0.75,2,4,0.4166666666666667,0.25,3,3,2.25,0.176,0.1
90,truth_table_090,affine,0.5,2,2.0,1.0,2,0.0,1.0,1,2,0.3333333333333333,0.25,2,2,2.0,0.18,0.1
91,truth_table_091,general,0.625,3,1.75,0.75,3,0.25,0.9375,3,6,0.4166666666666667,0.25,3,2,2.125,0.15775,0.1
92,truth_table_092,general,0.5,3,1.5,0.5,2,0.5,1.0,2,4,0.25,0.25,2,2,2.0,0.14,0.1
93,truth_table_093,general,0.625,3,1.25,0.75,3,0.75,0.9375,3,4,0.3333333333333333,0.25,2,2,1.5,0.11775000000000002,0.1
94,truth_table_094,general,0.625,3,1.75,0.75,3,0.25,0.9375,3,6,0.3333333333333333,0.125,3,2,2.125,0.15775,0.1
95,truth_table_095,general,0.75,2,1.0,0.5,2,0.75,1.0,2,2,0.3333333333333333,0.125,2,1,1.25,0.09499999999999997,0.1
96,truth_table_096,general,0.25,3,1.5,0.5,3,0.5,0.75,2,2,0.16666666666666666,0.125,2,3,1.75,0.13099999999999995,0.1
97,truth_table_097,general,0.375,3,2.25,0.75,3,0.25,0.4375,3,6,0.4166666666666667,0.125,3,3,2.5,0.18974999999999997,0.1
98,truth_table_098,general,0.375,3,1.75,0.75,3,0.25,0.9375,3,4,0.25,0.25,2,3,2.125,0.15775,0.1
99,truth_table_099,general,0.5,3,2.0,1.0,3,0.25,0.75,2,4,0.4166666666666667,0.25,3,3,2.25,0.176,0.1
100,truth_table_100,general,0.375,3,1.75,0.75,3,0.25,0.9375,3,4,0.25,0.25,2,3,2.125,0.15775,0.1
101,truth_table_101,general,0.5,3,2.0,1.0,3,0.25,0.75,2,4,0.4166666666666667,0.25,3,3,2.25,0.176,0.1
102,truth_table_102,affine,0.5,2,2.0,1.0,2,0.0,1.0,1,2,0.3333333333333333,0.25,2,2,2.0,0.18,0.1
103,truth_table_103,general,0.625,3,1.75,0.75,3,0.25,0.9375,3,6,0.4166666666666667,0.25,3,2,2.125,0.15775,0.1
104,truth_table_104,symmetric,0.375,3,2.25,0.75,3,0.25,0.4375,3,4,0.25,0.0,3,3,2.5,0.18974999999999997,0.1
105,truth_table_105,affine,0.5,3,3.0,1.0,3,0.0,0.0,1,4,0.5,0.0,3,3,3.0,0.24399999999999994,0.1
106,truth_table_106,general,0.5,3,2.0,1.0,3,0.25,0.75,2,2,0.25,0.125,3,3,2.25,0.176,0.1
107,truth_table_107,general,0.625,3,2.25,0.75,3,0.25,0.4375,3,6,0.4166666666666667,0.125,3,3,2.5,0.18974999999999997,0.1
108,truth_table_108,general,0.5,3,2.0,1.0,3,0.25,0.75,2,2,0.25,0.125,3,3,2.25,0.176,0.1
109,truth_table_109,general,0.625,3,2.25,0.75,3,0.25,0.4375,3,6,0.4166666666666667,0.125,3,3,2.5,0.18974999999999997,0.1
110,truth_table_110,general,0.625,3,1.75,0.75,3,0.25,0.9375,3,4,0.25,0.125,3,2,2.125,0.15775,0.1
111,truth_table_111,general,0.75,3,1.5,0.5,3,0.5,0.75,2,4,0.3333333333333333,0.125,3,2,1.75,0.13099999999999995,0.1
112,truth_table_112,general,0.375,3,1.25,0.75,3,0.75,0.9375,3,2,0.16666666666666666,0.25,2,2,1.5,0.11774999999999997,0.1
113,truth_table_113,general,0.5,3,1.5,0.5,3,0.75,0.75,2,6,0.3333333333333333,0.25,2,2,2.0,0.13599999999999995,0.1
114,truth_table_114,general,0.5,3,1.5,0.5,2,0.5,1.0,2,4,0.25,0.25,2,2,2.0,0.14,0.1
115,truth_table_115,general,0.625,3,1.25,0.75,3,0.75,0.9375,3,4,0.3333333333333333,0.25,2,2,1.5,0.11774999999999997,0.1
116,truth_table_116,general,0.5,3,1.5,0.5,2,0.5,1.0,2,4,0.25,0.25,2,2,2.0,0.14,0.1
117,truth_table_117,general,0.625,3,1.25,0.75,3,0.75,0.9375,3,4,0.3333333333333333,0.25,2,2,1.5,0.11775000000000002,0.1
118,truth_table_118,general,0.625,3,1.75,0.75,3,0.25,0.9375,3,6,0.3333333333333333,0.125,3,2,2.125,0.15775,0.1
119,truth_table_119,general,0.75,2,1.0,0.5,2,0.75,1.0,2,2,0.3333333333333333,0.125,2,1,1.25,0.09499999999999997,0.1
120,truth_table_120,general,0.5,3,2.0,1.0,3,0.25,0.75,2,2,0.25,0.125,3,3,2.25,0.176,0.1
121,truth_table_121,general,0.625,3,2.25,0.75,3,0.25,0.4375,3,6,0.4166666666666667,0.125,3,3,2.5,0.18974999999999997,0.1
122,truth_table_122,general,0.625,3,1.75,0.75,3,0.25,0.9375,3,4,0.25,0.125,3,2,2.125,0.15775,0.1
123,truth_table_123,general,0.75,3,1.5,0.5,3,0.5,0.75,2,4,0.3333333333333333,0.125,3,2,1.75,0.131,0.1
124,truth_table_124,general,0.625,3,1.75,0.75,3,0.25,0.9375,3,4,0.25,0.125,3,2,2.125,0.15775,0.1
125,truth_table_125,general,0.75,3,1.5,0.5,3,0.5,0.75,2,4,0.3333333333333333,0.125,3,2,1.75,0.131,0.1
126,truth_table_126,symmetric,0.75,3,1.5,0.5,2,0.25,1.0,2,6,0.25,0.0,3,2,2.25,0.135,0.1
127,truth_table_127,symmetric,0.875,3,0.75,0.25,3,0.75,0.9375,3,2,0.25,0.0,3,1,1.25,0.06774999999999998,0.1
128,and3,monotone_symmetric,0.125,3,0.75,0.25,3,0.75,0.9375,3,1,0.0,0.0,1,3,1.25,0.06774999999999998,0.1
129,truth_table_129,symmetric,0.25,3,1.5,0.5,2,0.25,1.0,2,7,0.25,0.0,2,3,2.25,0.135,0.1
130,truth_table_130,general,0.25,3,1.5,0.5,3,0.5,0.75,2,3,0.16666666666666666,0.125,2,3,1.75,0.131,0.1
131,truth_table_131,general,0.375,3,1.75,0.75,3,0.25,0.9375,3,5,0.3333333333333333,0.125,2,3,2.125,0.15775,0.1
132,truth_table_132,general,0.25,3,1.5,0.5,3,0.5,0.75,2,3,0.16666666666666666,0.125,2,3,1.75,0.131,0.1
133,truth_table_133,general,0.375,3,1.75,0.75,3,0.25,0.9375,3,5,0.3333333333333333,0.125,2,3,2.125,0.15775,0.1
134,truth_table_134,general,0.375,3,2.25,0.75,3,0.25,0.4375,3,5,0.3333333333333333,0.125,3,3,2.5,0.18974999999999997,0.1
135,truth_table_135,general,0.5,3,2.0,1.0,3,0.25,0.75,2,3,0.4166666666666667,0.125,3,3,2.25,0.176,0.1
136,truth_table_136,monotone,0.25,2,1.0,0.5,2,0.75,1.0,2,1,0.0,0.125,1,2,1.25,0.09499999999999997,0.1
137,truth_table_137,general,0.375,3,1.75,0.75,3,0.25,0.9375,3,7,0.25,0.125,2,3,2.125,0.15775,0.1
138,truth_table_138,general,0.375,3,1.25,0.75,3,0.75,0.9375,3,3,0.08333333333333333,0.25,2,2,1.5,0.11775000000000002,0.1
139,truth_table_139,general,0.5,3,1.5,0.5,2,0.5,1.0,2,5,0.25,0.25,2,2,2.0,0.14,0.1
140,truth_table_140,general,0.375,3,1.25,0.75,3,0.75,0.9375,3,3,0.08333333333333333,0.25,2,2,1.5,0.11774999999999997,0.1
141,truth_table_141,general,0.5,3,1.5,0.5,2,0.5,1.0,2,5,0.25,0.25,2,2,2.0,0.14,0.1
142,truth_table_142,general,0.5,3,1.5,0.5,3,0.75,0.75,2,5,0.16666666666666666,0.25,2,2,2.0,0.13599999999999995,0.1
143,truth_table_143,general,0.625,3,1.25,0.75,3,0.75,0.9375,3,3,0.25,0.25,2,2,1.5,0.11774999999999997,0.1
144,truth_table_144,general,0.25,3,1.5,0.5,3,0.5,0.75,2,3,0.16666666666666666,0.125,2,3,1.75,0.13099999999999995,0.1
145,truth_table_145,general,0.375,3,1.75,0.75,3,0.25,0.9375,3,5,0.3333333333333333,0.125,2,3,2.125,0.15775,0.1
146,truth_table_146,general,0.375,3,2.25,0.75,3,0.25,0.4375,3,5,0.3333333333333333,0.125,3,3,2.5,0.18974999999999997,0.1
147,truth_table_147,general,0.5,3,2.0,1.0,3,0.25,0.75,2,3,0.4166666666666667,0.125,3,3,2.25,0.176,0.1
148,truth_table_148,general,0.375,3,2.25,0.75,3,0.25,0.4375,3,5,0.3333333333333333,0.125,3,3,2.5,0.18974999999999997,0.1
149,truth_table_149,general,0.5,3,2.0,1.0,3,0.25,0.75,2,3,0.4166666666666667,0.125,3,3,2.25,0.176,0.1
150,parity3,affine,0.5,3,3.0,1.0,3,0.0,0.0,1,3,0.5,0.0,3,3,3.0,0.24399999999999994,0.1
151,truth_table_151,symmetric,0.625,3,2.25,0.75,3,0.25,0.4375,3,5,0.5,0.0,3,3,2.5,0.18974999999999997,0.1
152,truth_table_152,general,0.375,3,1.75,0.75,3,0.25,0.9375,3,5,0.16666666666666666,0.25,2,3,2.125,0.15775,0.1
153,truth_table_153,affine,0.5,2,2.0,1.0,2,0.0,1.0,1,3,0.3333333333333333,0.25,2,2,2.0,0.18,0.1
154,truth_table_154,general,0.5,3,2.0,1.0,3,0.25,0.75,2,3,0.25,0.25,3,3,2.25,0.176,0.1
155,truth_table_155,general,0.625,3,1.75,0.75,3,0.25,0.9375,3,5,0.3333333333333333,0.25,3,2,2.125,0.15775,0.1
156,truth_table_156,general,0.5,3,2.0,1.0,3,0.25,0.75,2,3,0.25,0.25,3,3,2.25,0.176,0.1
157,truth_table_157,general,0.625,3,1.75,0.75,3,0.25,0.9375,3,5,0.3333333333333333,0.25,3,2,2.125,0.15775,0.1
158,truth_table_158,general,0.625,3,2.25,0.75,3,0.25,0.4375,3,5,0.3333333333333333,0.125,3,3,2.5,0.18974999999999997,0.1
159,truth_table_159,general,0.75,3,1.5,0.5,3,0.5,0.75,2,3,0.3333333333333333,0.125,3,2,1.75,0.13099999999999995,0.1
160,truth_table_160,monotone,0.25,2,1.0,0.5,2,0.75,1.0,2,1,0.0,0.125,1,2,1.25,0.09499999999999997,0.1
161,truth_table_161,general,0.375,3,1.75,0.75,3,0.25,0.9375,3,7,0.25,0.125,2,3,2.125,0.15775,0.1
162,truth_table_162,general,0.375,3,1.25,0.75,3,0.75,0.9375,3,3,0.08333333333333333,0.25,2,2,1.5,0.11775000000000002,0.1
163,truth_table_163,general,0.5,3,1.5,0.5,2,0.5,1.0,2,5,0.25,0.25,2,2,2.0,0.14,0.1
164,truth_table_164,general,0.375,3,1.75,0.75,3,0.25,0.9375,3,5,0.16666666666666666,0.25,2,3,2.125,0.15775,0.1
165,truth_table_165,affine,0.5,2,2.0,1.0,2,0.0,1.0,1,3,0.3333333333333333,0.25,2,2,2.0,0.18,0.1
166,truth_table_166,general,0.5,3,2.0,1.0,3,0.25,0.75,2,3,0.25,0.25,3,3,2.25,0.176,0.1
167,truth_table_167,general,0.625,3,1.75,0.75,3,0.25,0.9375,3,5,0.3333333333333333,0.25,3,2,2.125,0.15775,0.1
168,truth_table_168,monotone,0.375,3,1.25,0.75,3,0.75,0.9375,3,3,0.0,0.125,2,2,1.5,0.11775000000000002,0.1
169,truth_table_169,general,0.5,3,2.0,1.0,3,0.25,0.75,2,5,0.25,0.125,3,3,2.25,0.176,0.1
170,literal_x0,literal,0.5,1,1.0,1.0,1,1.0,1.0,1,1,0.0,0.25,1,1,1.0,0.09999999999999998,0.1
171,truth_table_171,general,0.625,3,1.25,0.75,3,0.75,0.9375,3,7,0.16666666666666666,0.25,2,2,1.5,0.11775000000000002,0.1
172,truth_table_172,general,0.5,3,1.5,0.5,2,0.5,1.0,2,3,0.08333333333333333,0.25,2,2,2.0,0.14,0.1
173,truth_table_173,general,0.625,3,1.75,0.75,3,0.25,0.9375,3,5,0.25,0.25,3,2,2.125,0.15775,0.1
174,truth_table_174,general,0.625,3,1.25,0.75,3,0.75,0.9375,3,5,0.08333333333333333,0.25,2,2,1.5,0.11775000000000002,0.1
175,truth_table_175,general,0.75,2,1.0,0.5,2,0.75,1.0,2,3,0.16666666666666666,0.25,2,1,1.25,0.09499999999999997,0.1
176,truth_table_176,general,0.375,3,1.25,0.75,3,0.75,0.9375,3,3,0.08333333333333333,0.25,2,2,1.5,0.11774999999999997,0.1
177,truth_table_177,general,0.5,3,1.5,0.5,2,0.5,1.0,2,5,0.25,0.25,2,2,2.0,0.14,0.1
178,truth_table_178,general,0.5,3,1.5,0.5,3,0.75,0.75,2,5,0.16666666666666666,0.25,2,2,2.0,0.13599999999999995,0.1
179,truth_table_179,general,0.625,3,1.25,0.75,3,0.75,0.9375,3,3,0.25,0.25,2,2,1.5,0.11774999999999997,0.1
180,truth_table_180,general,0.5,3,2.0,1.0,3,0.25,0.75,2,3,0.25,0.25,3,3,2.25,0.176,0.1
181,truth_table_181,general,0.625,3,1.75,0.75,3,0.25,0.9375,3,5,0.3333333333333333,0.25,3,2,2.125,0.15775,0.1
182,truth_table_182,general,0.625,3,2.25,0.75,3,0.25,0.4375,3,5,0.3333333333333333,0.125,3,3,2.5,0.18974999999999997,0.1
183,truth_table_183,general,0.75,3,1.5,0.5,3,0.5,0.75,2,3,0.3333333333333333,0.125,3,2,1.75,0.131,0.1
184,truth_table_184,general,0.5,3,1.5,0.5,2,0.5,1.0,2,3,0.08333333333333333,0.25,2,2,2.0,0.14,0.1
185,truth_table_185,general,0.625,3,1.75,0.75,3,0.25,0.9375,3,5,0.25,0.25,3,2,2.125,0.15775,0.1
186,truth_table_186,general,0.625,3,1.25,0.75,3,0.75,0.9375,3,5,0.08333333333333333,0.25,2,2,1.5,0.11775000000000002,0.1
187,truth_table_187,general,0.75,2,1.0,0.5,2,0.75,1.0,2,3,0.16666666666666666,0.25,2,1,1.25,0.09499999999999997,0.1
188,truth_table_188,general,0.625,3,1.75,0.75,3,0.25,0.9375,3,3,0.16666666666666666,0.25,3,2,2.125,0.15775,0.1
189,truth_table_189,general,0.75,3,1.5,0.5,2,0.25,1.0,2,5,0.25,0.25,3,2,2.25,0.135,0.1
190,truth_table_190,general,0.75,3,1.5,0.5,3,0.5,0.75,2,5,0.16666666666666666,0.125,3,2,1.75,0.131,0.1
191,truth_table_191,general,0.875,3,0.75,0.25,3,0.75,0.9375,3,3,0.16666666666666666,0.125,3,1,1.25,0.06774999999999998,0.1
192,truth_table_192,monotone,0.25,2,1.0,0.5,2,0.75,1.0,2,1,0.0,0.125,1,2,1.25,0.09499999999999997,0.1
193,truth_table_193,general,0.375,3,1.75,0.75,3,0.25,0.9375,3,7,0.25,0.125,2,3,2.125,0.15775,0.1
194,truth_table_194,general,0.375,3,1.75,0.75,3,0.25,0.9375,3,5,0.16666666666666666,0.25,2,3,2.125,0.15775,0.1
195,truth_table_195,affine,0.5,2,2.0,1.0,2,0.0,1.0,1,3,0.3333333333333333,0.25,2,2,2.0,0.18,0.1
196,truth_table_196,general,0.375,3,1.25,0.75,3,0.75,0.9375,3,3,0.08333333333333333,0.25,2,2,1.5,0.11774999999999997,0.1
197,truth_table_197,general,0.5,3,1.5,0.5,2,0.5,1.0,2,5,0.25,0.25,2,2,2.0,0.14,0.1
198,truth_table_198,general,0.5,3,2.0,1.0,3,0.25,0.75,2,3,0.25,0.25,3,3,2.25,0.176,0.1
199,truth_table_199,general,0.625,3,1.75,0.75,3,0.25,0.9375,3,5,0.3333333333333333,0.25,3,2,2.125,0.15775,0.1
200,truth_table_200,monotone,0.375,3,1.25,0.75,3,0.75,0.9375,3,3,0.0,0.125,2,2,1.5,0.11774999999999997,0.1
201,truth_table_201,general,0.5,3,2.0,1.0,3,0.25,0.75,2,5,0.25,0.125,3,3,2.25,0.176,0.1
202,truth_table_202,general,0.5,3,1.5,0.5,2,0.5,1.0,2,3,0.08333333333333333,0.25,2,2,2.0,0.14,0.1
203,truth_table_203,general,0.625,3,1.75,0.75,3,0.25,0.9375,3,5,0.25,0.25,3,2,2.125,0.15775,0.1
204,truth_table_204,literal,0.5,1,1.0,1.0,1,1.0,1.0,1,1,0.0,0.25,1,1,1.0,0.09999999999999998,0.1
205,truth_table_205,general,0.625,3,1.25,0.75,3,0.75,0.9375,3,7,0.16666666666666666,0.25,2,2,1.5,0.11774999999999997,0.1
206,truth_table_206,general,0.625,3,1.25,0.75,3,0.75,0.9375,3,5,0.08333333333333333,0.25,2,2,1.5,0.11774999999999997,0.1
207,truth_table_207,general,0.75,2,1.0,0.5,2,0.75,1.0,2,3,0.16666666666666666,0.25,2,1,1.25,0.09499999999999997,0.1
208,truth_table_208,general,0.375,3,1.25,0.75,3,0.75,0.9375,3,3,0.08333333333333333,0.25,2,2,1.5,0.11774999999999997,0.1
209,truth_table_209,general,0.5,3,1.5,0.5,2,0.5,1.0,2,5,0.25,0.25,2,2,2.0,0.14,0.1
210,truth_table_210,general,0.5,3,2.0,1.0,3,0.25,0.75,2,3,0.25,0.25,3,3,2.25,0.176,0.1
211,truth_table_211,general,0.625,3,1.75,0.75,3,0.25,0.9375,3,5,0.3333333333333333,0.25,3,2,2.125,0.15775,0.1
212,truth_table_212,general,0.5,3,1.5,0.5,3,0.75,0.75,2,5,0.16666666666666666,0.25,2,2,2.0,0.13599999999999995,0.1
213,truth_table_213,general,0.625,3,1.25,0.75,3,0.75,0.9375,3,3,0.25,0.25,2,2,1.5,0.11775000000000002,0.1
214,truth_table_214,general,0.625,3,2.25,0.75,3,0.25,0.4375,3,5,0.3333333333333333,0.125,3,3,2.5,0.18974999999999997,0.1
215,truth_table_215,general,0.75,3,1.5,0.5,3,0.5,0.75,2,3,0.3333333333333333,0.125,3,2,1.75,0.131,0.1
216,mux3,general,0.5,3,1.5,0.5,2,0.5,1.0,2,3,0.08333333333333333,0.25,2,2,2.0,0.14,0.1
217,truth_table_217,general,0.625,3,1.75,0.75,3,0.25,0.9375,3,5,0.25,0.25,3,2,2.125,0.15775,0.1
218,truth_table_218,general,0.625,3,1.75,0.75,3,0.25,0.9375,3,3,0.16666666666666666,0.25,3,2,2.125,0.15775,0.1
219,truth_table_219,general,0.75,3,1.5,0.5,2,0.25,1.0,2,5,0.25,0.25,3,2,2.25,0.135,0.1
220,truth_table_220,general,0.625,3,1.25,0.75,3,0.75,0.9375,3,5,0.08333333333333333,0.25,2,2,1.5,0.11774999999999997,0.1
221,truth_table_221,general,0.75,2,1.0,0.5,2,0.75,1.0,2,3,0.16666666666666666,0.25,2,1,1.25,0.09499999999999997,0.1
222,truth_table_222,general,0.75,3,1.5,0.5,3,0.5,0.75,2,5,0.16666666666666666,0.125,3,2,1.75,0.131,0.1
223,truth_table_223,general,0.875,3,0.75,0.25,3,0.75,0.9375,3,3,0.16666666666666666,0.125,3,1,1.25,0.06774999999999998,0.1
224,truth_table_224,monotone,0.375,3,1.25,0.75,3,0.75,0.9375,3,3,0.0,0.125,2,2,1.5,0.11774999999999997,0.1
225,truth_table_225,general,0.5,3,2.0,1.0,3,0.25,0.75,2,5,0.25,0.125,3,3,2.25,0.176,0.1
226,truth_table_226,general,0.5,3,1.5,0.5,2,0.5,1.0,2,3,0.08333333333333333,0.25,2,2,2.0,0.14,0.1
227,truth_table_227,general,0.625,3,1.75,0.75,3,0.25,0.9375,3,5,0.25,0.25,3,2,2.125,0.15775,0.1
228,truth_table_228,general,0.5,3,1.5,0.5,2,0.5,1.0,2,3,0.08333333333333333,0.25,2,2,2.0,0.14,0.1
229,truth_table_229,general,0.625,3,1.75,0.75,3,0.25,0.9375,3,5,0.25,0.25,3,2,2.125,0.15775,0.1
230,truth_table_230,general,0.625,3,1.75,0.75,3,0.25,0.9375,3,3,0.16666666666666666,0.25,3,2,2.125,0.15775,0.1
231,truth_table_231,general,0.75,3,1.5,0.5,2,0.25,1.0,2,5,0.25,0.25,3,2,2.25,0.135,0.1
232,majority3,monotone_symmetric,0.5,3,1.5,0.5,3,0.75,0.75,2,3,0.0,0.0,2,2,2.0,0.13599999999999995,0.1
233,truth_table_233,symmetric,0.625,3,2.25,0.75,3,0.25,0.4375,3,5,0.25,0.0,3,3,2.5,0.18974999999999997,0.1
234,truth_table_234,monotone,0.625,3,1.25,0.75,3,0.75,0.9375,3,3,0.0,0.125,2,2,1.5,0.11775000000000002,0.1
235,truth_table_235,general,0.75,3,1.5,0.5,3,0.5,0.75,2,5,0.16666666666666666,0.125,3,2,1.75,0.131,0.1
236,truth_table_236,monotone,0.625,3,1.25,0.75,3,0.75,0.9375,3,3,0.0,0.125,2,2,1.5,0.11774999999999997,0.1
237,truth_table_237,general,0.75,3,1.5,0.5,3,0.5,0.75,2,5,0.16666666666666666,0.125,3,2,1.75,0.131,0.1
238,truth_table_238,monotone,0.75,2,1.0,0.5,2,0.75,1.0,2,3,0.0,0.125,2,1,1.25,0.09499999999999997,0.1
239,truth_table_239,general,0.875,3,0.75,0.25,3,0.75,0.9375,3,5,0.08333333333333333,0.125,3,1,1.25,0.06774999999999998,0.1
240,truth_table_240,literal,0.5,1,1.0,1.0,1,1.0,1.0,1,1,0.0,0.25,1,1,1.0,0.09999999999999998,0.1
241,truth_table_241,general,0.625,3,1.25,0.75,3,0.75,0.9375,3,7,0.16666666666666666,0.25,2,2,1.5,0.11774999999999997,0.1
242,truth_table_242,general,0.625,3,1.25,0.75,3,0.75,0.9375,3,5,0.08333333333333333,0.25,2,2,1.5,0.11774999999999997,0.1
243,truth_table_243,general,0.75,2,1.0,0.5,2,0.75,1.0,2,3,0.16666666666666666,0.25,2,1,1.25,0.09499999999999997,0.1
244,truth_table_244,general,0.625,3,1.25,0.75,3,0.75,0.9375,3,5,0.08333333333333333,0.25,2,2,1.5,0.11774999999999997,0.1
245,truth_table_245,general,0.75,2,1.0,0.5,2,0.75,1.0,2,3,0.16666666666666666,0.25,2,1,1.25,0.09499999999999997,0.1
246,truth_table_246,general,0.75,3,1.5,0.5,3,0.5,0.75,2,5,0.16666666666666666,0.125,3,2,1.75,0.13099999999999995,0.1
247,truth_table_247,general,0.875,3,0.75,0.25,3,0.75,0.9375,3,3,0.16666666666666666,0.125,3,1,1.25,0.06774999999999998,0.1
248,truth_table_248,monotone,0.625,3,1.25,0.75,3,0.75,0.9375,3,3,0.0,0.125,2,2,1.5,0.11774999999999997,0.1
249,truth_table_249,general,0.75,3,1.5,0.5,3,0.5,0.75,2,5,0.16666666666666666,0.125,3,2,1.75,0.13099999999999995,0.1
250,truth_table_250,monotone,0.75,2,1.0,0.5,2,0.75,1.0,2,3,0.0,0.125,2,1,1.25,0.09499999999999997,0.1
251,truth_table_251,general,0.875,3,0.75,0.25,3,0.75,0.9375,3,5,0.08333333333333333,0.125,3,1,1.25,0.06774999999999998,0.1
252,truth_table_252,monotone,0.75,2,1.0,0.5,2,0.75,1.0,2,3,0.0,0.125,2,1,1.25,0.09499999999999997,0.1
253,truth_table_253,general,0.875,3,0.75,0.25,3,0.75,0.9375,3,5,0.08333333333333333,0.125,3,1,1.25,0.06774999999999998,0.1
254,or3,monotone_symmetric,0.875,3,0.75,0.25,3,0.75,0.9375,3,7,0.0,0.0,3,1,1.25,0.06774999999999998,0.1
255,truth_table_255,constant,1.0,0,0.0,0.0,0,1.0,1.0,0,1,0.0,0.0,0,0,0.0,0.0,0.1
