Claim_ID,Evidence_ID,Evidence_Type,Required_Evidence,Planned_Artifact,Status,Source_or_Protocol,Decision_Gate
C1,EXP-C1-M04A,experiment,"Pre-registered global masked-grid source freeze with exact data; model; sampler; trace and cost closure before oracle evaluation",results/m04a_global_source_v1,planned,"notes/design/m04a-global-masked-grid-contract.md; sanitized ARC-AGI-2/ReARC train and clean-validation shards; fixed full-20 blind pool","Report source-only; DSL-only; union and marginal exact coverage even if marginal gain is zero; no local-repair; routing; holdout or public-evaluation claim"
C1,LIT-C1-REFINE,verified_citation,"Prior evidence that per-task generate-execute-verify-refine loops are effective and central in ARC","notes/literature/literature-map.md",verified,"https://arxiv.org/abs/2601.10904","Supports motivation only; does not verify C1"
C1,LIT-C1-HET,verified_citation,"Prior evidence for heterogeneous candidate generation and holistic selection under a distinct semi-private protocol","notes/literature/literature-map.md",verified,"https://arxiv.org/abs/2606.31543","Supports heterogeneous search; protocol must not be conflated with Kaggle"
C1,EXP-C1-E01A-SHAPE,diagnostic,"Source-bound failure-driven symbolic coverage control before controller training","results/e01a_shape_v1",verified,"Blind axis-integer shape proposals plus typed scale/tile; fixed 20-task ARC-AGI-2 public-training development smoke; full parent replay","Improves post-hoc development coverage from 2/20 to 4/20 but leaves 16 empty pools; does not verify adaptive switching or holdout generalization"
C1,EXP-C1-E01A-PANEL,diagnostic,"Source-bound failure-driven panel parsing and ordered-overlay control before controller training","results/e01a_panel_v1",verified,"Independent full-span separator/panel sidecar plus typed ordered transparent overlay; identical fixed 20-task ARC-AGI-2 public-training development smoke; full parent replay","Improves post-hoc development coverage from 4/20 to 5/20 and represents the ragged lattice in 92e50de0 without solving it; does not verify adaptive switching or holdout generalization"
C1,EXP-C1-E01A-PANEL-D4,diagnostic,"Source-bound failure-driven indexed panel-sequence D4 control before controller training","results/e01a_panel_d4_v1",verified,"Typed relative-index D4 group action over unchanged single-axis M02b panel views; identical fixed 20-task ARC-AGI-2 public-training development smoke; proposal/cost/cap ledger and full parent replay","Improves post-hoc development coverage from 5/20 to 6/20 by solving 8e5a5113 while preserving the prior five tasks; 92e50de0 remains outside scope; does not verify adaptive switching, heterogeneous sources, or holdout generalization"
C1,EXP-C1-E01A-PANEL-PERIODIC,diagnostic,"Failure-driven two-axis periodic panel broadcast control before controller training","results/e01a_panel_periodic_v1",verified,"Typed relative-period lattice broadcast with bottom/right suffix clipping over unchanged M02b views; identical fixed 20-task ARC-AGI-2 public-training development smoke; structural/proposal/cost/cap ledger and full parent replay","Improves post-hoc development coverage from 6/20 to 7/20 by solving 92e50de0 while preserving the prior six tasks; same caps use 48,177 expansions and 218,637 executions; does not verify adaptive switching, heterogeneous sources, arbitrary stamping, or holdout generalization"
C1,EXP-C1-E01A-BBOX-CONTACT,diagnostic,"Failure-driven M02c axis-ray relation and M05f contact-render control before controller training","results/e01a_bbox_contact_v1",verified,"Pre-registered replayed relation sidecar plus paint_bbox_contacts(background); identical fixed 20-task ARC-AGI-2 public-training development smoke; full parent and cost-ledger replay","Improves post-hoc development coverage from 7/20 to 8/20 by solving only 1f642eb9 while preserving the prior seven tasks at unchanged 48,177 expansions and 218,637 program executions; does not verify adaptive switching, nearest-anchor motion, heterogeneous sources, or holdout generalization"
C1,EXP-C1-MAIN,experiment,"Pre-registered online matched-budget comparison on a 150-task ARC-AGI-2 public-training holdout","results/c1_matched_budget_main.csv",planned,"XGBoost next-action controller versus validation-tuned static weighted schedule; 180 seconds/task; fixed hardware; generators; action space and seeds","C1 survives only if official two-attempt pair-fraction delta is at least 0.02 and paired task-bootstrap 95% CI lower bound exceeds zero"
C1,EXP-C1-BUDGET,experiment,"Accuracy-cost curves across at least four per-task budgets","results/c1_budget_frontier.csv",planned,"Identical task order and stopping rules for all controllers","Report Pareto frontier rather than a single favorable budget"
C1,EXP-C1-SOURCE,ablation,"Source-drop and controller-drop ablations","results/c1_source_controller_ablation.csv",planned,"Remove one generator or replace adaptive allocation with static round robin","Gain must require the proposed coupling rather than candidate count alone"
C2,LIT-C2-ARCH,verified_citation,"Masked diffusion with recursive self-refinement and reported weakness of one-shot inference","notes/literature/literature-map.md",verified,"https://lambdalabsml.github.io/ARC2025_Solution_by_the_ARChitects/","Supports grid refinement premise only"
C2,EXP-C2-GRID,experiment,"Deployable residual-directed re-masking versus full-mask cold restart at matched denoising calls","results/c2_grid_repair.csv",planned,"Policy sees R_demo and R_query_internal only; oracle query error may stratify results after inference and provides an oracle-mask ceiling","Repair must improve exact recovery per model call and not just pixel similarity"
C2,EXP-C2-PROG,experiment,"Typed program mutation or trace inpainting versus resynthesis from scratch","results/c2_program_trace_repair.csv",planned,"Use identical seed candidates and execution budgets","C2 requires complementary gains in at least one non-grid repair space"
C2,EXP-C2-DUP,diagnostic,"Candidate novelty and duplicate-rate accounting after repair","results/c2_repair_diversity.csv",planned,"Canonicalize grids and executable programs before counting","Reject gains caused only by repeated equivalent samples"
C3,LIT-C3-EG,verified_citation,"Execution-conditioned synthesis improves controlled compositional OOD performance","notes/literature/literature-map.md",verified,"https://arxiv.org/html/2507.15877v2","Supports state-conditioned control; real ARC coverage remains limited"
C3,EXP-C3-MASK,experiment,"Dynamic mask versus fixed mask versus no mask under equal scoring and expansion budgets","results/c3_transition_mask.csv",planned,"Measure true-path recall; oracle-output recall; expanded nodes; timeout; pass@2","Hard-mask false-negative rate must meet a predeclared recall floor"
C3,EXP-C3-ESCAPE,ablation,"Low-probability escape edges and unknown/inconsistent predicate handling","results/c3_escape_four_valued_ablation.csv",planned,"Compare binary predicates with four-valued predicates and an escape budget","Cost reduction cannot depend on irrecoverable pruning"
C4,LIT-C4-ROUTE,verified_citation,"Evidence that routing quality can bottleneck compositional OOD generalization","notes/literature/literature-map.md",verified,"https://openreview.net/forum?id=3UrIn433-Ez","Supports studying routing; does not establish ARC gains"
C4,EXP-C4-RANK,experiment,"Frozen-candidate ranker comparison using identical features and train splits","results/c4_ranker_frozen_pool.csv",planned,"Hand MDL; source confidence; logistic; XGBoost; MLP; DLGN; task-grouped cross-validation","C4 requires improved recall@k and final pass@2 without task-ID leakage"
C4,EXP-C4-ANTI,experiment,"Anti-overfit tests based on color permutation; geometric augmentation; coordinate dependence; program complexity","results/c4_anti_overfit.csv",planned,"Fit demonstrations; evaluate on generator-known held-out queries and real sealed split","Report calibration and false rejection of correct candidates"
C5,LIT-C5-DLGN,verified_citation,"DLGN offers very fast discrete inference","notes/literature/literature-map.md",verified,"https://arxiv.org/abs/2210.08277","Supports efficiency hypothesis only"
C5,LIT-C5-LIGHT,verified_citation,"Known DLGN scaling issues include vanishing gradients; discretization error; and training cost","notes/literature/literature-map.md",verified,"https://arxiv.org/abs/2510.03250","Requires soft-versus-hard policy audit"
C5,USR-C5-SYNTH,user_report,"Reported synthetic comparison of DLGN; MLP; tree; heuristic; and memory baselines","results/recovered_prior_experiment/",unverified_user_report,"Initiating attachment 1; linked sandbox artifacts unavailable","Cannot support any claim until code; configs; raw per-seed results; and task generator are recovered"
C5,EXP-C5-PARETO,experiment,"Same-feature same-candidate policy comparison including measured inference cost","results/c5_controller_pareto.csv",planned,"Measure recall; pass@2; latency; model size; logical operations; CPU energy proxy where available","C5 survives only if DLGN is non-dominated on at least one practically relevant frontier"
